id,created_utc,year,subreddit,sentiment,selftext
enck0v,1578773643,2020,antiwork,dissatisfaction,"Not sure if this is the appropriate forum to put this.

I live in the UK and have struggled to get a job that isn't minimum wage. There simply aren't many opportunities. The top companies make you go through graduate schemes which are too competitive, so I gave up on those. Job websites are really bad and all they offer me are sales and recruitment jobs. Last week, a sales company offered me a role where I would stand on the high street and ""engage"" with passers by - basically cold calling but not over the phone. Applying directly to companies hasn't yielded much success either, as I never hear back.

I have gone through years of this nonsense and my self-believe and confidence is shot. I am 32 this year and I am seriously panicking that I will not be able to get a good job in order to support myself. I still live at home.

My education has mostly gone to waste. I studied physics and scored highly enough for another university to offer me an MSc with a full stipend and bursary. I studied nuclear physics, nuclear engineering, decommissioning, safety case law, environmental policy, nuclear waste management etc etc. I finished it last year and still no employers care. They all want experienced workers who already know what to do.

I hate working mimimum wagers because we all get treated like children or get threatened if we don't work fast enough. It has happened at every job I've done. I am starting to get really depressed that I am getting older now and still in this situation.

I have developed a really bad relationship with work because of all of this."
ezzu1j,1581025981,2020,antiwork,dissatisfaction,"So I will be soon starting my first job at a large clothing store here in the UK part time as a store assistant. I have never done any work experience before either so this all is very new to me and I am pretty scared to start. I don't want to be overworked, expolited and taken advantage off  at work so I wanted to know what types of things may my boss or even other employees may ask to do but I am not obligated to do so."
f7co7l,1582298917,2020,antiwork,dissatisfaction,"I've been off sick for the past month and a half, and was planning to quit. 

I went in to discuss returning to work at half the hours to try and take some of the stress off. When I went in, my boss told me that he had logged on to my PC, went to Facebook which was still logged in and looked at my messages. He screencapped messages that were about the company, him, my opinions of my co-workers and manager. He also screencapped messages joking about quitting to sell weed. (I'm not going to, it was a joke) He showed my coworker and manager all of the messages.


I was going to quit anyway because I'm at the stage in life where I need to not work for a while. Had a traumatic year. But this absolutely floored me. It's a breach of privacy for sure, and probably illegal (I'm in the UK if anyone knows about that sort of thing) but I don't know what he has from my messages and whether that can be used against me.


He gathered these messages as insurance, because his company defrauds a major insurance company (and a major tech company) and I was talking to my friends about how I was considering calling the insurers and telling them to gain whistleblower status if needed. 


He said that he could go through disciplinary action which would take a while or I could hand in my immediate resignation in exchange for a good reference in future. I handed my resignation in because I'm done with wage slavery. 


Moral of the story, never, EVER, log in to social media at work."
fgf8wz,1583852909,2020,antiwork,dissatisfaction,"After having been put through the mill by three previous employers and had to leave either by choice or by force because they either carried out immoral/illegal practices or allowed a toxic work environments to manifest, I have for the last 10 months relegated myself to caring for my immediate next-of-kin who both struggle with different disabilities while claiming the relevant welfare with respect to my caring commitments to cover my living expenses, and I kinda like it better this way - it's not without its drawbacks, but at least I'm not dealing with corporate bullshit on a daily basis.

I eventually found myself gravitating to towards this sub because its ideals and what it stood for appeal strongly to me after being on the receiving end of various forms of corporate malice during my time in the workplace - including, but not limited to; being a victim of corporate surveillance prior to EU privacy laws (I'm in the UK for context), personal attacks, psychological abuse, being overworked, being underpaid, being undervalued, being undermined, and being underappreciated.

On Monday morning, I had to go out of the house as I had some personal matters to attend to. As this was during 'rush hour', I could not help but sneer at all the worker ants/cockroaches/rats ensnared in this trap are in hurry to get to their to 9-5s, which most of them probably hate. All of these people who are so inured to the system need to have the wool pulled from over their eyes, but this is not going to be easy with the multiple levels of indoctrination that are in place to keep them in line, in check, and in compliance unquestioningly - including, but not limited to, to exposure to mass media and propaganda.

With regards to the ongoing Coronavirus outbreak, I'm hoping that it will be enough to cause substantial damage to the capitalist system (we've already seen stocks take a nosedive) and help shatter the illusion and idealism that society under a capitalism system is perfect and not without faults, along with all of the other lies we've been told (a rising tide lifts all boats, *trick*le-down economics, etc). Coronavirus also has the potential to be a double-edged sword for humanity itself - the downside is that people are going to die (the pro-capitalist boomers being the largest at-risk demographic), and no one with a sane mind is denying this inevitability. The upside is that humanity has the potential to come out the other side far stronger and better than before. Lastly, humanity is long overdue an outbreak to thin the herd.

From my perspective at least, the line between 80s soviet communism and capitalism is slowly beginning to blur. They exhibit disturbingly similar characteristics, with greedy elites at the top dictating the well-being and the lives of those less fortunate. HBO's Chernobyl goes in to detail regarding this, so one could argue that they are both as bad as each other - and either the way the game is rigged. Two sides of the same coin, with humanity's freedom or servitude hinging on either side of the coin, if you will.

I don't understand why modern day society is so frightened of the word *socialism*. Both the words society and socialism share the same etymology or root word (*For Andrew Vincent, ""\[t\]he word 'socialism' finds its root in the Latin sociare, which means to combine or to share. The related, more technical term in Roman and then medieval law was societas. This latter word could mean companionship and fellowship as well as the more legalistic idea of a consensual contract between freemen"".* \~ Wikipedia) How has this honestly not occurred to people sooner? My guess would be that it's owing to decades of indoctrination in the education system, and then being further dumbed down by mass media specifically catered to appeal to the lowest common denominator (looking directly at you with a death glare, Murdoch)."
hofa20,1594342419,2020,antiwork,dissatisfaction,"Just a warning, this is really long. The jist of it is, is basically in the UK kids who are from deprived areas who have lazy or neglectful parents are shamed and forced into work at a young age and there’s a ton of businesses willing to take advantage of that due to the age wage gap and get around the law by not having a clock in system and paying kids cash in hand and not having them on their books, thus forcing and manipulating them into working really horrendous hours while still in school. 

My working life started from 11 years old where my dad pressured me to get a cash in hand job delivering magazines. It was door to door and similar to a paper route but I done 3 rounds and had to deliver 6 stacks of magazines, each stack being 250 magazines and all I had was a flimsy bag to carry them, and the weather is freezing and wet here. This was all because I wanted snacks and toys (I was still playing with toys) and my dad didn’t want to pay for them. He told me I had to do it because my sister done it and “she was fine”. My sister was a high school athlete playing rugby and volleyball and was 5 years older than me, she could lift the heavy bag, I couldn’t. 

When I turned 13 I worked in a cafe and I enjoyed the work for the most part and miss making coffee however, my manager done some really iffy stuff like training a 13 year old on a coffee machine when you have to be a minimum of 16 or paying me £2.30 an hour. Working after school and one weekend day, believe it or not my work schedule got worse than that. After 3 years I was fired for no reason and without being told, 2 weeks later I actually went in and asked about my shifts and they just said ‘oh the PA fired you’ and that was that. When I worked there I got one 15 minute break for a 9-10 hour shift (also illegal, both how much I was working and my break time). They didn’t have a clock in system so I couldn’t prove it, but my break was supposed to be 45 minutes and my manager shamed me into taking a smaller break because another girl took a small break. 

When I turned 16 I worked in McDonald’s I considered harming myself every single day, I was miserable. I was pressured to work there because my other 3 siblings had worked there and my sister invalidated my feelings and opinions and enabled by dad’s behaviour by saying ‘well we all got treated that way, you’re not special’. The reason why I was complaining is because my dad was taking £220 month off of me to pay him rent since I was 15 AND making me pay for basic necessities like sanitary towels and safety razors. The was increased to £380 per month when I turned 16 because I was an ‘adult’, but I was a stupid child when it was convenient for everyone. My managers would scream at me and force me into situations that I was highly distressed by. I have a really bad audio processing problem due to autism although because I’m a girl I was of course undiagnosed and I am 20 and still not formally diagnosed. I was constantly forced on headsets even when I’d break down in tears and beg to do drinks or lobby instead. I hated the headsets because I couldn’t understand what the customers were saying. They would scream at me causing the shift manager to scream in my face and if I cried they would just scream even louder. Ah yes, just like home. Every school day I’d get in at 6am to do supported study for art (so I’d actually pass), leave at 4pm and work until 12pm, which was unannounced and forced overtime that I wasn’t paid extra for, I was supposed to stay in until 10pm but I was always pressured to stay and was made to feel guilty when my shift was over. I’d throw up on my breaks from the stress and then do my homework, I didn’t even relax on my break. My colleagues bullied me and stole from me. 

I stayed there for 2 miserable years until I finally handed in my notice. What drove me to do so was when I collapsed from a severe migraine on my bathroom floor at 4 in the morning. I usually get stress induced migraines but this was the worst one I had ever had. I went to A&amp;E and I had crazy high blood pressure, nothing bad came up on my MRI scan but my doctor said that I had to be less stressed and wanted to prescribe me diazepam, he was pretty surprised when he found out I already took quite a high dose of diazepam. In fact at that point when I was 18 (and doctors actually started listening to me) I took 4 different medications for anxiety, ptsd and depression which were diazepam (Valium) and Alprazolam (Xanax) as well as Sertraline (Zoloft) and Amitriptyline (Elavil) to treat migraines. 

I have an intense fear of people that was fuelled by working in my younger years and being around so many aggressive and toxic people. My fear of going out if the house is considered a disability by doctors but the UK government doesn’t feel that way hence whenever I know I’m going to hit a dry spell of student loan money I try desperately to get freelance work because even after all that shit and experience I would be paid not even close to a living wage because I’m 20. Literally. Let me remind you that this horrible feeling crazy work hours started from when I was only 13 and just got worse. No kid should have to deal with that but so many did who didn’t have parents willing to pay for /basic needs/ for them. You were lazy if you were over 14 and didn’t either have a cash in hand job or a part time job. 

So now when I think about getting another job that isn’t something to do with my degree, animation, I feel physically sick all over again. I just can’t do it, I can’t go back to living my life like that. I still have nightmares about it to this day. This is so commonplace where I live where kids with middle class parents got bought cars and didn’t work a day in their life and working class kids were forced to get jobs lest they be lazy, the class division is so blatant and leads to overall bad health. I have chronic pain that started when I was 14-15 and has gotten progressively worse, standing up too long is agony and the doctors don’t know what it is, some think it’s fibromyalgia which you are stuck with for life (and also another illness that people don’t take seriously), I’d be money that I don’t have that I am in pain constantly and my hands are fucked up because I had to work since I was a literal child. No child or young person should ever have to work a job while in full time education, especially if they are neurodivergent. I’m just glad that I have some socialist and liberal friends who wholeheartedly agree with me and support my anti work stance and my desire for UBI instead of just telling me that I’m just making excuses to not do work and be lazy which is literally what a girl in my art class told me when I was 16 because I wasn’t getting folio work done on time because I was so exhausted. This girl and her twin sister have a record deal in NYC, got tons of free shit and their mum bought them a car. It always these privileged, neurotypical individuals that are the biggest bootlickers honestly and claiming that they have worked for everything they have gotten. And if you got this far thanks for reading my story, this is the reason I appreciate subreddits like this. This sub makes me feel far less guilty and alone and validates me."
icmf8h,1597839016,2020,antiwork,dissatisfaction,"This is a delayed post. I quit my job the last week of June. I just couldn't do it anymore: going to work 5 days a week, doing the same thing with the same people over and over.

I am not anti-work in the truest sense. I enjoy being productive. I even enjoy being productive for other people. But I do loathe being productive for other people on their terms. 

Am I willing to carry my weight? 
Sure am.
Do I mind pitching in for the greater good? 
Not at all....

Please make sure kids have lunch money. Please make sure the high school drop-out has adequate healthcare. Give the prisoner therapy and education. 

No longer can I continue shoveling wheel barrels full of what should be other people's well-being and prosperity up the ladder to people who only want there to be poverty, racism, xenopohia, etc for them to take advantage of. 

All that well being and prosperity belongs to the aforementioned kids, it belongs to the kids who dropped out after being reared by poverty and oppression in a dangerous neighborhood and it belongs to the prisoner who after high school was forced to look out at a world of abundance and see no opportunities for themselves. 

Frankly I hope for riots worldwide. I hope Hong Kong liberates itself. I hope the UK teaches the royal family what work boots are. I pray for the Amazon and the people who's cultures and families have been all but wiped out since colonization. And here at home, I long for the day when I can piss on the ashes of the two-party system and their corruption."
jn84mc,1604400006,2020,antiwork,dissatisfaction,"I normally wouldn't recommend playing armchair psychologist, but my boss ticks every box when it comes to a narcissistic personality disorder. I know a lot do, and it's why they're ruthless business people. He cannot empathise with others, and his world revolves around him and money - nothing else. Nothing is ever his fault, and he's manipulative. He's just an awful man and a terrible boss. 

Like so many others, the way my boss has handled COVID has been disgusting, and I'm ready to leave. I'm in the UK and come Thursday, we are back under a national lockdown that is expected to end early December. Government guidelines clearly state that those who can work from home should, and only businesses that cannot close should remain open. Can my advertising agency close? Of course, it can. We can all log into our emails and work from home. At the very least, the staff can be cut back with only the creative departments entering the building to use their computers with specific software. Still, it is possible for everyone to work from home. The government has told us this is what should happen.

Does my boss care? No. He doesn't like being at home (his family hate him which is not surprising), and he is pathetically dependant on his PA who is vulnerable due to her heart condition, but he doesn't give a toss. Earlier in the year, I was lucky that I was allowed to work from home, and was then furloughed (a UK government scheme) but my employer abused government schemes, and he brought in staff to work in the office full-time while paying them less which wasn't allowed. Now, he's going to do it again. I'm looking into ways to report him anonymously because I'm so disgusted, although I'm hoping he'll be caught by local authorities. He'll be in legal trouble if he is but I couldn't care less as he has zero respect and consideration for his staff.

Next year, when things are less crazy, I hope I can afford to quit my job and either go elsewhere or take a different direction completely. I've been meaning to save up and travel (and look into how I can travel as ethically as possible). My boss is a disgusting, selfish person. If I could afford it now, I'd quit immediately and leave my employer in the lurch. I'd feel sorry for my colleagues but to hell with it, it wouldn't be my issue. So, hopefully, in 2021, things can change. Anyone else have any plans? Have you or you also planning to seriously quit your job?

Sorry for the rant. I just needed to get this off my chest somehow. One face is that we don't owe terrible bosses anything. Take from them what you need and what you can get then go. Our life doesn't end once we quit our jobs."
k48ws3,1606781157,2020,antiwork,dissatisfaction,"Full disclosure, I did post this question also over on: [https://www.reddit.com/r/AskMenOver30/comments/k450xq/anybody\_moved\_from\_software\_devdata\_science\_to/](https://www.reddit.com/r/AskMenOver30/comments/k450xq/anybody_moved_from_software_devdata_science_to/). I believe it's consistent with the rules of r/antiwork to post it here also. I wanted to get the opinions of people here.

Currently employed as a data scientist (DS) in the UK, but really starting to burn out. I've always been a life long learner, but the rate at which the field is changing is quite inhuman.

It's hard to explain if you're not in the field. Still, basically the completion is enormous (read global competition) and the field is quite saturated, and I've noticed (anecdotally) that employer demands are increasing and wages are stagnating. People are even starting to point this out: [https://towardsdatascience.com/ridiculous-requirements-from-data-scientist-job-ads-d84fa716af73](https://towardsdatascience.com/ridiculous-requirements-from-data-scientist-job-ads-d84fa716af73). To do well in your career, you really need to be in London (or another expensive tech hub); I know one can now work remotely, but it is really not as fun as its sounds, and companies offering remote working opens themselves up to more candidates and more competition for you. Frankly, I don't think it will be long until data scientists are ten a penny. I don't really think I want to keep having to stay up to date. I feel like the returns are ever diminishing. I certainly can't see my self doing this in 5 years.

I keep thinking about getting into the trades. My reasoning is as follows:

&amp;#x200B;

* I know that things change in the trades (electricians have to keep up with new legislation, for example), but not at the rate they do in DS. I don't think you can truly feel like a master in data science or software development. A software dev's skillset can quickly become obsolete; you're basically continuously competing with fresh blood because the tool stack has shifted and your experience with an outdated technology counts for nothing. An electrician, on the other hand, has skills for life. Not only is one constantly having to learn, but one also has to constantly ensure that they are not working themselves into a corner, i.,e. you constantly have to hedge your bets with the topics you choose to focus on.
* Many of the trades have a barrier to entry: You need to be licenced. Whereas anybody can call themselves a data scientist (or even a software developer (SD)); you can't call yourself an electrician/gas engineer.
* DS/SD can easily be outsourced. It's harder to outsource the trades.
* DS/SD is increasingly becoming automated. Again you have to keep up with the latest tools, all the while adapting to aspects of your job being automated. In fact it's kind of your job to automate stuff and eventually put yourself and other out of work. I don't see electricians etc. becoming automated any time soon.
* DS/SD (if not working remotely) need to live in expensive tech hubs (London, Oxford, Cambridge). Those with a skilled trade are in need everywhere.
* Many DS/SD employers expect you to have ""passion"". This is especially true on the DS side. I don't see this kind of cult culture in the trades; people seem so much more down to earth in the trades. But maybe I just haven't looked hard enough. As tech workers, we seem to have to wear this mask and be super excited about synergies and growth hacking. Nobody expects a plumber do plumbing as a hobby. In the DS world, there is a culture that expects you to live and breath data science and technology.
* The DS hype train. There is so much hype out there that setting realistic goals puts you in the dog house. I've lost count of the number of times a non-technical manager has told me to do something; I explain that it's not actually possible (I'm an expert in my field), and I've been told just to get it done. It turns out they skimmed a medium article, got the wrong idea, and made promises to important people without first consulting anybody who knows whats they are doing. Instead of owning up to their mistake, they double down, declare it doable and try to make out that you aren't good enough at your job.
* I feel like DS/SD careers are a race to the bottom: DS and SD literally give code away for free: [https://github.com/](https://github.com/), and companies in need of data science solutions offer prize money, instead of hiring a team to complete the work: [https://www.kaggle.com/](https://www.kaggle.com/). These companies get thousands of solutions for putting 10K prize money down. Again I don't see this occurring in the trades: nobody expects to be able to put 1K down for a new bathroom; have 200 plumbers all submit their bathroom; pay only the winning plumber; and keep the other 199 bathrooms.
* Relates to the previous point: You can strike out on your own. As a plumber you can start your own business. Not easy, but doable. As a data scientist, it's more difficult when everybody gives their code way for free on Github.
* In the trades you can work on the side. In the IT world, most contracts forbid moonlighting, and you sign over all your IP/copyright rights to the employer. They basically own you.

All in all, I don't think a DS/SD career is all it's cracked up to be. I know the trades have their own sets of issues, your body goes etc., it's long hard work, but I feel like it doesn't suffer from the above issues.

So with this in mind, has anyone changed fields? Is the grass really greener? Or am I being naive? I don't want to romanticise the trades, or suggest for one moment that they are easy, so forgive me. But I do feel they offer opportunities to somebody with sound work ethic. Am I thinking about this wrong?

I'm becoming quite jaded and burnout and reevaluating options, but no idea what my next move should be. My current career path is giving me a lot of anxiety. Tackling big open-end data science projects with uncertain outcomes, doing the work of 2-3 people. Mangers with no understand of the work calling the shots. The intense competition nipping at my heels. I know one could argue that all work is uncertain, but in the data science world, that statement is on another level: one often doesn't know if what they are attempting to do is even possible."
k92kfc,1607426657,2020,antiwork,dissatisfaction,"I'm going to detail my own temporary escape because I do think it could help some of you guys, your experiences and skills may not match mine and you'll have to figure that out for yourselves, your countries won't match mine either. This may not be entirely antiwork, but more antiwage framework. First thing I want to say is all those positive 'feel good' seminars on business are entirely useless, ted talks, paid for products, etc... they're all pro-work and I ain't that guy. Skip 'em, all of 'em, they don't understand us

I've spent a good ten years working 8-6 at various companies in the UK (where I'm from) and China (where I moved to) and absolutely hated the hours, the work itself was alright and I could do 2-3 hours of it. 

I tried 'side projects' and all that shit and it went nowhere. Now personally I'm okay with a bit of work, outside capitalism we'd have to work anyway but hopefully not as much. So we somehow need to 1) Make money 2) Lower our expenses. That's where FIRE came about, but what if I don't want to be a wage slave for even 20 years having the absolute minimum for my best years? How about those of us at or barely above min wage? Nah this is for people who already have money and it just ain't gonna work for us, we need something more immediate to escape this hellhole. 

So we need to transition to less hours but survive and thrive on less hours. Most tech jobs inside China are exactly the same and worse with 50-60 hours a week so it wasn't going to work either, but I grabbed a work visa with a regular 40 hour company and moved to China on a one way with negative balance left in my British account ... Step 1 complete, *move somewhere cheaper*. Now I worked like this for a while, got a real cheap motorcycle (honestly, motorcycles make commuting fun, especially with Chinese traffic) and lived far out in the suburbs of Shanghai for $230 while pulling in over $3000. My monthly expenses, eating out, etc, including everything I like to do was about $1500

While I didn't go this route and used my tech skills instead of teaching, it's probably easier as this also works with TEFL. I couldn't do it because I don't have a degree, so stayed in tech. Degree can be in anything, 120h TEFL. Keep an eye on that, China's (and a lot of Asia) market is crying out for more English teachers but governments aren't granting visas yet. Some jobs can pay less but only be 10 teaching hours. While you're TEFLing or whatever you should be joining as many groups as you can, meeting people, making friends

A few years of this and I had a good $15k and a few friends who could help so I executed step 1 again, I quit my job and moved from Shanghai (most expensive city in China by far) to somewhere else... my rent was halved, my place was alright and that 10-15k would last me 3 years or so, monthly expense became $400-$500. Lost my working visa, but had a ten year tourist visa with which I could just hop the border for 10 minutes every 3 months, check the country you're going to and check how they are with that sorta thing. 

So I need $400 a month, could go lower if I wanted to but would rather not for a decent standard of living. I'm now not allowed to work even when married (can stay, cannot work, stupid visa rules...) but can start my own business. Fine, I'll go try that for the 20th time. So I wrote down what I'm alright at and wouldn't mind doing for a few hours, teaching, sysadmin stuff, making videos, fixing broken stuff, etc

I used my family's address to start accounts on all the major freelancing platforms (Freelancer, Fiverr, Upwork, Toptal, etc) and set my address as UK going through my new UK company. This time I'm doing alright and it comes back to the first paragraph, just completely ignore those shitty marketing/prowork videos... now we need to use capitalism against itself and make the most money with the least time. What was different this time? Why is it working? Well... I don't have a job, no huge stress there, I have enough money to last me a few years from Shanghai so no *massive* stress if it all goes to shit because I'm just going to be in the same position as before and since everyone on these platforms thinks I'm in the UK and need UK wages I'm being paid quite a bit for each hour, 8 hours in a month and I've covered my expenses here. When you don't give a shit whether they hire or reply it reframes the mind from ""If they don't reply I can't eat tomorrow"" to ""Eh, fuck it"" and that shows in what you write and you can be far more selective with your clients, client looks pushy in interview? Fuck it tell 'em it's not going to work

And when they come ask you for more non-urgent stuff? ""Nah sorry, I'm a bit busy but I can schedule you in for next month"" when in reality I'm just really enjoying all the free time I got.

**I've condensed the story, this was ten years of me figuring out what worked and what didn't, I'm hoping to save some your time by just showing you what went right here**"
k9q2e6,1607512398,2020,antiwork,dissatisfaction,"I live in Canada, and have been dealing with depression and severe burnout since 2018.

Because of this, I moved back to my home country and have been working at my family’s business so that I could have more flexibility and autonomy. However, it’s time for me to progress my career and find a “real” job. 

I’m dreading going back to Canada and work long hours with little benefits (e.g only two week vacations per year), so I’ve been thinking of pursuing a masters in data analytics in Europe and relocating there, since it seems to offer better work life balance. 

Anybody who lives in Europe (specially Ireland or Scotland) could confirm if the above is true and it would be a sound move for me to do?

ETA: so glad I found this sub. I’ve been thinking all my life that we’re working our lives away and that needs to change, but my view is met with severe criticism and looks of disappointment."
kg4voy,1608370392,2020,antiwork,dissatisfaction,"I'm sorry for the very long post, I've just got lots of feelings and need to put them out into a group of people who see things somewhat similarly to me. This is also kind of a work biography going through each of my jobs and how they ruined my faith in work.

Sex work has always been the kind of thing I've joked about doing but something that I'd never actually considered doing as a means to actually earn an income. Over the last few weeks though I've actually been thinking about doing it as a living, more specifically escorting.

I've grown up in a fairly middle class household, always having secure housing, parents having work, never needing to worry especially about money as a kid. I even ended up going to a grammar school (not through heavy tutoring or anything, I just showed up and got lucky on the test), I was always seen as a gifted boy. Then things began to not work out as well, I could never concentrate at school, I didn't do homework or anything like that. For GCSEs I did great, got plenty of A*s, but I got kicked out of school after my AS results weren't good enough. I just couldn't work in a classroom environment, I couldn't pay attention, I couldn't absorb information and I couldn't write large amounts. Something was just not right.

I then enrolled in a college to do an IT course, it was a BTEC or something like that, as I'd grown interested in computers and hardware in my time at home. I spent 4 months in that course then came to a realisation, I already knew all of the shit they were teaching, I then looked through the curriculum, I knew all that too (apart from programming but that was never my thing), so I just left the course. I'm not spending 2 years on a course that will teach me nothing of any use. 

I ended up just applying to jobs and apprenticeships, I ended up getting one with a little ISP doing tech support for customers. I actually enjoyed it for the first couple of months, then it went downhill, I on many occasions was the only person with technical knowledge in work at that time, having literally 2 months experience and being the sole tech person for 6,000 customers is not a fun time. I couldn't keep up with ticket writing or form filling, I couldn't pay attention enough, I'd forget customer names, but most of all... I was just so exhausted. I got let go after 4 months for turning up late after working 2 hours unpaid overtime the day before.

I began to think something was wrong with me.

At this point it was late November, so I decided to get a Christmas job in a Sainsbury's. There was basically no interview process or training. I sat in a room and watched a video for 3 hours, most of which was about things completely irrelevant to me. Then I was told to shadow someone for a few hours, they showed me how the till worked and that was it. Next day I was on the till, it was the most stressful job I've ever done. On my third day I had a panic attack on the till because there was a huge queue, I'd given someone the wrong change, I couldn't open the till until I'd finished with the next customer because stupid design, my line manager wasn't responding, the Christmas songs were blaring and the ""PLEASE PREPARE TO PUSH THE TROLLY OFF THE END OF THE CONVEYER"" announcement had been going on for 3 hours. I had a panic attack on the till.  I turned up the next day to resign. I had physical symptoms from that day for nearly an entire year.

I knew something was wrong, I spent ages online looking through things to see what was wrong with me. I found it, autism. It fit perfectly, it explained everything and after a year long process I got a diagnosis. High-functioning ASD. That was it, there was no support, no therapy, no help. Just a piece of paper and an information booklet which was just an NHS website printout. 

During this time period I found another job, working in a little computer repair shop. This was a job I genuinely enjoyed, at least for a while. It started with me just going there for a few Saturdays to see if they liked me and to learn some stuff. After a couple of months I got offered a contract. I worked part time and enjoyed it, problem solving and all that stuff has always been enjoyable. It was still exhausting though, lots of killing time while trying to look busy and all that stupid shit.

(((TW: ABLEIST SLURS, SUICIDE)))

Then one day, the owner didn't come in. After I had said goodbye to him on Saturday, he went home and hung himself. I still don't know why or if I could have helped in any way, but he was a genuinely lovely guy. Then the old owner took back over, the entire atmosphere changed. Imagine a UKIP voter and Del Boy were one person, that was him. One day I took a call from the advocate for an autistic guy, asking if there was any chance of doing some work experience or volunteering at the shop, so I asked the boss, who said ""Tell them I don't want none of those window-lickers in here"". That just hurt me so much, that was literally how I came to work there, just my uncle instead of an advocate. If he knew I was autistic like the old boss did, or the other member of staff did he would treat me exactly the same. Shortly after my contract ended, wasn't renewed and I left. 

The next and longest job I've had was working at a council as a Systems Engineer Apprentice. I have no idea why I still needed to be employed as an apprentice with over a year's experience doing this but that's besides the point, the pay was not that bad. I got paid the over 25s minimum wage, which was definitely an upgrade, although still not really enough to move out. The work was so empty it was crazy, I'd spend entire days sitting at my desk doing absolutely nothing, but still having to pretend to be useful and active. Most of my job was filling out forms, forwarding customer emails to suppliers, vice versa and deleting and undeleting social care records. On top of this, my apprenticeship was in software development, something I didn't do, and no-one on the payroll did, all software development and engineering was handled by external companies, so I couldn't do any paperwork on my apprenticeship. This was the point where my anxiety reached its peak, I'd spend 3 hours a day in the toilet at work trying to keep myself calm, the rest of the day I'd sit at my desk reading confidentiality social care records to give me something to do so I didn't go absolutely crazy. I broke laws on council property and invaded the privacy of vulnerable people so I didn't go mad.

I eventually got some therapy, CBT, which I had applied for before even starting work there. It didn't work for me, which is quite common among autists, so they thought of something which could help. They told me to do something I would never do in a million years, I went to a furry meet in the middle of London with hundreds of complete strangers. I'd never had any friends, no-one really liked me, but in that massive group of people I met some who actually cared about me and that has been the thing that has most changed my life for the better. However, there was still work. Work that exhausted me, meant 10 hour days, not having the energy to do anything on weekends. That was the issue that was holding down everything, my pointless job where I did nothing for 8 hours stressed out of my mind then drove an hour home so tired I regularly fell asleep at the wheel. 

I kept up that job for a year, until I had a complete breakdown when I had a realisation, I was transgender. The day of that, I drove into work, and then just cried in the car for 3 hours, one hour of which was on call to one of my new friends. Then I booked a doctor's appointment and drove home, still crying. I spent 4 months on paid sick leave, until it ran out, then I resigned. The shock of that and the stress of work caused a heavy and suicidal depression.

The depression lasted about a year, I blew through all of the money I'd saved, my parents bailed me out of £1k of credit card debt. But for that time, despite my depression, I had a really good time, I was free, I didn't have to spend the entire week in a shitty office, I could see people, I wasn't locked down to staying at home the entire time, I could spend a day or 3 round a friend's house. It was wonderful. The worst shit my chemically imbalanced brain could throw at me couldn't come close to a desk job.

My favourite times during all of that was being intimate with people, it wasn't even the sex or the sensations or anything like that, it was just being wanted. Having someone find me, attractive and get off and have a good time because of me, is just amazing. There were even times I was with someone who I wasn't even really attracted to or who they were wasn't appealing, but I would still suck them off or have them fuck me because making someone feel that good is beautiful.

Then the lockdown hit, everything stopped, I've seen a friend maybe 5 times since February and that's my ace best friend (love him). There are two good things to have come out of lockdown for me. The first was the extra £20 per week in UC, that's allowed me to start HRT privately and results are beginning to show though very nicely. 8 months in now and I'm so much happier in my own skin. Secondly, time to think, think about what I want to do and where I want to be. I've had an idea for a long time about doing a computer repair business, fixing PCs for old people either in their home or at my home. I'd actually been doing this for a bit before the pandemic, I could never find much work in it though, making under £100 most months and I can't see it getting much better. Even if I did get more work, I would end up spending so much time doing stuff it would just be far too much work for me, I'd get exhausted again.

I then just one day randomly entertained to idea of becoming an escort, and I figured out it would actually suit me very well. I'm pretty attractive, I always have been tall and lean with very clear skin. I'm perfectly okay with weird and wonderful kinks (I've done ABDL and all sorts of other strange crap with people, I like to please :3). I'm a trans woman, that gives me somewhat of a niche (also having a niche as opposed to being denied jobs would be a fucking god send). What I've been doing is literally going round strangers houses when they call me, just with a bag of screwdrivers not a bag of condoms and sex toys. I love to make people feel good and get people off. I love people finding me attractive. I would get to control when I work and with who. I wouldn't have to work extremely long monotonous hours.

I know there are downsides, mainly around safety, but that is just far too many benefits to give up. I just want to be able to live in a house or flat without working stupid hours and having someone else own me and be stressed out at a desk all day.

Being me, an autistic trans woman with ADHD, literally fucking people for money seems so much less exploitative, less demeaning, more fulfilling  and more freeing than any other job I have ever had."
exvmyx,1580679180,2020,AskHR,dissatisfaction,"Hello! (I AM IN THE UK)

&amp;#x200B;

I work for a very small (but international) business, we have 2 locations, employ around 30 people and the turnover is decent (millions) - people leave this place at a rate of AT LEAST once a month, the cycle of workers here is insane, genuinely crazy

&amp;#x200B;

Everyone here is pretty underpaid (we're on barely above minimum wage and we all do insane amounts of work, you know how office work is..)

&amp;#x200B;

I was hired as customer service to pick up phones and take orders, pretty much - a few weeks into working there I noticed that a few office processes were done in odd or wrong ways (even things like how the company sends mail) - I offered to help update things and that was generally considered a good thing

&amp;#x200B;

A few more weeks later I realise our branding is pathetic, like really really bad, we don't have a profile picture on Twitter, we've made 3 facebook posts in a year, all with typos and our profile picture looks like it was done on one of those apps i'd have used for my Facebook PFP when I was 14 - my degree is in social media and marketing so I \*offer\* to update things and handle stuff there, they say yes and I end up changing all our branding (things like fonts) - figuring out which colours were 'our' colours and writing p a full style guide for our domestic and international branding (all in my spare time while still doing my ACTUAL job of the phones etc)

&amp;#x200B;

All is good and I get going on that, the boss gives me his LinkedIn details and I start doing posts on his page, just random sales stuff that gets a bunch of likes and makes him happy, all is good

&amp;#x200B;

We get a new guy start, he is okay,. life is good

&amp;#x200B;

My manager gets a new job and quits. There's been a long running joke here that I don't do any work at all, that I just sit around all day, the warehouse guys say it becuase I''m in the office and not carrying heavy things like them all day, some of the accounts people say it because I'm in their office often (doing things for other people that are NOT my job like checking lead times and stock levels, or arranging budgets for advertising deals) and so on, whatever, it's not funny and it's annoying but who cares really, notsomega does no work hur hur

&amp;#x200B;

My manager was REALLY nice and motivated us by being nice but the bottom line is. he wasn't a manager, there's only about 5 people under him and he just COULDN'T do disciplinary stuff, a warehouse guy would disappear for an extra 30 mins either side of his lunch and at worse it was a 'hey X, please don't do that so much because I get it in the neck off of \*company owner\*'

&amp;#x200B;

I was the only one (other than my managers' manager) that could cover \*role that sucked\* so whenever that person went on holiday it was ALWAYS on me to cover it

when my manager quit, the person that did the role that sucked also quit (both gave 4 weeks notice)

&amp;#x200B;

I had to do that role after they quit, and they didn't hire another person for another SIX WEEKS, during all that time I was doing the role that sucked, my role, as well as fielding all the marketing shit I was doing, I didn't complain and I was told at the end of it I'd be taken off of the phones etc and moved to just focus on marketing

&amp;#x200B;

Company owner is vvv hot headed (but seemed to like me for my first 9 months or so at the company) - it makes sense that they'd get someone stricter to be the new manager but he's hired back his old PA who has no experience in our business sector, and only works 3 days per week and she was very clearly given the agenda that I was a lazy worker and she had to whip me into shape. On her first week I was also told that I wasn't going to be moved from the phones and if I worked hard at the marketing stuff I \*might\* be moved up there

&amp;#x200B;

I said this really wasn't in line what I was told before and got a typo-ridden e-mail from the owner basically telling me I was useless, I was set a bunch of random tasks (that were the job of another team) to do alone with my actual job and the marketing stuff and it's all far too much for one person to do

&amp;#x200B;

I was dealing with this and then suddenly the owner's PA calls me into her office and asks if I can start 30 minutes later (and finish 30 mins later) permanently - I say I can't because of my travel arrangements and she says okay. The next morning I get a call from the owner TELLING me I'm starting/finishing 30 minutes later, I said I'll see what I can do and he said 'I don't care who fucking does it but someone has to'

&amp;#x200B;

luckily my colleague would prefer that so he began starting at 9am and I began starting at 8am (30 mins earlier than my contract, which was my colleagues time) - I feel I'm lucky my colleague could bail me out here

&amp;#x200B;

Next thing I know, I arrive to work on a Monday and the desks have been moved, my desk and my colleagues desk (which directly face the customer counter/entrance that I have to serve)  are now one huge desk with one computer on it - his

&amp;#x200B;

My computer had been moved to a new desk, facing with the front customer counter at around a 120 degree angle on my right (so I have to turn to see it) and customers now don't see me when they enter, and my new, awkwardly placed desk is now DIRECTLY in front of the new manager's desk, with her desk and computer moved so she's literally about 5 feet behind me and with an unblocked view of me and my desk like I'm a little child

&amp;#x200B;

If I was a slacker I'd call this okay (but draconian) but I am going above and beyond whenever I can, taking on marketing for no extra pay, working from home unpaid when I'm sick (if there's a deadline) and just generally being a kissass and it seems like something really, REALLY fishy is going on

&amp;#x200B;

Am I right to be suspicious, or am I being paranoid?

&amp;#x200B;

I can't just 'leave' - this was the second job interview I'd gotten in 15 months, the other one was at a sushi place and I was terrible there, I'd go and work in fast food if the opportunity was there just it just weirdly doesn't seem to be available to me :(

&amp;#x200B;

Thoughts appreciated! :)"
ezaceo,1580912934,2020,AskHR,dissatisfaction,"Hello everyone, that’s for taking the time to read this!

I work in IT for a company in the UK and in the last few years one of my responsibilities has been setting up new users on the various computer systems. Its always been a messy process and we’ve worked hard to make it a little smoother but there are still hiccups. One of the biggest issues I have is not getting enough lead time to set up a user and prepare their equipment. So without getting too much into the history and minutia of this whole thing my question is this:

What is a reasonable amount of lead time for IT to be notified of a new starter? 

We frequently get told on Friday of someone starting the following Monday. I’ve tried to push back to HR saying we need AT LEAST 5 working days in order to set everything up in good time - is this unreasonable?"
f4vo65,1581881340,2020,AskHR,dissatisfaction,"Hi - I’m not sure if this is the right place to ask this, but I’m wondering if anyone might have any input on things to ask for in a relocation package. 

I currently work for a large company (around 21k employees) in a clinical consultant/educator position. I’m discussing the possibility of transferring to our company’s UK branch from the US. I have a few questions, but just for information, we are a family of three (with baby #2 on the way. We also have one small dog we would want to take with us. We are hoping to move with very few possessions. 

1. Do companies usually pay for relocation in any part for current employees, or is this something more usually reserved for new hires?

2. What should be offered in an international relocation package? What should I be asking for?

3. What kind of assistance is typically offered for getting visas, and for the costs associated with that? Should assistance be expected for visa-related costs such as the NHS healthcare-surcharge?

4. Should I expect to potentially take a pay cut working in an area with typically lower salaries, or would that be unreasonable? Since my wife would initially not have a job (unless we got lucky and found her something), I’m concerned about making less than I do now. 

Thanks!"
fphgkn,1585249433,2020,AskHR,dissatisfaction,"Hi

I hope this is the right place to post this. 
I have also posted this on Legaladviceuk

I worked for an insurance company up to 13th March 2020. The company does an annual bonus, to be paid at the end of each March and is not based in your performance.
When I found out I had received an acceptance to a new job, I had asked my manager if I will still be eligible for my bonus due to finishing half way through the month, which I was told yes I would be.
When bonuses were confirmed, I was told that due to not being employed on pay day, I am no longer eligible for my bonus, despite being told differently.

I looked on my HR website and for this
“To be eligible for an annual business performance bonus, you must not be under notice (other than for reasons of redundancy or retirement) at the time bonus is paid. This means if you resign before annual bonuses are paid at the end of March, you will not be eligible to receive one.”

So I probably should have checked myself but I trusted what my manger had told me. 

They instead told my that they would put through an adhoc bonus - onetime payment that gets approved by our head of department. It was about half of what I should have got as an end of year bonus but I excepted this as I understood the policy.

Today (the day before I am due to be paid) I received an email from my manger that HR has confirmed that due to the above policy, they will not be approved as I am not eligible for the bonus. 

I’m confused by this as the policy above only talks about an annual bonus, not about the adhoc one?
So, do I have any leg to stand on arguing this due to the specific wording, as well as the fact my manger and head of department has told me that I would be receiving this money?

I am based in UK"
fr628o,1585489316,2020,AskHR,dissatisfaction,"My partner was recently setup to work remotely from home due to the Covid-19 pandemic.

The HR department have requested us to disclose our current childcare arrangements, as they have said that working from home is not a suitable arrangement for childcare (obviously). Are the company within their right to request this information? They have specifically said it is not unreasonable for them to ask.

I myself work in a business critical industry in the UK and our childcare provider have advised they will still provide childcare for our dependent should they have healthy staff to facilitate this service. So currently our childcare arrangements remain unchanged.

My partner advised HR that we have arrangements in place therefor work would not be affected in anyway and if our current circumstances were to change they would be informed immediately (i.e. my partner would request annual/unpaid leave). However this was not a satisfactory answer for them and they requested specific details.

As previously asked; are my partners HR department entitled to request this level of detail of our childcare setup?"
gefz1o,1588753150,2020,AskHR,dissatisfaction,"
Hi, first time posting here but wondering if I can get some advice. Quick background: I’m 23 y/o, UK based, graduated last year, started my first full time job in marketing about 8 months ago.

I’m currently working for a small company where the benefits and pay are pretty terrible, there is no HR or real management, and the boss creates a very unpleasant working environment - think people having to leave because of stress all the time. This recently started to get to me more and more, and I made the decision to start looking elsewhere for jobs. Before we went into lockdown, I was offered a job I interviewed for, and it ticks all the boxes for me -  a step up in my career, great and stable management and more benefits. All seems good.

The only problem now is that I have to hand in my notice, and I’m WFH so will have to do so remotely. My boss is known for handling resignations pretty badly, and so I know the reaction could be anything from offering me a pay rise to stay (which I wouldn’t want), or completely flipping out on me and ending up in a bad position. Obviously I’d like to leave the company gracefully and on good terms, particularly in this precarious work environment that so many are facing right now. How is the best way to handle resigning remotely with a difficult boss?

Thanks for your help!"
gvh7u9,1591136256,2020,AskHR,dissatisfaction,"Hi all, hoping some HR professionals could give me some advice here. UK for reference. So I’ve been looking for a new job for around 6 months now with no luck. I don’t drive and so travel is limited, and my partner is a stay at home dad and so the job needs to pay similar to what I earn now. The corona virus hit and the jobs dried up!

Anyway I digress, if I do manage to get to the interview stage for a new job, how much of a red flag is it from an employers point of view if I were to say that I’m leaving because of a culture fit that doesn’t work for me? 

Essentially I hate my job, and do not like the management and the handling of multiple issues. I’m an extrovert, and work with 90% introverts. There’s nothing wrong with being an introvert, it just takes more energy from me to conform. 

Of course I would never slate any previous employers, I just wondered if any UK HR or hirers would find a candidate stating ‘incorrect culture fit’ a red flag? 

Thanks!"
hemd1y,1592944180,2020,AskHR,dissatisfaction,"I work for a FTSE 100 fintech company in the UK. Unfortunately in recent times my mental health has deteriorated due to difficult home life, a recent bereavement and I guess life.

I mentioned this to work one month ago and to their credit they've helped me by letting me use holidays to take a couple weeks off and go down to four days. Unfortunately things have not improved.

I have also spoken to my local doctor, they have recommended time off work and some medication. I should say there's nothing too serious going on here, I think I'm just stressed and burnt out. We have a young, sick child at home so obviously its tough and has been for a long time now.

As a result of how I feel and my doctor's advice, they've written a sick line for 6weeks off work and to re assess after that. I am keen to take it but we are a single income family, I'm worried about income. I checked my contract and regarding sick pay, it essentially says that it is discretionary.

At past companies it was usually 10 days or 4 weeks full pay, then a switch to half pay or something. I've never used it so this is slightly worrying or concerning.

How do I determine if I'll actually get sick pay? Obviously itd be a weight off my mind to KNOW I'd get it but I'm not sure how to work that out.

Any HR professionals here that have dealt with sickness instances in the UK and such discretionary policies? Is it just a standard line to scare people off?

Ultimately I'm going to take the sick leave regardless as I'm worried about my state of mind but this is a nagging concern I'd like advice on if possible?

Thank you"
hyq637,1595847548,2020,AskHR,dissatisfaction,"Location: UK

If I resign from my job during / towards the end of my maternity leave would I forfeit / be requested to pay back my enhanced maternity pay?

*My employer offers 3 months full pay followed by statutory maternity pay for up to 9 months.*

I have been with them for 7+ years. It's possible that I would like to resign and not return to my job after my maternity leave (I'm not yet pregnant - just thinking ahead). Would I forfeit / be requested to pay back the 3 months full maternity pay if I do this?

I can't find anything in their policy about whether I would be expected to return to my job for a certain amount of time after the maternity leave in order to receive this benefit. Is there a legal standard for this?

Thank you!"
i58hqw,1596780082,2020,AskHR,dissatisfaction,"Hoping to get some advice about how to negotiate a salary following a recent promotion.

My boss was promoted from Executive Vice President to CEO of my global company a few months ago and has since left a gap in my office here in LA. I am part of the management team and by default, we have stepped up to manage more of the day to say aspects of the business. 

However, I have taken more of a leadership role across the business in his absence, with my peers and direct reports recognizing my expanded role. I had a performance review last week and my results exceeded the company benchmarks significantly. He was pleased to tell me that he wants to offer me the Managing Director role, but the role wouldn’t be official until October and I would be Acting Managjng Director until then. 

For some context, I am an E2 visa holder from the UK and have been with the company since late 2016. I have been approached by some big name clients in the last couple of years but have never been able to jump ship because of Visa issues. In this respect, my current company has essentially underpaid me because I want to stay in US and what I’ve been offered from other companies is almost double my current salary. 

Additionally, my company has notoriously been underpaying US employees, but when someone wants to move on, they’re quick to offer money to try to keep them. On another note, a coworker had previously spoken to my boss who had said that they were going to hire a Managing Director for $300K. 

So I’m hoping to get some advice on how to ask for a fair salary. I know it’s not going to be anywhere near $300K since my boss balked at the fact that he would making less than them as the CEO (not including profits, of course). I’d also love some advice on how to ask to be compensated starting from next month if I’m already taking on more responsibility."
i7onkn,1597137959,2020,AskHR,dissatisfaction,"Hello,

I resigned from my job in the UK early June, and left in early July. The HR lady at the company asked me to provide my personal email address, and I believe mentioned that I would receive something in the post related to my resignation (I believe she said it was my P45, or perhaps something to do with my pension scheme).

Two months later, I haven't received anything in the post and from what I can tell online, employers no longer send out a physical copy of your P45. Should I be expecting anything in the post following my resignation? I don't know whether to email her to ask.

&amp;#x200B;

Thank you."
id36rs,1597895674,2020,AskHR,dissatisfaction,"Hello from Devon in England i hope this post is OK. I'm up for a capability meeting Monday 24th August due to my breach of my final written warning that I got in January. I've rung ACAS and CAB, both were vague and told me to just turn up on the morning of said meeting.

A little about me as an employee. I'm a nightshift worker doing 12hrs, from 19:45-07:45. I work four nights then get four nights off. So a rolling week. I've been here nearly 18yrs. I'm a skilled setter setting machines. 
Now this is my gripe. I received my letter last week about my upcoming meeting. Inside was all my notes etc. Meeting at 7am 24th August, I'll be at work this day it's part of my shift. Now at the time of this meeting I will be into my 60th hour out of 72 of my working week. (I'm working two nights overtime)
I've made two reasonable requests to reschedule said meeting. Request (1) can i have it at the beginning of my shift? DENIED. Request (2) can I have said meeting on one of my days off (I get four days off). DENIED (due to days off are meant for rest days.
Now the reason I wish to change the time and day is because I don't think that I would be of sound mind and properly prepared for this meeting. Dismissal is worse case scenario for me. I'm hoping for a reissue of my final written warning.
So are my requests unreasonable and what else can I do? Do I just turn up to my meeting?"
ihkm1s,1598533315,2020,AskHR,dissatisfaction,"I've been asked to attend an interview in London, yet I live about a 10 hours drive away, so I'll have to stay overnight. (I was quite surprised I wasn't asked just to do a phone interview honestly.)

First question: Is it unreasonable for me to ask for support in terms of my travel expenses, and if not, how would I politely go about asking that?

Second question: The salary is negotiable within a stated bracket based on experience. I only have three years experience, but is it unreasonable for me to request the higher end of that bracket if I explain that I would require that for it to be a financially sound move due to the higher living costs down there?

Many thanks in advance guys, I really appreciate you taking the time to advise me."
j0pwfs,1601207814,2020,AskHR,satisfaction,"[UK] redditor here. Throwaway account for anonymity.

Before COVID I worked from home a few days per week.

During COVID I worked from home full time. To be fair I went through 3 stages: the novelty then weirdness (own in a box room) then I got into the swing of it well about 5 weeks in. Since then I have found myself to be uber productive. Although we finish at 5 I'd often stay on my laptop til just before 6 if doing things and didnt mind popping on in the evening for 10 min or so to fire off an email. I even got to enjoy eating lunch in the garden on a nice day. 

So fast forward to a month ago and all employees were told following government guidance we need to return to our normal schedule in the office. In fairness to employer they have made bubbles and split out office staff plus done all the expected precautions. I agreed to return end of Sept as cases were low at the time.

Last week the UK gov said guidance was now work at home if you can do so effectively. I expected this means t we would go back to work at home full time. However the company seems to have made a blanket policy that the last 6 months wasnt a long term solution and we are needed in office due to peak business trading over Q4. However they will split people into 2 groups who will work from home Mon Wed Fri one week and Tue Thur the next alternating. So for me this is more or less my normal schedule.

I'm a bit confused as either they need is in the office or they dont and it is either safe or it isnt. The half and half approach makes less sense in my mind. Also I found my productivity was higher at home than at work (not overly social, introvert here). Overall I just feel hugely disappointed in my employer. Firstly as it is a giant step back in keeping with modern ways of working but also because while i am lucky and will be in a different smaller office my colleagues wont and it only seems a case of doing something for tbe point of it while risking further covid cases. 

I get on well with my manager and he shares my thoughts so when he called me a few days ago we just laughed at the ridiculousness of it together. However I've spent most of the week being hugely annoyed and disappointed about it. Should I make an issue of this and raise that it is pointless to senior mgt (I have decent standing with them) or should I just grumble to myself and say what I think if someone asks me. Or should I put in a full time WFH flexible working request as I have done so effectively for 6 months (my manager will back this up)

Disclaimer: I know others are worse off and lucky I could work from home etc, but we all play our part here in reducing cases. I have no issue being in the office I'm only concerned here due to the pointless ness."
j3j6hf,1601592695,2020,AskHR,dissatisfaction,"Looking for some advice for my other half.

Background: 7 years with her current company (well known UK company), no previous issues. Currently her team is small, about 9 people. One person went on maternity leave and one left about 6 months ago, not replaced.

Workload significantly ramped up since then to the point where she was consistently working 12-15 hour days and weekends. She raised it with her boss several times (first time in a few months ago) that the workload was not sustainable which was repeatedly ignored, even when she warned this might lead to time off.

Eventually she has taken 3 weeks off on work related stress, as it got the point where she was not eating or sleeping properly and finding it hard not to break down with clients. At her baseline she is capable, hard working and resilient so this was quite a change. Her junior colleagues have also been under similar pressure.

She is due to go back to work next week and there has been no contact from her work's occupational health department throughout her time off. She had kept in touch with her boss and met her today to discuss a plan, however her boss very much appears to have a 'this is your issue' attitude with little insight as to how her poor management has led to this happening. She even suggested that the team are getting on just fine without her over the last few weeks and has hinted at removing line manager duties even though this was never an issue. In summary, it appears her boss is taking zero responsibility and is not prepared to make any changes, as well as making veiled threats at reduction of responsibilities.

I'm really concerned at the lack of senior management support and occ health input here. It is evidently clear that her work has made her unwell and there appears to be no real concerns for her ongoing welfare. She has been in touch with HR several months ago about her the behaviour of her boss but not much appears to have happened.

Any advice on how to deal with this would be much appreciated. She is very keen to get back to work with the right support. Thanks in advance."
j7lcw7,1602190632,2020,AskHR,dissatisfaction,"Location: United Kingdom

Background: Have worked in a gay-centric hospitality scene for near 2 years now moving between different jobs inside of the one company. Started dating a fellow employee near 4 months after I started, nothing against this in the hand book. There have been some “issues” with I a female going out with a male coworker while we both work at a gay bar, never addressed but heavy implied.

So my sister is just back from sorting out uni at the other side of the country and I was picking her up from the bus station (to help her walk her luggage home, no driving) when she mentioned she was hungry. Work has told us to be loyal and refer friends and family to them for drinks and dinner,basically advertise for them, work was also a 7 minute walk away so why not. Messaged my boyfriend to see if he wanted food but no he’s dying from the flu.

My sister and I scan the trace and track, I open the door for her and we clean our hands as my manager greets her before seeing me asking if it’s dinner or drinks. She replies with dinner and I chime in asking if there’s any seats in a specific area of the dinning room, it’s private and secluded but why I asked is because it’s the farthest from any speaker so we would be able to chat.

I seemed to startle my manager as she looked at me for a second before saying no and that I should direct myself to table X, a table right in front of the bar, not the dinning area. Ok then, can do. Passing the dinning room I saw it staffed and 2 of the 12 tables in use, before going upstairs to our table.

Upstairs we were told to wait before seating because they weren’t serving food there only the dinning room and the manager was called up, she repeated to sit at table X and they would bring food up as well as covering for a member of staff on that floor so she could serve us.

We ordered food, an extra side and a jug of cocktail as well as a few more drinks over the time we were there. During this entire time the manager served only us out of the 7 occupied tables, my sister mentioning quite frequently how creepy it was she stared at us and only paid attention to us.

When it was time to pay we had that sibling argument of who pays, my turn since she paid for the cinema last time etc. Manager sort of just acts completely strange from what I’ve ever seen and let’s us pay before handing my sister the receipt. She sees no employee discount and mentions it only for the manager to reply ‘only employees get the employee discount’. I’m bewildered, my sister is bewildered and the manager asks security to help us exit...

We quickly exit and I rush up the side of building to use the staff WiFi to message my Boss the managers manager asking if I was still employed or had I been fired, I get the reply that I’m still employed and a joking jest that I better still be coming in tomorrow for my hours.

My sister and I mentioned how this was strange and we continued our way home and I got a message from the manager that can be summarised using the friendlier words ‘you cheating wh***, I knew you were a disgrace, look at you cheating on BoyFriend so openly. Your fired, your banned and you and her are never welcome here again. I’m sending these to BoyFriend so he can finally be rid of you.’ Followed by several I’m talking 20 odd photos of me and my sister chatting.

Now I wasn’t expecting this, neither my sister. Hell my sister is a toilet stall regular who I’ve had to personally kick out multiple times, not to mention is currently dating on the down low our head bartender who was on dinning area at the time. 

I didn’t reply to the messages, I instead text my boyfriend to ask if manager had messaged and he said no was he meant to be receiving something I just asked him to tell me if she did. An hour later and we’re finally home and connected to the WiFi again and I get several more messages with my sister receiving one from her girlfriend asking how her date had been.

All my messages are the same, several members of staff accusing me of cheating on my boyfriend with my sister. My sister had during the dinner took a few photos to post to her social media, typical bragging of how she has the best sister who always spoils her etc and tagged the bar, and my boss responded to it with their account and the bar account mentioning how thankful they are for patronage right now and how cute it is to see staff taking family out for dinner.

I got a screen shot of her post sent over and just replied to each and every message I received with it, only to find most had me blocked, as well as kicked from the group chat.

My sisters girlfriend knows we are siblings and wasn’t worried just slightly miffed she didn’t get to serve her. My boyfriend is currently finding this hilarious stating he always knew I preferred girls, general jesting.

I while finding it hilarious am worried. In all of 3 hours I’ve been removed from staff pages, staff chats and I’m blocked by nearly everyone but the people I’m closest to at work. I’ve been told by my boss that I still have a job but this manager has quite clearly made her mind up about things. Does anyone have any idea how I should progress??

TLDR: went out to dinner with my sister, manager is spreading the rumour that I’m dating her to the staff and ‘threatening’ to out me to my boyfriend. I’m blocked from all staff services, yet my boss has told me I’m still employed and expects to see me next shift.

Edit: I phoned the manager on duty earlier 2 hours before I was due to start shift today, no answer. Also phoned the bar and when the manager on duty asked who it was they hung up on me. I’m not going in until I can get things settled.

Edit 2: TLDR: Talked to my boss, she was unaware of anything going on and thought I was all good manager walks in on the closed door meeting and brings up my “issues”. I’m now on zero hours until higher management review the “issues”.

So I went in to chat with the boss, she has an open door policy for all the staff which I love. I went in and had walked her through pages of the printed messages I had gotten as well as my sister message from her girlfriend for good measure. I explained how I had went for a meal with my sister and had my photos taken by a manager on their personal device(meant to be left in the office) who then distributed them and was using them to label me as a cheater to other staff.

Boss thought I was being a bit “harsh” towards manager before I redirected her the comments where the manager called me a “wh***”. We didn’t get much further than that as the manager came opened the bosses office door and screaming about how I’m fired and how ridiculous it was for me to be showing my face. Boss listed for a few minutes before turning it on her and asking why I’m a “wh***” for talking to my sister and if that’s the case manager is a even worse one.

That sort of shut manager up she muttered about how she didn’t know we were sisters but continued about how that shouldn’t matter as I’m a useless member of staff before listing my ‘offences’

My best friend is head bartender at a competing bar (we grew up together went to school together have even lived together years before she got head bartender)

I use to go out with bar staff from multiple bars at least twice a month including the owners of local cocktail clubs (we are all graduates of the same bar school and have monthly meet ups and even competitions)

I’ve went out with multiple members of staff and are therefore ‘collecting’ term used for those that try to sleep their way up (my current boyfriend, a girl that worked there for all of a week 2 years after we dated and a guy that I had gone on a tinder date with before I started)

And the last and most important one; there’s a creepy near perverted coworker who likes to grope girls on nights out, I reported him 6 months after I started because he groped me so hard I bruised as well as mentioning that he had done it in my first month and that it was highly inaccurate. This was seemingly investigated by the said manager when it happened but the 4 cameras that should of caught it were faulty and the bruise was dismissed as It might be into that sort of thing’. The groping has continued, I reported it every time including noting the tone and the camera it should have been visible on. 12 more female staff members and 5 customers have also supposedly cane forward.

The boss kicked the manager out to discuss how serious these issues were and said I was to be on zero hours and I’ll be contacted when it’s sorted.

So... I’m job shopping as of right now, pretty sure I haven’t lost my job but I’m pretty sure I’m ready to quit this manager has been making me seem like a workplace issue for a while. Anyone hiring or looking for a female with 10 years bar experience, a few mixology certs, some Smirnoff and Bushmill awards and a degree in advertising?? XD"
jcfx8z,1602874709,2020,AskHR,satisfaction,"Would really appreciate some help with this quandary, and it's a multi-pronged issue. It's important to note that I LOVE my job, though it's currently getting me down. 

First off, I'm a senior manager and department head in a UK business with around 30 employees. I've worked hard to get to the role I'm in, starting at the bottom of the department when I joined.

About 18 months ago, a new individual started in sales. They very quickly got to work sowing unrest among our colleagues, even boasting about sexual contact with one of the directors. On several occasions, they have put the company's reputation at risk, and their conduct has been unacceptable.

Unfortunately, out of fear of a tribunal after they won one on the basis of sexual harassment at their previous workplace, the employee has not been disciplined on any occasion; 18 months later, and the culture has suffered heavily as a result. People don't see a point if an individual with flagrant disregard for the rules gets away with it.

Now, through circumstances beyond their control, they're the top sales person of the moment, and while it would be commercial suicide to remove them for the multiple counts of gross misconduct committed, each new infraction is expected to receive the same amount of indifference from the directors.

The other prong of this is that the directors - who both report to and delegate to the CEO - actively protect her, while they seem to have a very specific problem with me, undermining my work, badmouthing me to colleagues, and generally behaving in an unprofessional manner. The toll on my mental health has started to get to me. I have the support of the CEO and my fellow senior managers, plus most of our colleagues, but it feels like I'm being targeted and this individual is being protected.

The culture has truly become untenable, and two people are leaving, with four others posing flight risks. Furthermore, this problem is compounded by the directors actively seeking to compete with the CEO and remove him, despite their combined business acumen amounting to... Not a lot. 

Is there anything I can do, apart from finding a new job? I've started dreading Mondays and I hate that feeling.

Thanks in advance!"
jh5b62,1603527116,2020,AskHR,dissatisfaction,"Update to the [Being harassed by management for taking my sister to dinner at my place of work ](https://www.reddit.com/r/AskHR/comments/j7lcw7/uk_being_harassed_by_management_for_taking_my/?utm_source=share&amp;utm_medium=ios_app&amp;utm_name=iossmf)

Put a few edit updates at the bottom but TLDR I was zero houred and told that the Boss would look into it. A few things have happened since that besides the UK having a wee circuit breaker.

As mentioned in the update one of my “issues” is that I have reported a creepy coworker for groping me, about 5 so so times now while working and maybe 3 times on staff nights out. This means not only does manager protect him but this guy hates me, to the degree on nights out if he’s working he won’t serve me or my table, actually gone an hour once before a staff change and finally getting served.

So I was zero houred, wasn’t told I was fired, not banned not told to stay away, none of that just a we’ll look into it. I can do that.

Thursday before the circuit breaker and the staff chat goes mad with people looking to hang out one last time, me and my boyfriend decided why not I need to go talk to a manager anyway about something unrelated to the sister incident. We plan ahead book a table for 14 or something ridiculous and I ask about the manager on duty and thankfully it ain’t the manager who hates me.

Head down and James the best manager ever greets us and tells us to head on up to table whatever there’s some people already there, I tell him when he gets a chance could I talk to him about something don’t mind doing it up at the table, he says of course not and says he’ll be 30 minutes, grand good stuff.

At the table are 2 ex members of staff, job cuts from the first quarantine, and at the bar and working the floor is creepy coworker, I didn’t even notice him until my boyfriend groaned in annoyance at the idea of not getting served. Just the 4 of us up there and him behind bar.

The 2 others had drinks already and once we started talking finished them, placing them to the side, unspoken act of more please. Few minutes passed of general chat before one waved at creepy coworker and just asked to get a second round please, creepy coworker looks at them, looks at me and walks off downstairs... away from the bar... from the open access BAR and TILL...

Now if he needed something he could of asked one of us and we would of gone got someone to help but he had a radio on him at the time to call down to the other staff, and if the radio was dead he had a call button on the till to send a manager up to him and if he was even more desperate a panic button to rush security up. He had zero reason to leave the bar area unattended without staff (my boyfriend and I don’t count as staff, we’re out drinking we obviously can’t be “staff”).

Few minutes go by and we’re all confused... 10 minutes go by and a group of 5 come up they look confused and we shout over asking if their ok and direct them to their table saying the staff should be back soon they just had to leave. Another 10 minutes and 3 of their group leaves presumably to get drinks downstairs or to find staff and after another few James the best manager ever comes down from the office to have our chat.

Keep in mind we ( the 4 of us) have remained sitting for near 25 minutes, 1 trip to the toilet and a few let me stand stretch my legs but all on camera. James comes over and asks what we’re drinking and we reply nothing currently and gesture to the bar. He looks round, looks at the empty bar and the angry table over at the other side and asks where creepy coworker is, we tell him he left near half an hour ago and James quickly goes onto his radio calling a member of staff up and comming creepy coworker to pick up.

He tells the other table their first drinks are free and what would they like etc as another member of staff rushes up the stairs followed by the rest of their table. James tells us he’ll be right back and sprints off downstairs. We assume to find creepy coworker. 

We get served sadly no free drink for us and the staff casually mentions how creepy coworker sulked past her “there now” with a joke about how serving coworkers is always fun.

James is back 2 drinks later looking rather angry and we don’t ask we’re not staff so not privy to current staff issues. He asked what’s up and I ask if I would be able to get a copy of the incident report of an accident I was involved in last year, tell him my doctor just wants a copy for his file and if I can’t get a copy the date of the incident and the duration of the time I was suspected to be unconscious would be perfect. He says easily done and he’ll be right back with it.

We’re happily drinking for the next half hour 8 more have arrived a mix of ex staff and off duty staff, the area has filled up pretty well with regulars on their last night out, people are buying each other drinks, buying shots for other tables, general amazing atmosphere for the current economic climate. Manager who doesn’t like me comes flying out of nowhere, not in duty uniform and starts screaming at not just me but all of us at the table. I’m barred I shouldn’t be in. We’re being too loud. I can’t have a incident report without a doctor letter. We’re harassing the staff. I’m a cheating wh***. We need to leave.

The area goes quiet really quick and after she stops to breathe some of the regulars who heard about the “sister dinner” accident start booing and shouting back at her while our entire table just watches. The staff behind the bar must have pushed the panic button because suddenly we had 3 security up.

I start packing up to leave tell my boyfriend he can stay and if Janes comes back grab the report or whatever from him, customers are looking at me, it’s all drama in their eyes far too embarrassing for me. I have my mask on and am half way exited when head of security grabs me by the shoulder and shout spits in my face that I’m banned from nights out, pushes the door open and me out. I trip on the loose step outside the door and sit on the ground for probably far too long trying to figure out what just happened before walking back to my boyfriends.

He comes home around 20 minutes after I did, James said I can’t have a copy of the incident report without a doctors letter and that James is sorry for what happened and that I’m welcome back whenever. I’m like aye sureee I am.

Fast forward to last night and a staff assorted video chat drink along, eventually it’s just me, my boyfriend and the staff member from that Thursday. She happens to be pretty close to management often privy to things she shouldn’t really be. She asks if office has phoned me about that Thursday, I confused say no should they of?

She mentions how manager had been talking about my “issues” how I was now being looked into because creepy coworker said I had berated him from the second I walked in. I’m like no... he didn’t even acknowledge or look at me. She says she knows he had came back after to finish his shift and said he was in a good mood. I ask what was office meant to be calling for and she says ohh the 200 quid creepy coworker says you stole from the till.

I completely freaked out, I did nothing of the sort what’s she on about. At the end of that shift, when the float was being counted and rang up it was 200 short, pretty massive amount like. I tell her I didn’t do that security cameras will prove that, office must of called creepy coworkers buff and checked already proving me innocent.

She shrugs and says he was pretty sure I took it and that manager was on his side while James just recounted. She said manager went on to talk about how I’m always causing issues and how I should of been fired years ago. I said good night soon after and ended the call.

I’m long past all this nonsense now. Nothing happening is in anyway professional no matter how professionally and carefully I try to handle it. I am probably going to be fired when this circuit breaker ends, if not I’m probably still going to be zero houred, I’ll hand in a 2 months notice ( I’m being kind and faithful to my contact) and drop in a request under the DPA for anything they have on me as I sort of need a copy of that incident report and I want to see what complaints have been made against me. If I put them as a reference on my CV I want to know what they might mention to the recruiter that will jeopardise my chances.

My boss had been good to me after the last incident had happened but when I messaged her after this last one she left me on read so I’m unsure where she stands in this. The office hasn’t phoned or emailed me since the incident, nor have they contacted my boyfriend or any other members off staff that had been out. Also of less concern, creepy coworker while seeming to stalk my social media (randomly liking then unliking my posts) seems to be ignoring me not even looking at my last 3 messages to him the earliest of which is December.

I wasn’t going to post such a ranting update let alone any update but moderately drunk me is angry at the job I’ve loved for 2 years and about how I want to destroy people’s jobs because of what they’ve done to me. Typically there would be a question here but this is just an update and I already know I’m quitting someway, if you have an ideas on how to gay™ up my resignation I’m all ears."
kbuxyx,1607800575,2020,AskHR,dissatisfaction,"Hi all,

UK specific here.
I started a new job at the end of August and in my contract I have negotiated the following:

‘The first 3 months of your employment shall be probationary period and your employment can be terminated during this period at any time either by you or us with one weeks notice in writing. We may, at our discretion, extend this for up to a further 3 months.’

Now my three months were already over 3 weeks ago, so I have asked HR about an appraisal last week since I haven’t heard anything. A week later my MD mentions casually that I wanted an appraisal, which I shall get, if I meet my pre-Xmas goals, before Christmas. Otherwise this will follow early January.

Doesn’t really make a lot of sense to me but seems rather like they want to push it out.

Either way: does the end/extension  of the probation need to be confirmed in writing with the clause in the contract or shall I just assume that I have passed my probation and they only want to give me a review?

Reason is: lately, my MD seems to be less happy with me, although we had a really really good start, but now he’s claiming back control in my department and I have lately seen the month-end report, where he stated that I am not up to the task and I need a lot of micromanagement. I want to - obviously- avoid getting sacked, but want to have the right ammunition when it comes to it."
eo4txd,1578925826,2020,AskUK,satisfaction,"I currently work in the public sector and I'm not enjoying it anymore. I like having the option to work from home cause it makes for a nice work life balance but my job is boring and I want something a bit more challenging. 

I keep looking at private sector jobs but my friends said that working in the private sector is horrible with long hours and no work life balance. But I would assume this depends on what company you work for? 

Has anyone moved from public to private? Did you prefer it? Hate it? Or anyone working in the private sector like to give me some reassurance that's it's ok and this lot are being dramatic? I'm mainly looking at project manager/coordinator work."
eotgoz,1579044064,2020,AskUK,dissatisfaction,"Hi all, Apologies for the formatting, I’m on mobile. 
I’m currently situated in Portsmouth, England. I am lucky enough to live very close to the beach (less than a 5 minute walk) and we’ve been hit by Storm Brendan quite badly - it’s very rainy and windy. I live in an old Victorian mansion that’s been converted to flats. I’m on the top floor and since getting into bed I’ve noticed the wind is really, really bad. I’m in bed and can actually feel my bed wobbling! There was a huge gust of wind and I actually felt the flat rattle, and everything seems to wobble. My question is - is this normal? I assume the age of my flat will have something to do with it? I live on my own and I’m a young female in my twenties so it’s a little bit daunting feeling my whole flat sway in the wind!
Thanks :)"
ep6ocs,1579115092,2020,AskUK,dissatisfaction,"*asked on r/askeurope but no response. 

We all want more money and greater benefits from our employer but do you think you objectively deserve more? I'm sure most people work hard at their jobs but is that the same as deserving a higher salary? I've had difficult jobs with low pay but I've never ran into a burning building to save someone or land a plane with 150 people on board."
eq2u50,1579279392,2020,AskUK,dissatisfaction,"I am a final year student nurse. I get very good grades but my final module i got a really bad grade! 25% when all the rest are 75-84% in the last three years. I believe it was due to a bad encounter i had with the woman marking it. I challenged it but basically the university policy is that you cannot appeal. 

I am wondering if i can just not do a re-sit and change modules instead which will mean me qualifying in January 2021 instead of March this year? Is this possible or am i confined to this current module? I am aware that the curriculum changed for my course but this was an elective module. 

Many thanks."
erqg8f,1579586527,2020,AskUK,satisfaction,"Just wondering what your experience was? Is it a good company to work for? Work life balance? 

I am a Fiber engineer."
esrycv,1579779845,2020,AskUK,dissatisfaction,"I've had some really bad health problems in the past year and have had to take a good chunk of time off work. Since I had surgery in July I've been depressed but have taken not much time off work. However during the first week of January I started with a horrendous headache that is non-stop. My depression also peaked around this time leaving me in pain every day and also wanting to die. I self certified for a week and then got a doctor's sick note for two weeks. I've seen a specialist today who referred me back to the doctors and recommended that I get another sick note for 2 weeks whilst they sort it out. My conditions haven't changed, still in a lot of pain every day and super depressed. Can my employer fire me for taking an extended period of time off? It'll be 5 weeks by the time I get back to work. They are aware of the problems (brain aneurysm) and have been for a year now, but my manager is mean and unsympathetic so I anticipate getting the axe if they're allowed to."
et9eju,1579866772,2020,AskUK,satisfaction,"I currently work for a £1bn turnover company and earn £36,000 in a marketing role. I work in a small team of around 8 and report directly to the department’s director. I am very autonomous and enjoy a lot of freedom in the way I work - especially in regards to flexible working and working from home.

I’ve been offered a job at a competitor (£5bn turnover) with a much bigger team (30+ people) for £46,000. I’ll essentially be reporting into the person who does my current job at the new place, which would make me less ‘senior’ in the new role. 

Basically, the extra money would be very, very nice but I don’t want to take a step back so to speak. I don’t have anyone to go to for career advice and want to make sure I’m not snookering myself.

Thanks!"
etk6wd,1579916149,2020,AskUK,dissatisfaction,I would like to send some confectioneries to my friends in the U.K. but I cannot find a reliable/cheap way of shipping. I was wondering if anyone had experience with this without breaking the bank. My previous quote was 300 USD. That's unreasonable just for some Twinkies and beef jerky...
euo8cz,1580133517,2020,AskUK,dissatisfaction,"Need inspiration.

I'm 33, 34 later this year, and time seems to be speeding up with each passing year. I've fallen in to finance the last four years and just sort of gone with it as I'm half decent at it. I've been offered to study for accountancy exams but it's reached a point where I have zero interest in it and I can't even force myself to even want to try. 

I'm working for a huge company at the moment, internationally known, and I figured if I can't enjoy finance here then it's not meant to be. It's honestly soul destroying. I've worked in quite a few companies over the years and so far all I've met is overworked, stressed, and (slightly) autistic colleagues. A lot of the time it's complete silence for 8 hours of the day and I prefer an environment with some banter and chat.

I'm trying to think of other avenues I can take or any transferable skills I've learnt along the way. Before finance I tried an array of things - teaching English abroad (was fun), labouring, forklifting, account management, HR. None of it is that interesting to me though. I've looked in to recruitment consulting but I'm not a salesman, and personal training but I couldn't be in that gym environment all day every day.

I have no kids so I'm still relatively free in that sense. And I'm not earning loads (my salary is quite paltry for London) so even starting as a junior somewhere wouldn't be that bad. The only thing that I'm finding difficult is people who are twenties are higher up than me and it can be a bit weird sometimes. Not really though, in general it's been fine but I imagine it's only going to get worse! 

Look forward to some inspiring stories..."
ev6jvm,1580223133,2020,AskUK,dissatisfaction,"I’m currently on a Tier 4 visa and applying to see if any seasonal jobs will take me, knowing it may be a long shot given my right-to-work ends in December. However many of the jobs I’ve applied to have even bothered to get back to me. I know that they weren’t interested, but is this standard here? It seems rude that I’ve gone through the process of putting together an application only to not even get a polite rejection email back."
evljcu,1580296376,2020,AskUK,dissatisfaction,"Some people asked me to post an update so here I am!
Firstly, a big thank you to all who commented or private messaged me in response to my first post. Although I couldn't reply to everybody, I read your advice and appreciated it greatly. I am still on compassionate leave (should be going back first week of Feb) and my sister is between jobs currently. A few days after my mother's death, I whatsapped my CEO (it's a small company) to explain what had happened. I was still on Christmas leave at this point. She was lovely and messages filtered in from the rest of the team, offering their condolences and saying I should let them know if I needed anything. I texted an old friend of mine, D, who I haven't seen in years, we sort of drifted apart. He was very kind and asked to meet. We met and went for a walk around our local shopping centre. I was still really bad in those early days so we walked around, me crying and him comforting me.


Because my mother died at home, the coroner was the one to take her body away. The diagnosis was aortic stenosis, a natural death. I knew I had to register her death but it seemed likely that I would have to go by myself. I mentioned this in passing to a colleague and she offered to go with me! She accompanied me there and I thanked her a dozen times. I filled out the forms as best as I could (I think I got my mother's last job title wrong though). I used the Tell Us Once service to inform government agencies of her death (thanks for the tip, everybody).


I knew I had to book a funeral but I was really concerned about costs because I am the only one in the household with a job. I went into my workplace because the CEO had requested to see me to make sure that I was alright and to my shock, she gave me an envelope of donations from the team! It was £800 and I felt much better about paying for the funeral.
At this point, we weren't even sure we could afford a funeral, my sister and I were seriously talking about opting for the service where it's a cremation with no funeral. But I found out I could use the money in my mother's bank account to pay for it, the bank would pay the funeral directly. So I managed to scrounge up £1331 for the third party fees (hiring the celebrant, the crematorium fees etc) and my mum's account would get charged later for the bulk of the fees. All together, the funeral was £4736, I think?

The decision making was hard. I insisted on my sister being there and being part of the process. We went with Co-op funeral and picked a dark coffin, 2 small floral arrangements, and a celebrant (non-religious) service. The celebrant was fantastic. She wrote the eulogy but I added a lot to it that spoke about my mother's life and what an adventurous spirit she was. We also asked her to read out the poem Remember by Christina Rossetti because it really summed up my mother's attitude about death. My sister and I wrote speeches, we both love creative writing.


My CEO texted to tell me some staff wanted to attend and send flowers! Also, they had planned a wake at my workplace! I accepted, I couldn't believe anybody would go to this much trouble.


I met up with my (paternal) uncle. I had written him a letter telling him what happened. He hasn't seen me and my sister since we were tiny. It was so nice catching up.


The funeral was yesterday. My sister, uncle, D and I got to the funeral in the funeral car, and we turned up there to see my colleagues and my best friend and her mum! I'd told my best friend the date of the funeral because she'd asked but I thought she'd asked out of curiosity. I was so glad to see her. My colleagues had sent a beautiful big floral arrangement that spelt out MUM. My sister and I read out our speeches at the ceremony. 


The wake was very good. My grandma attended that. She met my colleagues and talked to everybody, showing them pictures of my mum, bless! She was sorry to miss her daughter's funeral but honestly, it was her own fault. She was coming up from Wales and I booked her a cheap hotel next door to my workplace, thinking she'd be relieved at not having to travel far on the day, but she declined. So instead she had to travel from Wales to London on the day of the funeral, and missed it! We were given a condolences book that my colleagues and friends had written in. 


I feel better knowing the funeral is over and that it went perfectly. My mother hated to be an imposition and she would have been amazed at all the effort everybody went to, to give her such a nice send-off. I have been overwhelmed with the kindness we've been shown. My sister is getting grief counselling, I'm gonna call up a company today to book an assessment so I can get some help too.
It hurts, losing her, but people have pulled together to help me and my sister. And it's wonderful to have my friend and my uncle back in my life. I'm slowly starting to heal and see joy in simple pleasures. Here's a bit of the speech I said that sums up how I'm processing the grief:


&gt;But now she’s gone and the prospect of living a life without her is terrifying to me. The house feels cold and quiet without her. I miss the sounds of her bustling in the kitchen, humming to herself as she loads the dishwasher. I miss hearing her footsteps as she passes my bedroom, she’d poke her head around the door to wish me goodnight and remind me not to stay up too late. And yet, grief doesn’t feel like I thought it would feel. I thought that when she, the person who created me, would eventually die, I would die too. That without her to ground me, to keep me tethered to the earth, I’d sink into depression, collapse in on myself like a neutron star. But even though the first few days after her death were a timeless haze of tears and pain, at some point, my appetite returned. At some point, I was able to remember something about her and smile instead of cry.


Thanks, Reddit."
evptts,1580318280,2020,AskUK,dissatisfaction,It’s on all news outlets that he’s been forced to resign for misusing social media (Twitter) but not one seems to be reporting what he did. Any idea?
exa58u,1580580739,2020,AskUK,dissatisfaction,"I am currently working in the area, also living here, but seems that it's cheaper for me to buy with mortgage than paying rent each month. I am considering buying but, drawbacks are that I might quit my job within a year to find something new. Hence why I am asking about buying from an investment perspective. I'm looking at studios/one beds in new builds, with 350-500k prices.

Canary Wharf Pros: close to work, good flats, international, safe  
Cons: Seems dead with no residential life, not central, possibly inflated prices, no night life

Most of these buildings are empty, with obvious price floors. With so many new builds in Canary Wharf, it seems there is going to be more influx of wealth etc. into the area, also making it a decent investment.

So should I buy here, or look at area around Aldgate / Whitechapel for better investments? And is it good time to buy property in general?"
exrhtu,1580663457,2020,AskUK,dissatisfaction,"So, I'm autistic and suck at interviews really badly, maybe it's because the lack of experience I have, but then I think there's 16-year olds out there who get jobs after they've left school and they've got no experience and they get jobs easily.  But because I'm really bad at interviews, people obviously get the wrong impression of me and probably think I just can't do a job based on my answers. I do often disclose that I do indeed have a disability, but regardless of me telling them, they still don't understand.

So tomorrow I have an interview for an East of England Co-op (slightly different from a national Co-op) and I know I'm just going to fail it. I'm going to be honest with the guy who's going to interview me, but I know he most likely won't understand. 

On Tuesday I have an interview with Costa Coffee, again, it's an interview and I'll probably fail that too.

I guess on the bright side though if I don't get these jobs, I may have a work placement as Marks &amp; Spencer for 4 weeks. It's unpaid, but it's great experience for my CV, also I could get a temporary job out of it as well. I'll be able to prove that I CAN do a job and not need a bloody interview to prove I can use a checkout or scan items. It's ridiculous, honestly. 

I'm not thick, I'm just slightly anxious and and need extra support sometimes.

Has anyone been offered work trials on the basis that they have a disability? Can this be done?"
eyfnfv,1580770286,2020,AskUK,dissatisfaction,"Hi all. My wife and I have been having hot water problems ever since we moved in to this house ~6 months ago. The house is a single bathroom (relatively small), 3 bed, 1 reception room setup. There's a 140L hot water tank in the upstairs airing cabinet.

Initially we moved in just after the summer when it was still warm enough to not use the central heating. We complained to the agent and the boiler man came out to fix the issue. He found that the immersion heater had tripped and burnt out. This was replaced and we had hot water although never very much as I think the immersion heater could never fully heat the tank. The immersion is on a timer and comes on for a few hours in the early morning and a few hours in the evening/night.

For the last few months we've had the central heating on periodically as it's got colder. Usually a few hours in the morning and then for longer in the evenings. The other week I went to do some washing up and found there was no hot water. Odd because the heating had been on for sometime that day. I found that the immersion heater had tripped again and reset it.

This confused me as I understood our hot water tank to be an ""indirect"" tank - i.e. that there is a coil inside through which the heated water from the boiler flows and this then indirectly heats the hot water in the tank. I decided to check what's going and found a serial number to google. This confirmed that we do indeed have an indirect vented tank as I suspected.

However, when clambering through the airing cupboard I got a good look at the back of the tank. It's not connected to the boiler! There's two inlet/outlet hookups for piping (clearly for the coil) which are sealed with caps.

What's going on? Is this legal/correct and more importantly safe? No wonder the immersion heater is tripping as it's probably overworked trying to heat the whole tank. I'm also guessing that because the element is on the top of the tank it's not reaching the bottom and therefore ~half the tank is always cold.

Hope someone can help or clarify things. I'm happy to upload pics if that would help."
ez0cov,1580862852,2020,AskUK,dissatisfaction,"Seriously. I'm looking to change my rental place and have already had to hand in my notice as my landlord asks for 8 weeks and I feel if I didn't start the notice period, I'd not be favoured over other renters. 6 weeks left now

Anyway I found a place I really like andhave vveiwed it and all seems fine.

Problem is the estate agent has asked me for 5 years of back references. I have about 18 months of references: 6 months from when I was a lodger, and 12 with my current place. Nothing before then, as I lived with my parents or with exes.

My questions are as follows:

1) Has anyone ever successfully procured 5 years of references from previous landlords

2) Would I have had to have moved once a year for the past 5 years to get this

3) If I just say ""here's 18 months it's all I've got"", will they actually not rent to me? What if I had 4 years and 11 months of references: same again? No rental agreement?

4) Can I just forge some rental agreements e.g. get friends to say they rented their houses to me

5) Do most people just do 4)?


Thanks!

Edit: thanks for the replies guys, I guess it isn't too unreasonable. I'm just glad I didn't move 5 times in the past 5 years like for example students tend to do or this really would be a huge ballache. I still can't really be bothered with the request but I'll see what I can do"
eztkul,1581001495,2020,AskUK,dissatisfaction,"Hi all, sorry if this is the wrong place for this! Tried to google and look around Reddit to find an answer but no luck.

I’m from the US, and I applied to several different UK schools for a Masters in X. One of my top schools just sent me an offer for a Masters in Y (a closely related program to X, but not one that I’m interested in). I am, however, very interested in attending the school. Is this normal in the UK? I don’t think any US schools do this that I know of. If it is normal, can I request that I be accepted to the program I actually want to attend, or should I treat this as a rejection? 

Thanks for your time!"
ezz3vo,1581023228,2020,AskUK,dissatisfaction,So I will be soon starting my first job at a large clothing store here in the UK part time as a store assistant. I have never done any work experience before either so this all is very new to me and I am pretty scared to start. I don't want to be overworked and taken advantage off (not sexually) at work so I wanted to know what types of things may my boss or even other employees may ask to do but I am not obligated to do so.
fch1nh,1583175826,2020,AskUK,dissatisfaction,"Have booked a meeting with my manager on Wednesday to hand in resignation as I got an offer for a better job opportunity. How do I handle it in the best way as to not burn any bridges? I've only been here for 3.5 months, and although my manager is nice I hate the job. Do I come with a pre written letter? Do I just bluntly tell her that I am handing in 1 months notice?"
fcuni6,1583242577,2020,AskUK,dissatisfaction,"This all started a month ago our buyers survey found damp in our house to cut a VERY long story short we paid to have it done have a guarantee certificate in our name fair enough or so we thought no more excuses all systems go for next week moving (13th) that was 2 weeks ago this morning they rang up our contractor asking for it to be in virgin's name ( we assume) not ours  although it states the guarantee is for the house not the owner. Very close to pulling out and staying here.




Edit: found out they also want our buyers name on the survey we did and which we paid for, Does this border on being unreasonable or not."
ffe7t4,1583682138,2020,AskUK,dissatisfaction,"I (23f) have recently quit my job as an Assistant Manager at a busy restaurant in Central London. Reasons being: An emotionally abusive environment with not much recognition for hard work and constant abuse of contracted hours.

As per my contract, I won’t be paid for overtime (around 30 hours in total) and today I was also informed that I won’t be receiving my £1000+ bonus, despite it being part of the previous quarter, as apparently it’s not contractual. Apparently £25 000 is an acceptable salary to survive in London and how dare I expect to be paid more for my time.

Hospitality has always been cruel to management but I’m certain there’s good brands out there that don’t cut as many corners when it comes to the people running their businesses. 

I have both bar and restaurant management experience that totals up to around 3 years but at this point, I wouldn’t even mind switching careers, a 9-5 lifestyle has always had an appeal but I simply don’t know where to look any more. Many employers are now hidden behind an agency, that usually gives you vague information about the job and only tells you the downsides of the position offered after they drag you out to see them. 

If anyone knows any brands that set high standards when it comes to treating both their employees and customers well, accept individuality and are in need of bubbly people please get in touch! Any help is greatly appreciated and I’m more than happy to tell you more about my experience and capabilities. And well thank you to anyone that has taken the time to read this, even if you not able to help out! xx"
fgrk59,1583901146,2020,AskUK,satisfaction,"Obviously inspired by a previous post, I’ve heard the Uk doesn’t have as many opportunities compared to the US but what about Canada? Is it better? Do you feel the pay is the same? Work life balance?"
fgyufr,1583940285,2020,AskUK,dissatisfaction,"According to my calculations,

A £14,000 Salary divided by 12 is £1166 per month before any tax or deduction.

I work an average of 208 hours during that month which by my count makes it £5.60 each hour. £2.61 less than the National Minimum Wage...

Whereas if you reverse this by calculating my hours worked with the £8.21 Minimum Wage, my Salary should be in the region of £20,492?

Am I missing something here or am I getting grossly underpaid? Thanks."
fhtesz,1584070627,2020,AskUK,dissatisfaction,"I’m personally self employed and thankfully doing well enough I could just about weather the storm, even if not I’ve got people around me I could call on, is there a specific charity/agency to donate to and fundraise for to help people on zero hours contracts, the self employed or even people just plain struggling to make ends meet during this crisis? It’s for the benefit of us all if those that are sick stay at home. If there honestly isn’t how would one go about creating such a organisation? And would anyone on here be willing to help? Cheers."
fj94yu,1584308569,2020,AskUK,dissatisfaction,"So we have a new kitchen - or rather, half of one - which has been a shit-show in too many ways to list; some was our naivety, some was our builder’s lack of professionalism, and some was external circumstances.

We’ve just been given the breakdown of costs for what’s been done, plus an estimate for what’s left. Basically it’s 35% more than the original estimate and breakdown, and we’re pretty surprised by that as we were only led to understand that it would be “a bit more”.

We have already paid about half of the total currently invoiced for, but he won’t finish the job until we pay him some more. He is a local tradesman who we have used before, we have a paper trail, but we didn’t formalise any contractual stuff about what happens if it goes way over estimate.

Does anyone have any advice? Some things we’re wondering:

-	Should we continue with him for the remainder (30%) of the project or back out and get someone else in to finish it?
-	If so, can we just pay the proportion he’s done at the cost of his original estimate? Should we add 10% on for his legitimate unexpected costs? Or do we have to pay his new itemised bill (effectively we’ll be paying what he originally estimated but for a kitchen that’s 70% complete).
-	If he made mistakes which cost more money and time, can he ask us to pay that money and time or is it his loss?
-	If he advised us to do something a different way because it would be cheaper and we wouldn’t notice the difference, but we can see the difference, is the cost of rectifying it back to the original plan on him?
-	If parts of the project more than doubled in cost but he didn’t tell us until we got the bill, can that be contested? We had a unit that would be “about £300”, then got estimated as £1500 due to design changes, we rolled those changes back and agreed £380, but it’s been billed at £850 “because it took longer”. We feel it’s unreasonable to add such amounts without consulting us.
-	Where he *has* consulted us about increased costs, it’s been a vague “just a bit more” but has been significant on the final bill. Can this be contested?
-	Can - and should - we look into taking this to court, and if so should we refuse to pay anything more until then? He’s already pressuring us to pay ~~an extra grand~~ a grand from what we owe him “as a gesture of goodwill” before he comes round to discuss the invoice in a couple of days.

Thanks...!

*Edit: clarified that the grand is out of what we still owe him, not extra on top.*"
fk25c3,1584436309,2020,AskUK,dissatisfaction,"I only started this line of work in November last year. I quit my job as a transport manager, got a badge, bought a car, paid to have council approved CCTV installed and took out a 3.5k per year insurance policy. 

I used to work 70 hour weeks to get all my trucks where they needed to be, I thought if I could do that on the taxis I'd make a pretty penny.

Now I'm sat here in my taxi having just gone through the 2 hour rush hour period earning a grand total of £5. 

My insurance and radio rent still has to be paid. Claiming ESA would mean that I get less for a week than what I would earn in a day. I would basically go under. Especially seen as there is talk of this lasting months. 

In retrospect this was a really bad idea.

Anyway I'm not asking for pity but ideas! How can I earn some money?"
fmd4zg,1584787283,2020,AskUK,dissatisfaction,"My place had to close last night, I'm on a zero hours contract. Do I get 80% of my average hours earned or what?

I applied for temp work in ASDA, and they said i'll be doing probably two nights a week. I'd assume I wouldn't get both wages from ASDA and my own place, so it's one or the other right?

If I get 80% of my average hours earned, then it'll obviously be better I not do the temp work with ASDA, so I'm just trying to figure out what's best to do."
fn2dka,1584894639,2020,AskUK,dissatisfaction,"Hi all, wondering if anyone could give me a bit of advice. I'm currently working in IT and have a degree (Information Security) in which I received a 2:2. I am under 30 and i'm potentially interested in a total career change though I'd have no idea what to do. I am potentially considering a change into medicine or microbiology though I would have no income to support myself, I am living with my wife to be and we are very comfortable at the moment but I couldn't see myself being able to quit my job and go back to university to study as I wouldn't be able to afford it. I still have student loans from my previous degree and very little savings at the moment after just buying a house.   


Does anyone have any advice they can give me in regards to potentially going back to university or if it would be possible for me to get a grant / student loans again? Or even if I would need to go back to university do you think I could self study or go straight into a new career with little on paper?   


I am very interested in learning new skills and love to be academic so the act of studying isn't the problem it's more finding the time / money with a full time job which still requires me to keep learning (IT is a very self study sort of profession) and I would be worried that I wouldn't be able to keep up with a part time self study course (which could take over 5 years) and still keep up with my current job as well.   


I know i'm not asking for very much in the way of specifics here but I would be very grateful if anyone had any advice or similar experiences."
fnrga4,1584995880,2020,AskUK,dissatisfaction,I'm worried I'm going to be low pay forever but it's where I must start. I'm not smart enough for university and I'm really not interested in trade jobs.
fo3s7e,1585050400,2020,AskUK,dissatisfaction,"I work for a digital marketing agency, and my boss just called to ask if I would mind going on furlough so the government will pick up 80% of my wage, while still unofficially doing my regular work for the company. 

I don't really want to get involved in scamming the government, but I also need to make sure I'm still earning. Can anyone outline my options for me?

Edit: Ok so I've reached out to my boss for a bit more clarity. As far as I understand, I would get 100% of my wage (80% from the government, 20% from my employer). He said we can't work, but if we could 'volunteer' to keep things ticking over that would be great.

As far as I can tell, he'll ask for the odd task to be done, but won't expect us to be available 9-5. Not as unreasonable as anticipated, but I really wish he would just shut the office or not - I don't want to feel pressured into doing more work than I should be."
fqhe89,1585390290,2020,AskUK,dissatisfaction,"I handed my notice in at my previous job on the 27th of February and worked a months notice, finishing yesterday. I was due to start my new job on Monday (March 30). Yesterday my new employer called after I have been chasing them all week to find out if my start date would be affected and they told me that they would be postponing my start date until June. They also told me that they couldn’t put me on furlough to receive 80% of my salary because I wasn’t employed with them on the 28th of February. My old job are extremely unlikely to put me on furlough due to the fact that I resigned, I wasn’t made redundant. What options do I have with regards to financial aid?? I was due to start my new job 2 days after leaving my previous one, am I really so unlucky that I will not have access to any help? There must be thousands of people in a similar position??"
fsbmkv,1585655816,2020,AskUK,dissatisfaction,"I don’t really know anything about dogs, never had one growing up but always liked the idea. 

I thought it would be a good time because we’re all at home to play with it and help it settle in, need an excuse to go for a walk once a day and the kids would love having one around while they’re off school. 

Is getting a rescue dog the way to do it (Battersea or something)? I know that “a dog is for life” but if it were going really badly and we really couldn’t get on with having a dog is it possible to take it back to the rescue place?

Thanks!"
ft32ff,1585758681,2020,AskUK,dissatisfaction,"My wife is a nurse and is currently dealing with Covid 19 patients on a daily basis. She comes home distraught and shell shocked, and will no doubt affect her mentally, but I'm so proud of her. 

I know everybody is showing a lot of support for NHS staff at the moment but my concern is it will just all go back to normal post this current crisis.

In general I think it is an underpaid job (but also understand economically why that's the case). But why can't we continue to give them great (monetary or non-monetary) benefits as a society?

My idea was to get businesses to sign up now to future benefits for NHS staff i.e. 20% off if you show your card etc. And if they don't sign up, society can put some pressure on them. 

What do you think of this idea? Do you have any good ways of implementing it? Or do you have any other ideas on how to keep the support going in future?"
ftnfe7,1585838247,2020,AskUK,dissatisfaction," 

Hi Guys,

I need some advice. Before the shit hit the fan with the whole current situation, my partner just got a new job offer. She put her resignation on at the old company and was supposed to get started working for the new one on Monday. Pretty much today she found out from the old company (she will finish working for them tomorrow) that she will be put on furlough for one day. However bad news came when shortly afterwards the new company that she was supposed to start with on Monday, called her to tell her that they postponed her for June, assuring her that the job is still on the table, but it will ""probably"" start in June. Now she cannot go back to the old company, which will more than happy have her back for a few more months, due to the furlough and how it will be considered fraud. Is there anything we can do? Other than of course looking for a new interim job, which she will probably do.

I also tried posting this in LegalAdviceUK, however, it got immediately deleted. 

Thank you!"
fu6szw,1585913564,2020,AskUK,satisfaction,"I was reading [this article about Japanese working practices](https://www.theguardian.com/world/2020/apr/03/commuted-sentence-covid-19-spares-the-japanese-salaryman-from-ritual-exhaustion) and how recent events have forced a culture change and promoted flexible working and working from home.

I just wondered about within the UK, obviously not as extreme, but I have worked in organisations whereby leaving early was frowned upon and failing to socialise regularly was also negatively looked upon as one failed to be a ""team player"".

Just wondered what other peoples experiences were like."
fud010,1585936362,2020,AskUK,dissatisfaction,"I'm watching Better Call Saul and the compression artifacting and colour banding is really obvious, which wasn't there before. I haven't noticed this as much with Prime and Disney+ seems to be locked at 720p max. Not sure if it's just my setup or if it's widespread, but Netflix especially looks really bad."
fvuoyt,1586159978,2020,AskUK,dissatisfaction,"# Key News Items

* [PM Johnson in moved to Intensive Care](https://www.bbc.co.uk/news/uk-52192604) 
* [Queens Message](https://www.bbc.co.uk/news/uk-52176222)
* [Stay inside during this warm weather](https://www.bbc.co.uk/news/uk-52172035)
* [Anyone who thinks 5G is related to to the spread of Coronavirus needs a slap.](https://www.bbc.co.uk/news/52168096)
* [Scotland Medical Chief Resigns](https://www.bbc.co.uk/news/uk-scotland-52177171)
  

### Other items

* [COVID Symptoms Tracker](https://covid.joinzoe.com/)
* [NHS Volunteer Responders](https://www.goodsamapp.org/NHS)
* [Please remember the human](https://old.reddit.com/r/AskUK/comments/fr3idn/please_remember_the_human_during_these/)
* [AskUK Census](https://docs.google.com/forms/d/e/1FAIpQLSc-61ybtxjjJ-zScnNBy234clxFpvFiOBWsytEdCUkq2R-lxw/viewform)

# Key Advice

* [NHS Website](https://www.nhs.uk/conditions/coronavirus-covid-19/)
* [Government Advice](https://www.gov.uk/government/topical-events/coronavirus-covid-19-uk-government-response)
* [WHO Website](https://www.who.int/emergencies/diseases/novel-coronavirus-2019/advice-for-public)
* [WHO Mythbusters](https://www.who.int/emergencies/diseases/novel-coronavirus-2019/advice-for-public/myth-busters)
* [Social Distancing Guidelines](https://www.gov.uk/government/publications/covid-19-guidance-on-social-distancing-and-for-vulnerable-people/guidance-on-social-distancing-for-everyone-in-the-uk-and-protecting-older-people-and-vulnerable-adults)
* [Can I go outside?](https://www.bbc.co.uk/news/uk-51506729)
____

* Anyone with a fever or persistent cough should stay at home for seven days if they live alone
* Anyone who lives with someone displaying coronavirus symptoms should also stay at home for 14 days.
* [**People who have to isolate themselves**](https://www.bbc.co.uk/news/uk-51506729) should ask others for help
* Everyone should stop non-essential contact with others. This is particularly important for people over 70, those with underlying health conditions and pregnant women
* People should work from home where they can (this is not mandatory, but recommended)
* People should avoid places like pubs, clubs and theatres. This applies especially to those in London which is ""a few weeks ahead"" of the rest of the UK
* People should stop all unnecessary travel
* By the weekend, those with the most serious health conditions should be largely shielded from social contact for 12 weeks [https://www.bbc.co.uk/news/explainers-51632801](https://www.bbc.co.uk/news/explainers-51632801)
* Britons urged to avoid non-essential travel abroad[https://www.bbc.co.uk/news/uk-51924405](https://www.bbc.co.uk/news/uk-51924405)
* Only accept medical advice dispensed by your doctor - never from social media or forwarded messages (this includes WhatsApp).

&amp;#x200B;

____

# Symptons

[Coronavirus - key symptoms graphic](https://ichef.bbci.co.uk/news/624/cpsprodpb/2EA6/production/_111224911_coronavirus_key_symptoms_uk_640-nc.png)

[What does it do to the body?](https://www.bbc.co.uk/news/health-51214864)

# Should I go to hospital / contact NHS 111?

Unless your symptoms are severe, you should not go to hospital. If you have the symptoms of fever, and a persistent (new) cough, you should self isolate, and follow the official NHS advice:

[https://www.nhs.uk/conditions/coronavirus-covid-19/](https://www.nhs.uk/conditions/coronavirus-covid-19/)

&amp;#x200B;

If your symptoms are worse than this, contact a medical professional (as per link above)

&amp;#x200B;

____

# Noteworthy news items

* [First Nightingale Hospital Opens](https://www.bbc.co.uk/news/uk-52150598)

&amp;#x200B;


# Past Megathreads

[UK Lockdown Megathread](https://old.reddit.com/r/AskUK/comments/fnreap/covid19_uk_lockdown_megathread/)

[Original Announcements](https://www.reddit.com/r/AskUK/comments/fcb58p/mod_post_coronavirus_covid19_announcement/)

&amp;#x200B;

____

# Current Counts

As at 9am ON 05/04/2020 as reported by [UK Department of Health.](https://www.gov.uk/guidance/coronavirus-covid-19-information-for-the-public#number-of-cases)

Total Tests: 195,524

Positive Tests: 47,806

Deaths:  4,934 (5pm, 04/04)

&amp;#x200B;

***Using old reddit? Switch to new reddit to see the collection of posts around this topic.***"
fwhvcs,1586253647,2020,AskUK,dissatisfaction,"# Key News Items

* [PM Johnson spends night in intensive care after symptoms worsen](https://www.bbc.co.uk/news/uk-52194875) 

### Other items

* [COVID Symptoms Tracker](https://covid.joinzoe.com/)
* [NHS Volunteer Responders](https://www.goodsamapp.org/NHS)
* [Please remember the human](https://old.reddit.com/r/AskUK/comments/fr3idn/please_remember_the_human_during_these/)
* [AskUK Census](https://docs.google.com/forms/d/e/1FAIpQLSc-61ybtxjjJ-zScnNBy234clxFpvFiOBWsytEdCUkq2R-lxw/viewform)

# Key Advice

* [NHS Website](https://www.nhs.uk/conditions/coronavirus-covid-19/)
* [Government Advice](https://www.gov.uk/government/topical-events/coronavirus-covid-19-uk-government-response)
* [WHO Website](https://www.who.int/emergencies/diseases/novel-coronavirus-2019/advice-for-public)
* [WHO Mythbusters](https://www.who.int/emergencies/diseases/novel-coronavirus-2019/advice-for-public/myth-busters)
* [Social Distancing Guidelines](https://www.gov.uk/government/publications/covid-19-guidance-on-social-distancing-and-for-vulnerable-people/guidance-on-social-distancing-for-everyone-in-the-uk-and-protecting-older-people-and-vulnerable-adults)
* [Can I go outside?](https://www.bbc.co.uk/news/uk-51506729)
____

* Anyone with a fever or persistent cough should stay at home for seven days if they live alone
* Anyone who lives with someone displaying coronavirus symptoms should also stay at home for 14 days.
* [**People who have to isolate themselves**](https://www.bbc.co.uk/news/uk-51506729) should ask others for help
* Everyone should stop non-essential contact with others. This is particularly important for people over 70, those with underlying health conditions and pregnant women
* People should work from home where they can (this is not mandatory, but recommended)
* People should avoid places like pubs, clubs and theatres. This applies especially to those in London which is ""a few weeks ahead"" of the rest of the UK
* People should stop all unnecessary travel
* By the weekend, those with the most serious health conditions should be largely shielded from social contact for 12 weeks [https://www.bbc.co.uk/news/explainers-51632801](https://www.bbc.co.uk/news/explainers-51632801)
* Britons urged to avoid non-essential travel abroad[https://www.bbc.co.uk/news/uk-51924405](https://www.bbc.co.uk/news/uk-51924405)
* Only accept medical advice dispensed by your doctor - never from social media or forwarded messages (this includes WhatsApp).

&amp;#x200B;

____

# Symptons

[Coronavirus - key symptoms graphic](https://ichef.bbci.co.uk/news/624/cpsprodpb/2EA6/production/_111224911_coronavirus_key_symptoms_uk_640-nc.png)

[What does it do to the body?](https://www.bbc.co.uk/news/health-51214864)

# Should I go to hospital / contact NHS 111?

Unless your symptoms are severe, you should not go to hospital. If you have the symptoms of fever, and a persistent (new) cough, you should self isolate, and follow the official NHS advice:

[https://www.nhs.uk/conditions/coronavirus-covid-19/](https://www.nhs.uk/conditions/coronavirus-covid-19/)

&amp;#x200B;

If your symptoms are worse than this, contact a medical professional (as per link above)

&amp;#x200B;

____

# Noteworthy news items

* [Queens Message](https://www.bbc.co.uk/news/uk-52176222)
* [Stay inside during this warm weather](https://www.bbc.co.uk/news/uk-52172035)
* [Anyone who thinks 5G is related to to the spread of Coronavirus needs a slap.](https://www.bbc.co.uk/news/52168096)
* [Scotland Medical Chief Resigns](https://www.bbc.co.uk/news/uk-scotland-52177171)
  
&amp;#x200B;


# Past Megathreads

[UK Lockdown Megathread](https://old.reddit.com/r/AskUK/comments/fnreap/covid19_uk_lockdown_megathread/)

[Original Announcements](https://www.reddit.com/r/AskUK/comments/fcb58p/mod_post_coronavirus_covid19_announcement/)

&amp;#x200B;

____

# Current Counts

As at 9am ON 05/04/2020 as reported by [UK Department of Health.](https://www.gov.uk/guidance/coronavirus-covid-19-information-for-the-public#number-of-cases)

Total Tests: 252,958

Positive Tests: 51,608

Deaths:  5,373 (5pm, 05/04)

&amp;#x200B;

***Using old reddit? Switch to new reddit to see the collection of posts around this topic.***"
fx2njc,1586334196,2020,AskUK,dissatisfaction,"# Key News Items Today

[Nothing yet]

### Other items

* [COVID Symptoms Tracker](https://covid.joinzoe.com/)
* [NHS Volunteer Responders](https://www.goodsamapp.org/NHS)
* [Please remember the human](https://old.reddit.com/r/AskUK/comments/fr3idn/please_remember_the_human_during_these/)
* [AskUK Census](https://docs.google.com/forms/d/e/1FAIpQLSc-61ybtxjjJ-zScnNBy234clxFpvFiOBWsytEdCUkq2R-lxw/viewform)

# Key Advice

* [NHS Website](https://www.nhs.uk/conditions/coronavirus-covid-19/)
* [Government Advice](https://www.gov.uk/government/topical-events/coronavirus-covid-19-uk-government-response)
* [WHO Website](https://www.who.int/emergencies/diseases/novel-coronavirus-2019/advice-for-public)
* [WHO Mythbusters](https://www.who.int/emergencies/diseases/novel-coronavirus-2019/advice-for-public/myth-busters)
* [Social Distancing Guidelines](https://www.gov.uk/government/publications/covid-19-guidance-on-social-distancing-and-for-vulnerable-people/guidance-on-social-distancing-for-everyone-in-the-uk-and-protecting-older-people-and-vulnerable-adults)
* [Can I go outside?](https://www.bbc.co.uk/news/uk-51506729)
____

* Anyone with a fever or persistent cough should stay at home for seven days if they live alone
* Anyone who lives with someone displaying coronavirus symptoms should also stay at home for 14 days.
* [**People who have to isolate themselves**](https://www.bbc.co.uk/news/uk-51506729) should ask others for help
* Everyone should stop non-essential contact with others. This is particularly important for people over 70, those with underlying health conditions and pregnant women
* People should work from home where they can (this is not mandatory, but recommended)
* People should avoid places like pubs, clubs and theatres. This applies especially to those in London which is ""a few weeks ahead"" of the rest of the UK
* People should stop all unnecessary travel
* By the weekend, those with the most serious health conditions should be largely shielded from social contact for 12 weeks [https://www.bbc.co.uk/news/explainers-51632801](https://www.bbc.co.uk/news/explainers-51632801)
* Britons urged to avoid non-essential travel abroad[https://www.bbc.co.uk/news/uk-51924405](https://www.bbc.co.uk/news/uk-51924405)
* Only accept medical advice dispensed by your doctor - never from social media or forwarded messages (this includes WhatsApp).

&amp;#x200B;

____

# Symptons

[Coronavirus - key symptoms graphic](https://ichef.bbci.co.uk/news/624/cpsprodpb/2EA6/production/_111224911_coronavirus_key_symptoms_uk_640-nc.png)

[What does it do to the body?](https://www.bbc.co.uk/news/health-51214864)

# Should I go to hospital / contact NHS 111?

Unless your symptoms are severe, you should not go to hospital. If you have the symptoms of fever, and a persistent (new) cough, you should self isolate, and follow the official NHS advice:

[https://www.nhs.uk/conditions/coronavirus-covid-19/](https://www.nhs.uk/conditions/coronavirus-covid-19/)

&amp;#x200B;

If your symptoms are worse than this, contact a medical professional (as per link above)

&amp;#x200B;

____

# Noteworthy news items this week so far

* [PM Johnson spends night in intensive care after symptoms worsen](https://www.bbc.co.uk/news/uk-52194875)
* [Queens Message](https://www.bbc.co.uk/news/uk-52176222)
* [Stay inside during this warm weather](https://www.bbc.co.uk/news/uk-52172035)
* [Anyone who thinks 5G is related to to the spread of Coronavirus needs a slap.](https://www.bbc.co.uk/news/52168096)
* [Scotland Medical Chief Resigns](https://www.bbc.co.uk/news/uk-scotland-52177171)
  
&amp;#x200B;


# Past Megathreads

[UK Lockdown Megathread](https://old.reddit.com/r/AskUK/comments/fnreap/covid19_uk_lockdown_megathread/)

[Original Announcements](https://www.reddit.com/r/AskUK/comments/fcb58p/mod_post_coronavirus_covid19_announcement/)

&amp;#x200B;

____

# Current Counts

As at 9am ON 07/04/2020 as reported by [UK Department of Health.](https://www.gov.uk/guidance/coronavirus-covid-19-information-for-the-public#number-of-cases)

Total Tests: 266,694

Positive Tests: 55,242

Deaths:  6,159 (5pm, 06/04)

&amp;#x200B;

***Using old reddit? Switch to new reddit to see the collection of posts around this topic.***"
fx7qfx,1586357212,2020,AskUK,dissatisfaction,"My mum is a manager in social services for local government in England. She’s almost 60 and really burnt out with frontline work and managing social workers. Apart from possibly teaching on a social work university course, what other jobs might she be qualified for? She’s been working for the same local government for 20 years so isn’t sure how to go about finding jobs outside of that. Has anyone else made a similar move? Any advice would be really appreciated!"
fxu3u4,1586445043,2020,AskUK,dissatisfaction,"I’m a guy fast approaching 30 years old, and recently got a good job offer (civil service fast stream) however the role is based in London. I used to work in London but left as I hated the commute and just didn’t generally enjoy the London lifestyle. I also thought property ownership seemed hopeless, as unless you’re earning £60/70k+ everything is very expensive unless you commute 1.5 hours or more. 

Where I live now I have a very relaxed lifestyle with a 10 minute commute to work, and my job pays decently (about £27k also in the public sector), however I do understand there are career limitations within this area. 

I’m lost what to do, as I feel I’m at the age where I want to settle down, and part of me wants to see where the fast stream leads,  but another part of me feels it won’t make me any happier and I’m worried I’ll get stuck in a position where I’m back to commuting 3.5 hours a day, to a stressful job and still not being able to afford my own place.

Any advice would be appreciated here, thank you! It’s sometimes hard to think with a clear head during these times of self-isolation."
fytqj2,1586568740,2020,AskUK,dissatisfaction,So we’re supposed to get a pay review in April but because of recent events I feel like it’s not going to happen. There has been talks we are losing money however we’ve just signed two major new clients. I could probably let the pay rise go but honestly this is my first job and I’m severely underpaid for my industry.  Most people at my work moan about the salary so it’s a known issue and what most people have left because of this very reason. I really like where I work and I’d love to stay but me my partner need more money.
g0it2x,1586784014,2020,AskUK,dissatisfaction,"# Key News Items This Week

* [UK set to extend lockdown by 3 weeks](https://www.bbc.co.uk/news/uk-52304914)
* [Some restaurants to re-open](https://www.bbc.co.uk/news/business-52300054)
* [Furlough scheme extended to newly-hired staff](https://www.bbc.co.uk/news/business-52279455)
* [Furlough scheme extended to June 2020](https://www.bbc.co.uk/news/business-52323918)
* [Nine in 10 dying have existing illness](https://www.bbc.co.uk/news/health-52308783)

### Other items

* [COVID Symptoms Tracker](https://covid.joinzoe.com/)
* [NHS Volunteer Responders](https://www.goodsamapp.org/NHS)
* [Please remember the human](https://old.reddit.com/r/AskUK/comments/fr3idn/please_remember_the_human_during_these/)
* [AskUK Census](https://docs.google.com/forms/d/e/1FAIpQLSc-61ybtxjjJ-zScnNBy234clxFpvFiOBWsytEdCUkq2R-lxw/viewform)

# Key Advice

* [NHS Website](https://www.nhs.uk/conditions/coronavirus-covid-19/)
* [Government Advice](https://www.gov.uk/government/topical-events/coronavirus-covid-19-uk-government-response)
* [WHO Website](https://www.who.int/emergencies/diseases/novel-coronavirus-2019/advice-for-public)
* [WHO Mythbusters](https://www.who.int/emergencies/diseases/novel-coronavirus-2019/advice-for-public/myth-busters)
* [Social Distancing Guidelines](https://www.gov.uk/government/publications/covid-19-guidance-on-social-distancing-and-for-vulnerable-people/guidance-on-social-distancing-for-everyone-in-the-uk-and-protecting-older-people-and-vulnerable-adults)
* [Can I go outside?](https://www.bbc.co.uk/news/uk-51506729)
____

* Anyone with a fever or persistent cough should stay at home for seven days if they live alone
* Anyone who lives with someone displaying coronavirus symptoms should also stay at home for 14 days.
* [**People who have to isolate themselves**](https://www.bbc.co.uk/news/uk-51506729) should ask others for help
* Everyone should stop non-essential contact with others. This is particularly important for people over 70, those with underlying health conditions and pregnant women
* People should work from home where they can (this is not mandatory, but recommended)
* People should avoid places like pubs, clubs and theatres. This applies especially to those in London which is ""a few weeks ahead"" of the rest of the UK
* People should stop all unnecessary travel
* By the weekend, those with the most serious health conditions should be largely shielded from social contact for 12 weeks [https://www.bbc.co.uk/news/explainers-51632801](https://www.bbc.co.uk/news/explainers-51632801)
* Britons urged to avoid non-essential travel abroad[https://www.bbc.co.uk/news/uk-51924405](https://www.bbc.co.uk/news/uk-51924405)
* Only accept medical advice dispensed by your doctor - never from social media or forwarded messages (this includes WhatsApp).

&amp;#x200B;

____

# Symptons

[Coronavirus - key symptoms graphic](https://ichef.bbci.co.uk/news/624/cpsprodpb/2EA6/production/_111224911_coronavirus_key_symptoms_uk_640-nc.png)

[What does it do to the body?](https://www.bbc.co.uk/news/health-51214864)

# Should I go to hospital / contact NHS 111?

Unless your symptoms are severe, you should not go to hospital. If you have the symptoms of fever, and a persistent (new) cough, you should self isolate, and follow the official NHS advice:

[https://www.nhs.uk/conditions/coronavirus-covid-19/](https://www.nhs.uk/conditions/coronavirus-covid-19/)

&amp;#x200B;

If your symptoms are worse than this, contact a medical professional (as per link above)

&amp;#x200B;

____

# Noteworthy news items this week so far

* [PM out of hospital](https://www.bbc.co.uk/news/uk-politics-52262012)
* [PM Johnson spends night in intensive care after symptoms worsen](https://www.bbc.co.uk/news/uk-52194875)
* [Queens Message](https://www.bbc.co.uk/news/uk-52176222)
* [Stay inside during this warm weather](https://www.bbc.co.uk/news/uk-52172035)
* [Anyone who thinks 5G is related to to the spread of Coronavirus needs a slap.](https://www.bbc.co.uk/news/52168096)
* [Scotland Medical Chief Resigns](https://www.bbc.co.uk/news/uk-scotland-52177171)
  
&amp;#x200B;


# Past Megathreads

[UK Lockdown Megathread](https://old.reddit.com/r/AskUK/comments/fnreap/covid19_uk_lockdown_megathread/)

[Original Announcements](https://www.reddit.com/r/AskUK/comments/fcb58p/mod_post_coronavirus_covid19_announcement/)

&amp;#x200B;

____

# Current Counts

As at 9am ON 12/04/2020 as reported by [UK Department of Health.](https://www.gov.uk/guidance/coronavirus-covid-19-information-for-the-public#number-of-cases)

Total Tests: 438,991

Positive Tests:  108,692

Deaths:  14,576 (5pm, 16/04)

&amp;#x200B;

***Using old reddit? Switch to new reddit to see the collection of posts around this topic.***"
g1alhe,1586887707,2020,AskUK,dissatisfaction,"Or anything that requires a driving license. Do you need to know the places really well?
Are you required to have your own car?

Im mostly looking for something that doesnt require you to have your own car.

I dont want to be underpaid but I also love driving. Im also going to school. 

Thank you"
g3aell,1587157218,2020,AskUK,dissatisfaction," 

I'm a final year undergraduate (Politics and History expecting a 2:1) who has applied for the graduate schemes (Civil service fast stream, Treasury etc) and didn't make the cut.

I accepted my job offer to teach in Shanghai from EF English First in February, the deadlines for most graduate schemes have passed and I don't want to get stuck in a dead-end job so early on. I was happy for the opportunity and I was happy when I thought my job search had ended. A masters degree isn't really an option at the moment because, to be honest, I need a break from education for both personal and financial reasons

Is it worth spending a year in Shanghai? Learn the language, have something to really make my CV stand out for when I take another swing at those graduate schemes when I get back? The job market in the UK isn't looking too great at the moment so 12 months in China might be a smart move.

I'm open to advice here. Everyone who gives me their views is either extremely for or extremely against the idea"
g5cb6r,1587462383,2020,AskUK,dissatisfaction,"I am trying to dispute a JSA claim rejection, but the phone given in the decision letter does not seem to work (5 minutes of voice record, asking to hold, then going straight into the 'busy' mode and disconnecting). The other given option to dispute is by post, which I don't want to do (them receiving a letter now would be a miracle). Does anyone know what else can be done? The rejection letter says I have one month to dispute.
Google does not seem to provide an answer to my case.
Thank you!"
g6i1mv,1587625351,2020,AskUK,dissatisfaction,Someone in my building is drilling and hammering at 7.45 am. Would I be unreasonable to make a post on the residents group asking them to wait til at least 9am?
g8eacg,1587907449,2020,AskUK,dissatisfaction,"Hello all,

I'm 20 years old. I come from Colchester, Essex, it's my hometown. The education facilities aren't the best here (in my opinion). We have Colchester Sixth Form College and Colchester Institute. I've been to Colchester Institute about 3 different occasions and only once was it successful, and when I was a bit younger, I went to the local Sixth Form and actually lasted there (I did GCSEs).

Basically, in September 2017, I went to do some A-levels at a Colchester Sixth Form, but I only lasted a month because of my mental and physical health got worse. So, I dropped out.

Fast forward to 2020 and I'm still not too well, but I really want to sit some A-levels again in Hampshire because some of the colleges in Hampshire accept adults’ students and offer the courses I want to do.  However, despite wanting to do these A-levels, I’m still not mentally and physically well enough. I have mental health issues and an obesity problem. My obesity problem isn’t to the point where I can’t walk, but it does take a toll on my confidence. I’m obese but mobile.

What I’m worried about is that if I move down to Hampshire (Totton area) that I’ll won’t be able to cope, but I don’t want to keep wasting my life not doing my education. I’ve delayed everything for ages.

Once this situation is over with, I’m going on a Tier 3 programme for obesity in Cambridgeshire (this is NOT for weight loss surgery). I’ll probably go once or twice a week. But now that I’ve been accepted by Cambridgeshire, I don’t want to move away and have to get referred by another GP in Totton to the Southampton obesity clinic and wait again. Also, I won’t have my mum with me wither - I’d be alone.

I’m also under the mental health team in Colchester, and to be completely honest they’re really bad! I’ve been under them since August 2018 and I’ve only ever had one lot of group therapy… which was only for 6 weeks. But I've waited so long for help that I think I should wait a little longer? But the mental health team in colchester have treated me so badly in terms of my mental health. They have neglected me (I have made several complaints about their service). 

So, I’m really quite torn as to what I should do. Move away and start fresh somewhere else OR stay put and go next year? I’m really considering moving away, but I’ve been so reliant on my mum to help and support me that I don’t know if I’ll cope without her.

I really don't want to do a foundation year at university, I feel like I need A-levels and these grades.

Helpful replies only please."
gaugd2,1588248544,2020,AskUK,dissatisfaction,"Hi, 

I know this might be a very stupid question but it’s the first time I have to deal with this. I left my old job in the end of March and now they are withholding my last salary because of ‘overpayment’. 

They’ve given me my payslip and it says Backpay - Pensionable - £1,073. I checked my other payslips and theyve only taken £92,85 of pension out of my wages. Even if they contributed as much as I did towards my pension that still doesn’t equal to a thousand pounds. 

I worked for them for 4 months in total, the first two months no pension is indicated on my payslip. I went over the contract and I don’t see anything about pension contributions. I contacted the payroll team and they said they can’t do anything. Ive tried to contact my old manager but he is avoiding me. 

I gave in my resignation in the required time frame, so it shouldn’t be a punishment for leaving prematurely, and I have never been made aware about anything of the sort. What should I do?"
gdfemh,1588611722,2020,AskUK,dissatisfaction,"Netflix is aggressively pushing a show called *Too Hot to Handle*, wherein a bunch of beautiful influencers or some shit all walk around in bathing suits and compete to not have sex for a cash prize which nobody knows the method of distribution for.  It's really, really bad.

On the show, a British girl keeps talking about how badly she needs a ""geezer"".  It took me little while, but I eventually figured out she wasn't talking about an old man, which is what ""geezer"" means here in the US.

I googled geezers and got some info, but I'm still kind of confused.  What would you say a geezer is, and what are the connotations of being one?  Is it pejorative in any way?  Is the word long established, e.g. would your parents have called each other geezers, and their parents before them, or is it more modern?  Do people aspire to be geezers?  Is it a regional word?  Used in particular social classes and not others?

Tell me all about geezers."
gdw472,1588678464,2020,AskUK,dissatisfaction,"Hello. I have for the past hour been looking for a basic bank account that comes with the option to use Google Pay and I have been unable to find one. The reason I want to use google pay is that I don't want to have my debit card on me or keep getting them out to pay as I have had them stolen in the past.

Why do banks discriminate towards people like me? and why do they not allow payments on google pay/Apple pay and so on? 

I currently bank with Barclays their app is what I have to use to pay but that app is useless as it keeps coming up with an error and telling me my card is ""unsupported"" even when it is, also to pay have have to keep logging in to the app every time."
gf9haf,1588867944,2020,AskUK,dissatisfaction,I'm at 1hr40 minutes for something to do with citizens advice ....I had to close the call in resignation when it was time for me to make dinner
gfuogi,1588949849,2020,AskUK,satisfaction,"lesser known career paths that have high wages, good work life balance etc and aren’t that competitive. 

E.G. Job X leads to you earning 30,000 as a starter- with flexibility working hours and the ability to easily move abroad."
gj8fpd,1589405988,2020,AskUK,dissatisfaction,"I got a First in History two years ago from a decent Uni and have since been working for the past two years at a law firm in what is basically a glorified admin role. I’ve never felt this low in my life before and seem to have just stopped caring about everything, as soon as I finish work I just resort to escapism as thinking about my life just worsens my mood.

I hate my job and don’t even want to work in this sector but I have no idea what I want to do as an alternative and can’t leave until I find one. I’ve applied for quite a few “generalist” graduate schemes in the hope that I can learn what I like whilst on the programme but I’ve struggled to find many and haven’t had that much luck with applications.

I know I shouldn’t compare myself to others but I think it’s only natural and I get depressed when I’m still on less than 20k, have no promotion opportunities and am constantly stressed whereas I have friends earning over 30k, some closer to 40k and love what they do. I feel like I’m losing intelligence as a person also by doing a mundane job for two years. I feel like I used to be smart at A-level and uni but my brain just doesn’t seem to work anymore.

For graduate/entry level type roles I have been looking in a couple of fields such as publishing, a few people have mentioned banking but I’m not sure I like the sound of the schemes in my area, should I just keep trying to plug away and apply for grad schemes which offer more general programmes? I know entry level jobs are a good way for graduates to try and get their foot in the door at places but that’s what I’ve done here and two years later I hate my life and have gone nowhere lol.

Any advice would be greatly appreciated!"
gkx225,1589644978,2020,AskUK,dissatisfaction,"Presumably you could get the same level of care from a different funding system, like in Australia, which is still very fair.EDIT: the point has been made that the NHS staff are underpaid and can be badly treated. Surely this is an aspect of the NHS model that is not loveable? And while it's free at point of use, it is hugely expensive overall"
gsazbg,1590688189,2020,AskUK,dissatisfaction,"My mum ordered a new bed from them last week, and it still hasn't arrived and the tracking number doesn't seem to exist. Looking online, it has a good trustpilot review but really bad review.io reviews, and considering it seems to sell stuff from other furniture places I'm pretty sure its some sort of scam.

Basically, did my mum get scammed or should we just keep waiting??"
gsew0q,1590700179,2020,AskUK,dissatisfaction,I was watching Sky News on there ad the delay compared to the Freeview version is actually quite massive. I imagine it's really bad for watching sports if this is the case there as well. I notice iPlayer is also about 40 seconds behind as well. Why is that? If internet is faster than ever then surely it would be a moot point?
gtisua,1590862342,2020,AskUK,dissatisfaction,"So I suffer from really bad hay fever and have in the past looked at getting an air purifier to try and help, especially during the night, but never actually brought one. I've heard mixed things about them and it seems to be 50/50 whether they help or not, but I'm prepared to see for myself.

Does anybody else here use one, if you do, which one and would you recommend it?"
gu32tz,1590946120,2020,AskUK,dissatisfaction,"Hello there,

So at the moment I'm finishing up college, and since November 2019, I have been searching for apprenticeships. I'm looking for one in cyber security, and have applied for a few already. I've only had a response from one. 

Ever since the recent issues that has affected us all, I've not been able to find any apprenticeships in my area of interest, and I'm worried that because of recent events, companies won't be finacially able to bring on apprentices. I've been thinking of taking a year out to earn some money, and look for apprenticeships then, but I'm aware that some companies don't like bringing on apprentices who aren't between 16-18 because of the bursary they get, and I'm going to be 19 in November 2020. 

University isn't something I'm planning on doing. I have really bad dyslexia, and I have always felt that university wouldn't be the sort of thing that would help me in the future. 

Has anyone got any suggestions? If I haven't made sense, or I've forgotten to add some information, just let me know and I'll fill in the gaps.
Thanks :)

*Edit* - To everyone who says to apply for university where one year is a placement, the other 3 will be essays and written work, and I mentioned above that I would not consider university. I've struggled with my college course already, and I only just scraped through."
hbcn0j,1592478741,2020,AskUK,dissatisfaction,"(Automod is rejecting the post when I use a single word that describes the process when someone delivers something to you)

I  ordered some running kit online, paying extra for it to arrive at my house the next day.  A  week later, a certain ""company that commissions people to come along in vans and put objects onto my doorstep"" still claims that it will cause the package to be provided to me soon.  Aftfer six days of such untruths, I've  given up, and ordered the same kit from a different shop.

So, I now want to reject the original order if and when the logistics company ever pulls its collective finger out.

What  happens when you reject a thing you have ordered? Is the driver forced to accept that  you are rejecting it, does s/he give you a receipt to acknowledge the  rejection, and is the value guaranteed to go back onto the credit card?"
hfkn59,1593085411,2020,AskUK,dissatisfaction,"I'm in a bit of a quandary just now: Just had a guy offer to cut my front lawn for £50 (there's not that much grass, it doesn't really need cut and I don't have that kind of money just kicking about in any case) and he was quite pushy about it.  I had to politely decline, but he refused to leave and kept pushing. Eventually I just had to tell him a firm ""really sorry, but no."" and shut the door.

I feel really bad as I know a lot of people will be out of work right now, but he made me feel really uneasy, and I've heard of people being scammed in this way before.  People offer to do a job for a price, but then they say you owe them more than what they initially quoted. What is the best way to deal with and identify potential ""cowboy gardeners""?  How do you know when you can trust someone without offending them?  Maybe he was just a guy looking to make some extra cash?  Feeling a bit shaken.  Any advice welcome, thank you!"
hs960o,1594904328,2020,AskUK,dissatisfaction,"Markings were finished very hastily this year due to Covid and my girlfriend was very disappointed to get a low 2:2 (52%) on what we both deemed to be her best work yet.

[https://preview.redd.it/9fsnakoft7b51.jpg?width=536&amp;format=pjpg&amp;auto=webp&amp;s=62ac0747a9c9c28d6bf0657647ccec4aee096a64](https://preview.redd.it/9fsnakoft7b51.jpg?width=536&amp;format=pjpg&amp;auto=webp&amp;s=62ac0747a9c9c28d6bf0657647ccec4aee096a64)

I told her to ask for feedback so we can see where she lost out on marks but isn't this marking criteria unreasonable (see link above)? Usually 50-59% is considered ""fair"" (somewhere between adequate and good), 60-69% is what should be considered ""Good"", and 70-79% should be considered ""Very good"". This seems way too harsh... Why is 50-59% (the equivalent of a C grade) considered ""good"". If it really is good work, she deserves somewhere between 60-69%, a B grade, am I wrong? I'm going to encourage her to appeal it, what do you guys think?

Her written feedback as a whole was good."
hx3rp7,1595604435,2020,AskUK,dissatisfaction,I am 16 and I have no idea what to choose. I need some advice because my decison making is really bad
hy6p4u,1595769151,2020,AskUK,dissatisfaction,"I’ve recently started using the butchers to buy all of my meat rather than the supermarkets and have noticed the considerable difference in quality. Obviously it’s slightly more expensive but I’m not finding it unreasonable at all so far.

However I am finding that I’m still going for the ‘typical’ and ‘safe’ meat choices such as chicken, sausages, bacon, pork chops etc.

What are some other choices that are worth looking in to to mix it up a bit? I like all meat and am willing to try most things, price isn’t too much of an issue either."
i4o3q2,1596703228,2020,AskUK,dissatisfaction,"I have moved to Northern England from Canada, and am having the worst time trying to find a new place to rent. 

My boyfriend and I moved from Canada with our very well mannered, indoor cat. We paid nearly $2000 to bring her here with us, and to say she is family is very true in my heart. When looking for a place to rent last year, we were finally able to find a place (after discussion and an extra non-refundable pet deposit of £150) that would accept us and our fur baby. This was after searching for 3 months and contacting about 200 properties that didn't specifically state STRICTLY NO PETS in their ad.

Fast forward to this year and we need to move. Every time I find a place with nothing RE pets on the ad, I get my hopes up a little, only to be heartbroken when calling the lettings agent. I'm beyond sad and frustrated. How is the RSPCA not making a bigger deal of this? Why is it so difficult to find rentals that will accept pets???

I know I'm going to have people in the comments saying about if you can't afford to buy a home then you should wait to have a pet. However, given the increasing difficulty in making the leap from the rental market to home ownership, are people expected to simply give up on being pet owners?

In Canada, I would estimate at least 25% of rentals are pet friendly. Further to this, in some provinces it is illegal to not allow pets for rental properties (to combat animals being abandoned).

We will never give up our cat. I'll just keep searching I guess... T.T

(sorry for the rant, I'm just so sad and frustrated after another 100th rejection)"
i56nd1,1596771662,2020,AskUK,dissatisfaction,"Sorry if this is the wrong sub, I couldn’t think where it would fit.

I live in an apartment and the past two nights there’ve been several wasps in the kitchen at weird, antisocial-for-a-wasp hours. I think they are coming in through the recessed light fittings in the ceiling.

There’s an apartment above us so it’s not just roof space. Is there any way to destroy the nest from our apartment before I have to get the useless building management involved? Or do I just have to resign us to taking shifts with the Raid underneath the kitchen light?"
iblea4,1597693688,2020,AskUK,dissatisfaction,"Hi, my employer (English) is looking at making redundancies at the end of October and my job is at risk. They have sent an FAQ out and a particular section concerns me. It regards being offered a different (I.e. lower paid) position within the company if I'm not successful. It reads as follows:

Q. If I’m offered a position and turn it down, do I still get redundancy if there is no other position for me? 

A. If we deem the position offered to be ‘suitable alternative employment’ to avoid redundancy then no you would not receive redundancy as you would have resigned..

I'm concerned about how legal that is, as I feel that reduced pay is a good reason to not accept that alternative position. 

If it is the case that I would still be entitled to redundancy pay, what steps can I take?

Thanks

(Crossposted from r/legaladviceuk)"
icspev,1597859816,2020,AskUK,dissatisfaction,"I am handing my notice in tomorrow, under normal circumstances I would approach the manager in person and hand the letter to her. I have an unrelated meeting tomorrow and was planning to start the meeting with advising her I am resigning and then follow this up with an email. Alternatively, I could send a letter earlier in the day and follow up in the meeting.


What are your thoughts on this?

EDIT thanks for the replies the meeting is supervision discussing discussing case loads, development etc which is why I felt it would be acceptable to start off with my resignation before continuing

Thanks"
id9o2r,1597927803,2020,AskUK,dissatisfaction,"I don’t like my job at all, and have a good level of savings that would cover me for quite a while. I had been successful at getting interviews and 2nd interviews before everything stopped, and the job I do has had to carry on throughout, also you need specific professional exams to do it. It’s the people I work with and company culture I don’t like, not the job itself. Even so it feels like it could be crazy to resign without a job to go to."
ifz61k,1598307101,2020,AskUK,dissatisfaction,"Sorry posting on mobile    

  
We've just moved to a terrace house and the neighbours seem quite nice, say hi when they see us but haven't stopped for introductions or anything   

  

I have quite bad [misophonia](https://en.wikipedia.org/wiki/Misophonia) which I manage with loud fans and earplugs at night etc as I understand being in a terrace means noise (couldn't afford a detached)   

  

I can hear the neighbours clock through the wall in the living room as it's on a shared wall and it's so loud I can hear it over the TV and  it even bothers my partner who does not suffer from misophonia. It does sound like a particularly loud clock to give context, I can't wear a watch because the ticking bothers me.   

  

 I'm unsure whether it would be totally unreasonable to ask them to move it or not? I understand it might be impossible to move, maybe due to the design of the room or something but is it worth asking? And if so, how would I approach this?   

  

I'd hate to create a bad atmosphere with the neighbours! Any advice would be really appreciated"
igkq6x,1598388428,2020,AskUK,dissatisfaction,"A few weeks ago (when it rained really badly) we noticed a slow leak in our bathroom ceiling.

When I went to check in the attic there was a wet patch on the wall but I couldn’t see what the source was. We had a roofer out who checked out roof and couldn’t see any issues with it and concluded it must be coming in through the neighbour’s roof/chimney and soaking into the shared wall.

He said there was nothing he could do and it was an issue for them to sort. The problem is they don’t speak much English and the landlord is unbelievably hard to get in touch with.

What options do I have here? Is there anything I/a professional can do to stop the water getting in on our side?

I’m in the Manchester area."
ihoex7,1598546357,2020,AskUK,dissatisfaction,"
The question might be a bit confusing but I’ll explain. 

So basically, my aunt and her family came to stay over for a month recently from France (no, if you’re wondering) and I’ve never seen my mum this happy before. Both of them would always do stuff like how sisters do. When they left yesterday, my mum was and still is really depressed. So was everyone else since well our families are very close, closer than normal relatives ig. She hasn’t been doing anything like she was doing while they were here and it really breaks my heart seeing her so sad. 

So I have decided to help. I have two options:

1. Find some friends for my mum

2. Move to France (we are debating that right now)


For number one, my mum has had a couple of friends in the past, but they ended really badly. She always talks to my dad about this, how he should’ve helped her with this since he has A LOT of friends. She has a lot of friends in Algeria and in Japan, but those countries aren’t the best (what my parents say). We used to go to both a lot in the summer, with my aunt ofc. She really needs some support especially now. My mum isn’t the best at speaking English and isn’t confident at all since she came back to the UK around 2006, but she used to live here for a while. She would rather speak in her other languages so Amazigh (it’s an old language used in Algeria), Japanese, a bit of Korean or French. So that would rule out a lot of people. So basically she would rather people who are from those countries that have those languages, or if you just speak them that’s fine. (Sorry if this is a bit rude) 

For number two, my parents are thinking this because we feel like we would really excel here, for example everyone in my family can speak french, and my mum is definitely more comfortable over there. She can defo get a job over there, and a house too lol. We are quite wealthy as well so I guess that is a privilege too. My aunts family also say the schools are ok, but I’m confused by the system. I feel more at home in France too, I go there every year and I might go there by myself in Dec as well. I am still thinking this through so I need some help as this idea is very new to us. Then again I really like London.

But I’m only 13 (i don’t know if saying your age is against the rules) so I guess I don’t think an adult would take me seriously plus I can’t stand talking to people. Also I don’t think it’s the best time now, but I’d rather my mum being happy than my dignity so there. Also sorry if some points in this offended anyone, and sorry if this was pointless. Also sorry if this wasted your time as well.

If you got to the end, you deserve an award 

🥇 🥇🥇🥇🥇🥇🥇🥇🥇🥇🥇🥇"
ii47up,1598608304,2020,AskUK,satisfaction,"I came across a post asking people how the NHS had let them down with healthcare. It made me realise the primary way I'd been let down is by my employment.

As a disclaimer, which goes without saying, the idea of the NHS is fantastic as well as the actual hardworking staff I've come across both personally and professionally. I've worked with colleagues who do care about their patients and their role but are often shortchanged by a system that is severely pressurised by chronic underfunding and what seems to be a lack of empathy for staff.

In my few years in various roles I've worked in very toxic environments, unsupportive managers, managers who won't listen to suggestions, annual leave rejected for stupid reasons, bullying, harassment, colleagues being treated horrendously by other staff, and so on. These problems can obviously exist in other work environments, but it seems nearly every NHS role I've had has some unbearable element of this. It took me some time to realise it wasn't right, and then some more time to decide to leave.

I'm a bit sad about this as I genuinely enjoyed my job and helping patients, especially as I'd trained for some years and put the time and money into it. 

Anyone else been in this position before and what did you do about it?"
iif7j0,1598647680,2020,AskUK,dissatisfaction,"So i received a letter today that i owe HMRC over 100.00 in underpaid tax. Now i work in the same company for 2 3/4 years, although i did start a new role in the company at the beginning of April last year. Not like im working multiple jobs or self employed which could leave me open to these mishaps. Has someone made a mistake here in calculating the tax i should have been paying?"
il4wvm,1599045617,2020,AskUK,dissatisfaction,"TLDR - adverse life events over time led to recent exhaustion/burnout. Signed off from my current temporary role, informed contract will not be renewed. Similar situations prior to this.

Worried about being out of work and what to put on the gaps in employment box on future applications.

On the plus side, am now in the process of seeking proper help that I should have done years ago.

Edit - thanks for sharing your experiences. Hope you are all doing well."
imyr3p,1599300825,2020,AskUK,dissatisfaction,"For context, I resigned from my last job back in April so that my wife and I could relocate to our hometown. She managed to secure employment before the move, I didn't.

I've been jobhunting since and it's been pretty goddamned disheartening. I had my most recent interview earlier this week and they said they'd get back to me ""late this week or early next week"".

In my experience with my previous employer, both as an applicant (external and promotion) and as a member of interview panels, I am used to the successful applicant being told by phone either that day or very first thing the next day. As a panel member, I learned that the panel would most often make their decision almost immediately after the last person was interviewed then once they had they couldn't possibly contact the successful applicant quickly enough, half because it was the fun part of the process they enjoyed doing and half because they wanted to get the ball rolling to get the person on site. Then they would tell HR to contact the unsuccessful applicants, which would take time.

In both of my last two interviews, it took them a week or more to get back to me and they only responded after I chased them.

The point I'm trying to make is that I get incredibly depressed and disheartened if I don't hear back by lunchtime the day after I've interviewed. My wife and parents keep telling me that I only have experience of one organisation and in some cases, it really does take a few days either to make a decision or to get the requisite sign-off to make an offer. I'd appreciate whatever insight you guys can provide."
ipg522,1599659064,2020,AskUK,dissatisfaction,"I currently have a Humax Freesat box and the signal has started getting really bad.  I really cant be bothered trying to fix the dish/LNB so I'm looking into a way to get a live stream app for UK TV and have it work from my Firestick so everything is on the one service (netflix, Amazon Prime etc)

Anyone know an app or service that works well?  

I've come across TVPlayer but from the looks of it, it doesnt have HD channels.  Which I thought was a bit odd so maybe someone can clarify this? I'd also prefer not to pay just because we really don't watch TV very often but would certainly like the option.  Does Pluto TV have channels like BBC, ITV etc?"
ir7r7n,1599893236,2020,AskUK,satisfaction,"Hi!

I’m interested in expanding by bakery business to UK, but I would like to test the demand in UK on a small batch first. I need to hire someone who would bake bread at home 3 times a week.

What is the best way to find such person? I already tried posting this job on Indeed, but they blocked my account. Maybe they didn’t like that I’m Russian lol

It is a temporary job (2-3 weeks) and I really would like to keep it simple in terms of paper work, etc

Btw, what would be considered fair pay for such job? Since it’s at home and only 3 times a week, i hope it doesn’t need a big pay"
isja7g,1600083857,2020,AskUK,dissatisfaction,"I'm trying to understand what's going on:
What does it mean for us commoners if they remove human rights?

Is there anything missing from this story? Like a UK version of human rights to fall back on?

Apparently this violates good friday agreement. So could it be stopped if it's ""really bad""?"
ithhac,1600203298,2020,AskUK,dissatisfaction,"I’m sorry if this isn’t the right place to post, but I don’t know where else to ask. I’m an international student trying to get all my boxes moved across the UK. I’m using a delivery service and they have appointed Parcelforce as the courier service. However, I keep reading really bad reviews and lots of complaints about packages getting lost. So I just want to know if it really is that bad?"
iwwzwj,1600679748,2020,AskUK,dissatisfaction,"Hi there, I am a Canadian high school teacher who can teach Chemistry, Biology, and Math (9-12). I'm gonna be honest and say I'm not in teaching for the kids. I mean, I care about my students, but at the end of the day it's a job, and I mostly do it because I get to travel to new countries and work there for a bit. I have mostly worked in Asia, and have a really awesome job working in Beijing at the moment. 

I have heard horror stories about working in the UK: low pay, getting overworked (60 h+), and pretty brutal students behavior wise compared to other parts of the world. I really want to live in London at some point in my life even for just 1-2 years, but I don't know if teaching there is worth it. Would I be better to aim for an international school as opposed to a public school, or would that even make a difference. I know I could get a job there in a heartbeat, but that's what freaks me out. Seems like there is a high turnover rate for a reason....Any help would be appreciated, thanks!!!"
izgbep,1601025248,2020,AskUK,dissatisfaction,I just bought a litre of the stuff and thinking it was a good deal at £18. However looking online it has a really bad rep. How bad is it?
j4y6zh,1601814693,2020,AskUK,dissatisfaction,"I've worked for this company for a little more than 1.5 years now, I've only ever gotten praise even when I felt insecure and asked for feedback or ways to improve. I've had two official appraisals, both of which were extremely positive. 

My responsibilities keep growing, and I've added a lot of value for instance by setting up new accounts for the sales team to follow, finding new customers etc, all of which led to sales. I put in the leg work and sales close the deal, essentially.

I think I'm underpaid by about 4-5k at least and I know the company has enough money because they're talking about onboarding a marketing agency and one additional team member into my team.

So, all this said, would I be stupid to even ask for a pay rise?

I see this as pay adjustment not a pay rise but I'm also insecure and worry about my boss telling me to eff off if I am unhappy with my pay.

What would you do?"
jbleko,1602759612,2020,AskUK,dissatisfaction,"I've been with my employer just over 2 years and since the plague I've been put on a zero hour contract.

My start date has been given for 25th of this month obviously thats not a 2 week notice   can I give a notice of the remainder of this week and next?

Also how do I write a good resignation, I love the company and the people I work with (maybe a reason I feel guilty for leaving) so I dont want to write something that comes across as rude/dry/ungrateful?"
jdpf8a,1603058878,2020,AskUK,dissatisfaction,"Hi, so I’m a junior paralegal at a law firm and have been for a few years but my job is really damaging my mental and even physical well-being. I know it’s a typically busy profession but I feel as though my workload is madness for someone who isn’t a solicitor or trainee and didn’t even study law at uni and gets paid less than 20k. I’ve been made responsible for so many areas for a key client where the workload is exponentially increasing and I think I’m going insane. I’ve had one week off work all year and came back to nearly 700 emails. I also had to log in to work several times whilst on annual leave. I should be finishing work at 5pm but I have to work every night until 7  and even work a couple of hours on weekends with no overtime pay just to keep up.

I struggle to sleep at night worrying about what I need to do and feel exhausted every day. I work non-stop and I’m having to see a physio now due to severe neck pain. The worst thing is I have no interest in pursuing a career in law so have no possibility of career development but I have no idea what I want to do with my life.

I know I shouldn’t be working unpaid overtime but they know I’m busy and work and no matter how many new employees we hire my workload just gets bigger and bigger. As I’m given key responsibilities as well and interact closely with the client, if something doesn’t get done it falls on me and the client often emails me direct with unreasonable tasks I can’t finish in time. I feel trapped and can’t really reallocate things to other people as theyve made it so only I have access to certain things also so quite literally can’t at the moment, I also struggle to find the time to show things to other people as I’m constantly drowning, I barely even stop to get myself a drink in the day.

Apologies for the long winded vent and there imo realise I haven’t got a specific question as such but was just wondering what my best course of action is? I want to leave but don’t want to be unemployed, I also want to cut down my workload but after raising it a few times nothing changes. I just need help as I think the job is making me depressed and my family are increasingly worried about how I’ve seemed “detached” from everything the past few months."
jgv8oo,1603485372,2020,AskUK,dissatisfaction,"Flatmates and I are trying to get our landlord to change the carpeting in the common areas, but he’s been quite hesitant in the past (before I moved in). It looks about 15 years old and I don’t think it’s an unreasonable request. Have any of you been in this situation and is there any advice you can offer?"
jie8nv,1603717816,2020,AskUK,dissatisfaction,"Coming out of a debate on another subreddit, I thought I’d ask here.

There was a business in the US who is refusing access to unmasked customers even if they have a medical condition preventing their wear.  See picture in link below.

https://reddit.com/r/pics/comments/ji1ejj/business_sign_in_las_vegas_kudos_to_them_for_not/

Would this be possible in the UK?  My gut feeling is that the Equalities Act would kick in even if the business says they are refusing access without a mask rather than to disabled people explicitly. The business needs to allow reasonable access and this refusal may be unreasonable.

However the flipside would be that the business has a duty of care to avoid unnecessary risks to its customers.

Any legal or folks round here able to clear things up?"
jkdw7f,1603990841,2020,AskUK,dissatisfaction,"In some parts of London people have restarted this or trying to restart it in shops that allow it?

In March and April this was really bad."
jksv2d,1604045880,2020,AskUK,dissatisfaction,"Hi all,

We rent a flat and the water pressure in our shower is really bad. I did the jug test and it took 11 seconds to fill up to 500ml which doesn't sound good. Before I raise it with my landlord, are there any other ways that I can test the pressure? I don't want him to shrug it off because it's really starting to annoy me.

Thanks all, stay safe and take care!

Edit:  Thanks for your comments guys, really appreciated.  It looks like it might be an issue as it is an electric shower, I do find it a bit odd that it's ok to have a shit shower if it's electric - the thing just isn't suitable for purpose.  I might look into a stone shower head as suggested by /u/davestones."
jmwcop,1604351620,2020,AskUK,dissatisfaction,"Hi,

So, I've just secured a new job, upon handing in my resignation my current employer has given me a counter offer. I do not plan to stay at the company. But should I inform my new employer that I received a counter offer?"
jr0zvn,1604940037,2020,AskUK,dissatisfaction,"My husband says 2L of coke (zero) a week is not unreasonable, I think it’s too much.

Yay or nay, reasonable for the UK?

UPDATE: Thank you for everyone’s opinions! As I said in another comment, I don’t really drink fizzy drinks so was aware that my opinion might be slightly skewed!
Anyway, no need to be concerned about his coke consumption any more, I’ll let him know AskUK have spoken!"
js848b,1605101329,2020,AskUK,dissatisfaction,"Hello folks

I'm currently in a period of job transitioning where I have signed a contract in writing for a new job offer, plus all my references have been given now. So I should be expecting a phone call from my new line manager which could be whenever according to the HR people. 

The thing is, they want me to start on the 1st Dec and I need at least a week notice in my current employment. When is it safe to hand my notice/resignation letter in? I believe my last referee sent their form off yesterday morning. Is it safe bet I'll hear from them by Friday?"
jweitl,1605700758,2020,AskUK,dissatisfaction,"Hello AskUk,

My country has gone to hell and I need your help to get out lol. 

I already posted before about wanting so specialize in France and got lots of feedback in r/IWantOut. 

What I gathered was that specialization conditions in France were really bad and while I'm pretty sure they aren't as half as bad as they are in Syria, I have been convinced that they aren't the best. So while I still kinda have the choice of where to specialize I wanna choose the best option possible.

I'm in my 5th year studying medicine and will probably graduate from Syria. I'm very fluent in English and my grades are very high. I'm looking to go to the UK for specialization whatever that specialization be. I don't care if it's dermatology or radiology or anything else. 

The embassies are all closed off due to war. But I can work my papers from Lebanon or Saudia. It's not an issue and neither is money. 

What I want to know is how much better are the conditions/salaries/diplomas from the UK compared to the ones from France.
And what is required of me to go specialize in the UK? 
And lastly which country would be easier to specialize in? Australia, New Zealand, or Ireland? Are they really easier than France? 

Any feedback at all would be greatly appreciated."
k02tra,1606214827,2020,AskUK,dissatisfaction,"My husband is terrified of conflict. He's not what you'd expect for this - he's charismatic, intelligent, strong-build and tall. In the most recent incident, at his work he was in close-contact with a colleague who then tested positive for Covid. He told his work that he was in close contact and needed to isolate. His boss called him a liar and told him to attend work - even though there is less than 2m between their desks. He attended work as requested and then developed a cough and got tested - which came back positive. He woke me up this morning (I'm ill too) panicking because his boss had emailed him again implying that he was lying again and making accusations about contact and lying about dates etc. His boss accused him of leaving his test and trace app on at work (which the boss has told them they aren't allowed to do) because another colleague has been told by the app to isolate). My husband took annual leave at the end of last week and turns his app off at work so is not the reason that the colleague's app has been set off. He woke me up because he was too panicked to write an email himself. I wrote a three-line, polite response which provided his evidence of the positive result etc (which he had already provided) and clarified he can't be the reason the colleagues test and trace app was set off - but he refused to send it because he was too afraid of the conflict. He went over and over and over the three line email for over an hour - until the boss called him. He answered and then basically just agreed with everything his boss said and made himself look like a liar. So, now he's in trouble at work for lying and for leaving his app on (forcing his colleague to isolate) and the fact he can prove he's not lying (with the test result and the fact he took annual leave) is irrelevant.

I don't know what to do. I want to be sympathetic and supportive but I feel like I'm spending so much time and energy on things that he won't do and trying to fix problems that he won't fix. What should I do? Am I unreasonable to think he should say he isn't lying when he isn't lying or reiterate his version of events even when they're questioned?

UPDATE:

Hi everyone, 

Thank you for your responses - I went away for a day and then came back to WAY more comments than I had anticipated. I read them all but don't have the time to respond individually so will respond to common questions/comments here.

He's a teacher in a state school. The 2m gap is between the front wall and the students' desks so if he is stood at the front or at his desk then he's within two meters of the front row and sometimes the second row. No one wears masks or PPE etc in a classroom. Schools have a strict budget and supply teachers are expensive so that's why the boss doesn't want people not coming in - he can't work from home. The classroom is not big enough to have 2m space. 

He could easily get another job because he's in an in-demand subject, however, his notice period means he can't leave until Easter (and if he left before his notice period by just quitting then he might struggle to get a new job straight away). He also won't leave because he's afraid of the conflict so it's a bit of a cycle.

He could report the school and/or the Head (his ""boss"") but the government needs schools to remain open in a child care capacity so most people can work so it's unlikely they'll do anything. He is part of a union and there is a union rep but he's aware this will rock the boat and there is unlikely to be a positive outcome for him. "
k0ri84,1606308180,2020,AskUK,dissatisfaction,"So I asked for a quote, quote given two days later. 

I sat on it for a week to quote around. 

Decided to go with it, filled out the client form attached to the quote and sent ID (which was requested with the form). 

No response from the paralegal or the firm. It would be nice having sent something sensitive that they’d at least acknowledge it? 

I’m guessing I can walk away as I haven’t signed an engagement letter yet, but just wondering how long it typically takes? In my mind (I work in accountancy), it shouldn’t be hard to just say thanks and ‘we’ll be in touch shortly’...?

Am I being unreasonable? It’s been two whole days since I sent the forms.

Thanks"
k114wl,1606339142,2020,AskUK,dissatisfaction,"My spouse and I grew up abroad, but our kid grew up here in the UK.


We home educated him till Year 7, at which point he wanted to go to
school, and passed exams to enrol into selective (private) one. The first year was
great - new experiences! new things! new everything! school awards!
first in this and distinction in that!


However, close to Year 9, he became massively disenchanted: extra long
hours with homework on top, the curriculum that is 90% stuff they
did last year with sprinkles of new here and there, lots of teachers
leaving/changing every term, no chance to socialize in school and no
time/desire to do it after school, and looming Year 10 seems
to be ""lets cram for GCSEs"" transitioning into ""now it is all about
A-levels"".

Exam years look to be a massive grind for the sake of grinding which
sounds kinda bonkers to me - why slack off (relatively speaking) in
Year 7-9 and then sit 10 or 12 exams in a single year in a very
compressed time frame. Why dedicate the two whole years to exam
preparation? Why not spread exams out over time a bit more? Why does
the school dictate which exam you can or cannot take? Why many people
seem to do private tutoring for exams on top of all the school hours?
Are the stress and the level of load really worth it?

I thought that it is just his school, but six months spent looking at
other schools (both nearby and all over England) lead me to
believe that they are all like that, and differences are minimal.

On one hand, I got uni degree myself and I think that I would've loved
for my kid to get one as well. On the other hand, if school and exam
years is the only pathway there, then I am worried that he would
emerge from school completely burnt out and without any will or desire
to learn anything anymore.

Is there a ""plan B""? Frankly, I am thinking of taking him back out to
home educate him further, but I am afraid that this might close off
some opportunities or have long-term consequences that I am not yet
thinking about.

Do you have relevant life experience? Can you share?

Tl;DR: school exam years are crazy, did you do without them and got university degree regardless?"
k206wy,1606479854,2020,AskUK,dissatisfaction,"My next door neighbour (semi detached houses, so I’m the only one with an adjoining wall) got a new puppy a year ago, and for a while everything was totally fine, but for the past couple of months it howls and cries all day long, presumably while the neighbours are at work. It’s driving me absolutely crazy. I don’t leave the house very often (tbf no one does at the minute) because of ill health, and now I’m Full time uni student but all the work is online, so it’s just constant noise all day every day. Right now I’m sat in a room in my house on the side furthest away from their house, and I can still hear it as clear as day. I don’t have a tv so I can’t drown it out with the sound of that, plus I don’t like to have YouTube or anything on when I concentrating on work. On top of that I suffer really badly with insomnia and I can’t even catch up on sleep because of the fucking dog!!! Also, on occasion it wakes us all up on a night doing the same thing, luckily it doesn’t last as long because it’s owners are home. Amusingly, my 11 year old once woke me up crying his eyes out because he could ‘hear a rat howling’, I still laugh at him about that.

  
Do you think it’s a good idea for me to talk to them, or put a letter through their door (Cos of what’s going on atm), explaining that I understand it isn’t their fault as they could have no way of knowing, but please do something.

  
I understand their predicament, I have dogs too, so it’s not that I have anything against dogs, I’m just against the howling all day. I also don’t want to make things uncomfortable, I feel like no matter how people approach this it’s got the potential to go wrong.
  
  
Sorry if this was a bit rambley, I’m very tired, I might have a nap... oh wait...


  
  
Edit: I did think about buying a Kong or aomething and giving to them for the dog but I didn’t know if that would be presumptuous.  
  
  
  
Edit: I also realised today that it’s probably two dogs, and they just harmonise really well so I didn’t notice at first. At one point i realised that there were too slightly different noises happening, and then at another I could hear barking and howling at the same time, and then howling and crying, and unless the dog is extremely talented there must be more than one. After that I listened to the howling a bit closer and you could also tell that was two dogs."
k6w42i,1607124122,2020,AskUK,dissatisfaction,"I'm 27, F, hate my job that I've been in a year and I really just don't know what to do. I'm renting with my boyfriend and have bills to pay.. I dont know how long I can stand at the place, killing my confidence and mental health. I've totally just lost all sense of direction in life, I dont know what I want to do or if I ever will."
k9zpue,1607545098,2020,AskUK,dissatisfaction,"Quite a few contenders as with every year but I feel like the absolute worst ones came in the last couple of months.

Namely the [Rita Ora EE advert](https://www.youtube.com/watch?v=JQe43iL9XWo) with the really bad PS2 quality render of her, [Three's annoying adverts](https://www.youtube.com/watch?v=B7GikQnw_i8) about how my phone has seen a lot this year, and finally the [Daisy by Marc Jacobs advert](https://www.youtube.com/watch?v=IaEZ3VAF3Bo) that's just creepy as fuck.

So yeah, probably one of those three."
kbw3in,1607804334,2020,AskUK,dissatisfaction,"Normally around this time the table shows how things are roughly going to be at the end of the year. I can't see Tottenham winning the league but I also am not fully convinced that Liverpool will do it either.

I originally had West Ham down to get relegated buy they're somehow in 5th. I think Arsenal might actually go down this year with Sheffield and Fulham. Their form is really bad."
keuh7n,1608198150,2020,AskUK,dissatisfaction,"How do you calculate your holiday, when your contract is temporary and the contract hours are 16 per week? Do you calculate it by using the contract hours or the hours and days you've worked? I can't find the answer on gov.uk or anywhere else. I quit my recent job and I have the feeling I got underpaid, even though I am being told I was not. Thank you!"
kf6zmf,1608241376,2020,AskUK,dissatisfaction,"I know it's an odd and kinda privileged situation and I'll probably get shit for asking but I don't know what to do. 

For context: 4 years ago my mental health went to shit and I get diagnosed. Spent a month in a psychiatric unit and another 3 months in a hostel until the council found me a flat and I got ESA and housing benefit that I was very grateful for. A year later the landlord puts the rent up to more than I can pay for, so I go to Citizen's Advice and they tell me to apply for PIP so I did, and got more than I thought I would, so when I got a letter telling me I was entitled to some disability premium I ignored it because I didn't think I needed any more money and I didn't wanna deal with the stress of any more interviews and whatnot. 

Fast forward to this week and I have a compliance interview where they told me I was being underpaid and they're going to *backpay* all that money. £13k of it. Most people would be happy with that but the problem is that it puts me well over the £16k threshold in savings you're allowed to have before they cut all your benefits off and then I have to reapply for everything and I might not get it, so it's just going to dwindle away and I might be homeless again... The lady who did my compliance interview told me to just spend it within a year and they won't count it as savings, but can you really get away with that? It seems like cheating."
kfi6c5,1608284506,2020,AskUK,satisfaction,"This is a friend I’ve known for probably coming up to 10 years, and we were fairly close before. A couple of years ago he started a new job (in a role I’ve always tried getting into, but never managed to achieve it). 

Since he started this job, he’s always talking about work, how good it is, and all the different things he’s been doing. 

Every time I spend time with him, I just feel worse afterwards. Fairly recently he asked me how work was, and the conversation went like the following:

Him: “how was work this week?”

Me: “Yeah not too bad thanks, a bit busy at times”.

 Him: “I know that ‘not too bad’ probably means boring?”

Me: “it just means not too bad, I just try to do my job well but I just don’t want to go into details on a Friday evening when I’ve been working all week”

Him: “Yeah I understand work for you is just a means to an end, and I guess your job is more ‘work-like” than mine .i.e. less interesting” 


It just feels like even when I try to avoid comparing myself (as comparison is the thief of joy etc etc), he just begins the process of this spiral in my mind. He can’t seem to help it either, he just does it naturally. 

We’ve been friends for a decade, and I have spoke to him before about how he’s constantly talking about work. He just replied by saying “well I just love my job”. He will keep sending photos of work events etc on WhatsApp too. Work just seems to seep into every conversation we have. It’s been almost 2 years now and I’m just tired of it now. 

I honestly wish him the best and pleased for his success, but I would by lying if I said it didn’t make me feel bad when he keeps talking about it. I know it makes me a bad person and bad friend, but I just feel it’s got to the point now mentally where I don’t feel I want him in my life. I always feel fine when I’m talking to anyone else apart from him, regardless of how they are doing in life. Almost every time I talk to him in particular, I just feel low afterwards. 

So guys, please talk some sense into me here. Is there anything else I can try here?"
ki1iyp,1608626382,2020,AskUK,dissatisfaction,"I’m looking into someone online. In their Companies House profile. 
should it raise any suspicion if they have Resigned from a number or Active and Dissolved companies listed at their home address?"
kij71k,1608687429,2020,AskUK,dissatisfaction,"I'm Canadian and I'm dreaming of taking a trip to the UK once we're all vaccinated and safe. I'm mainly interested in touring around away from the larger cities looking at old castles and henges and ruins, and I'd like the trip to last a month or more so that I have time to thoroughly explore the places I choose to see. Since I'll be going to lots of out of the way places and I'm on a budget, I figure I should rent a car for the trip and sleep in it sometimes to save money on hotels. But I don't know which makes and models are available. Ideally, I'd get a vehicle with fully foldable back seats like the Dodge Caravan so that I could flip them all down and set up a camping mattress. I'll probably bring a tent for camping too, but I'd like a car as a backup for when the weather is really bad. It will just be me and a small amount of luggage. What vehicles can I rent in the UK that would work for this setup?

*Edit: I'll get a camper van if I have to, but I'd like to have the smallest car I can comfortably sleep in. I want the car to be on the smaller side because I expect that will make it easier to get used to driving on the side opposite to the one I'm used to. Plus I've heard stories about how narrow your country roads are compared to ours and I it makes me kind of nervous."
kloql1,1609154359,2020,AskUK,dissatisfaction,"On chstimas eve I made a really bad mistake, we have not seen my brother all year because of CV so when he got a test off his job he stayed in after and came to see me and our dad for christmas because it was safe. On christmas Eve when my daughter went to bed we had a few drinks to celebrate the family all together and I had one too many, my brother  took a photo of my dad with tinsel on his gead and put it on facebook but you can see on the sofaI am asleep with a can in my hand I only dosed off for one minute but it looks bad. My ex says this is the last straw and she has reported me this time. I know they cant just come round because of CV so what do I say when they get in touch. I cant afford to pay the fine and still have eough to look after my daughte because, theis year has been very hard. Will they ring or send a letter

I know what I did was bad and I'm so sorry but I need advise now. no-one to talk to about this my dad is so worried and on facebook everyone is on her side so I deleted itin the summer."
kmbiq3,1609235781,2020,AskUK,dissatisfaction,"I am a new independant mobile app developer and want to create a business front in order to avoid using my real name on the app store for a variety of reasons.

I would need to obtain a **DUNS** number and after reading about the different ways to register a business on the UK government website I am more confused than ever.

1) It is a stupid questions but which type of business allows for better protection if sued? This is highly unlikely but I am just trying to prepare for all possible pitfalls. I know that as a **Sole trader** I would be liable for all loses, but if it is a a company separate from me, I have more wriggle room for things like bankruptcy, is this correct?

2) I will be the sole person operating this ""business"" and it would be 100% online, so I really don't know what to pick :/

The reason I ask this is because I have heard some really bad experiences of indie app developers being sued (especially in the US!). I have not stolen any code or images, my work is 100% my own, but I am worried that even a legal proceeding would end up with me losing money."
knpqrs,1609420240,2020,AskUK,dissatisfaction,"I'm 24. (English)

If I were attacked by teenagers (anywhere between 11-16/18; I don't know when they're recognized as adults) Under UK law, what would I be able to defend myself? And to what extent?

This is mostly out of curiosity: I know that you can't strike a child and that punching someone even my own age is assault. But is somewhat more justified is self defense. Would the same apply here?  


EDIT: can strike to can't strike.  


I am making some really bad typos today, sorry."
emsabh,1578669372,2020,britishproblems,dissatisfaction,"One person hesitated, read the sign repeatedly, looked like she was on the verge of saying something to the rest of the waiting people, before resigning herself to the back of the queue silently."
f56gyr,1581932698,2020,britishproblems,dissatisfaction,"Edit: Wow this blew up. To be clear, it’s understandably a stressful job, especially dealing with some of the worst people and for those receptionists that handle it while managing to not blow up to everyone, I commend you as it’s something I don’t think I could do. 

Equally any condemnation of the NHS shouldn’t take away from the absolute heros that the good Doctors, Nurses and Receptionists are."
f6qmdc,1582190804,2020,britishproblems,dissatisfaction,"For those who love a good old moan, read on.

&amp;#x200B;

I'm planning a trip from Southampton to London this Sunday and as usual I looked at purchasing advance tickets to get them for the lowest price. Due to a freight train derailment a few weeks ago, it was displaying replacement bus from Southampton to Eastleigh, then direct train to London. As someone who really can't be fucked with replacement buses, I booked the trip from Eastleigh instead, with the plan to either cycle or get a lift there on the day.

&amp;#x200B;

Yesterday, I checked the route online to find that my train no longer exists. Now, due to last minute engineering works that were not present at time of booking, the bus replacement runs all the way to Winchester which is a fair bit further. This would mean having to cycle or otherwise to Eastleigh, hop on a short bus journey to Winchester, then train to London. Faff.

&amp;#x200B;

With this in mind, I phoned customer service and explained the situation. I resigned to just getting the replacement bus from Southampton to Winchester and get the train the rest of the way. However, as it was an advance fare, they would not amend the ticket. I tried to explain, calmly and reasonably, that the ticket I purchased weeks ago was on the assumption that it would be a direct train, and that as THEY had changed the circumstances, surely they could make a slight amendment free of charge as a goodwill gesture? Nope. Only option would be to pay a big fat £10 amendment fee, which is fucking stupid because a return fare from Southampton to Eastleigh is only £4.

&amp;#x200B;

So yes, it may seem silly that I am upset over having to pay an extra £4, but it's the way in which they dealt with the situation that has left me feeling so bitter. Bloody trains."
fmez4y,1584797380,2020,britishproblems,dissatisfaction,"I feel really bad for my boy but I don't give a shit if other kid's parents are letting them just hang out willy-nilly. He's having a rubbish end to Y11 SO THAT he can have a nice 6th Form Prom. Hopefully. Seriously though, are there lots of parents letting their kids just waltz out the door or is it just part of the (yes, totally understandable) emotional blackmail I'm fielding right now?

Edit: For further context, we are nearly halfway through self isolation because of an endemic family tickly cough."
fngnge,1584952923,2020,britishproblems,satisfaction,"So my relative who lives with me is in the vulnerable category so she now has to isolate for 12 weeks. Far from quitting my job, what can I do? I'm terrified of picking something up and bringing it home. I love my job, it's only part time but it's also my sanity time as I have a toddler. Just any thoughts or advice would be appreciated."
fobay1,1585077852,2020,britishproblems,dissatisfaction,"I cant seem to find any definative info about this. Can key workers stay at home following the governments advice, if they consider returning to their jobs too risky? If they do stay at home are they effectively resigning? Sorry if this has been raised before. Tks."
fqguxc,1585387566,2020,britishproblems,dissatisfaction,"I work for an energy company and my primary objective as a “key worker” so far has been to work a few outstanding back office tasks, deal with a couple of queries from customers who ignore the “only call in if it’s an emergency” notice we have on our lines and to be trained up to take debt collection calls. The rest of the time I’m literally twiddling my thumbs waiting for the day to end. I rely on public transport and I have an underlying health condition that substantially increases the comorbidity of Covid-19 though not enough to be in need of shielding.

My boss is in a similar situation, we’re going in “just in case” and it’s unlikely we’ll end up working from home because it apparently puts too much strain on the IT networks. I want to quit but with all these others being let go because of the virus, I think it would be a struggle to get another job once this is over. I’m the only worker in my family and my wife’s carer. I also think that if I were to resign from a “key worker” position at this time for fear of me and my family’s lives that I wouldn’t receive any help and would face social stigma.

At present, I feel like I’m faced with either dying quickly or dying slowly and I just can’t stand it. I feel like I’ve got nowhere to go,  nothing I can do and it’s only a matter of time before the worst happens. I don’t think there’s anything that can be done and I’m not asking for advice or support, I just want to vent so that hopefully other people in the same position will understand they’re not alone.

Tl:dr - I’m a key worker risking his life to do pointless busywork and I hate it"
fsaan6,1585649073,2020,britishproblems,dissatisfaction,"It was an accidental find while waiting for the car's windscreen to be replaced. I really badly wanted to run, but I wasn't dressed for it and my mum wouldn't be able to keep up (my pace on _crutches_ is faster than her walking pace)."
fuy9aq,1586023461,2020,britishproblems,dissatisfaction,"Im tired of seeing people make claims about masks that are wrong. Here is the early NHS advice to NHS staff https://m.youtube.com/watch?v=S7JXJJgnLo4 
. Now covid is carried in droplets, any barrier between the droplets and you WILL reduce your risk of immediate infection. However if you handle your PPE (scarf, leather gloves etc) after wearing it, you can transfer contaminants by contact with everything/one around (the probability is low, but does exist). Frontline staff come into close and prolonged contact with the infected, that's why they need a fit tested p3 mask. You don't need a P3 respirator for your weekly shop in Tesco. If you have any breathing difficulty a respirator will make it significantly harder to breathe. UV light can reduce the survival time of viruses on surfaces, but don't rely on hanging PPE in the sun in the hope it will clean it. 
Take all this information with a pinch of salt, after all I am just some guy on the tinterwebs and I don't want a trail of corpses leading back me.

There is an article out currently about a nurse who quit because she was not able to wear a mask. I would speculate she was not able to wear it because 1) she bought it from fuck knows where 2) it was made to fuck knows standards 3) she bought it whilst her daughter was showing signs of infection 4) bringing in your own used disposable PPE from a potentially infected household, to a ward without infection is rather fucking risky. 

Just for a show of hands, how many of you had that really bad flu around February? And do you have any residual discomfort inside your chest?"
g2qtax,1587081381,2020,britishproblems,dissatisfaction,"Me and the missus were having a nice Whiskey this evening at about 8 just after she got home from her NHS job. As she is dealing with alot at the moment I had bought her a treat, a nice fillet steak (her favourite). 

So I seasoned them, then wrapped them in cling and beat the crap out of them with a rolling pin. As we like it rare (takes 5 mins to cook them, if that) left them as they were to check the Potatoes dauphinose  in the oven. 

Carried on drinking a couple more Whiskeys and talking about her day when the door was hammered so hard that it now has a crack in one of the wooden panels. Really guys try the bloody doorbell....

They call through the door that it's the police, so I open it. There are 4 of them standing there. 
""we've had a report of a disturbance at this address, can we come in?"" 
""No you cannot"" at this point one of them starts applying pressure to the door so it could not be closed. 
""Because of the nature of the call we received you must allow us entry"" 
""would you mind telling me what this is about?""

That's the point they chose to push the door HARD, crushing my slipperd toes. Causing me to move back as they forced their way in, continuing to leave my question unanswered.

Without missing a beat one said ""There has been a noise disturbance from this address, we just need to check everyone's alright""

""I was alright until 4 large men forced their way into my house and crushed my toes"" 
This is the moment something clicked, tenderising the steak! It's the only noise we've made all night.

""As you have already broken our quarantine may as well show you what it could have been"" took 2 of them through to the kitchen where the missus still was, the other 2 waited by my front door. 

First thing he says as he enters is ""I see you've been drinking"" 
""Yeah, as this is my house I'll do what I like in it. Thank you""

I proceed to show them that I'm cooking, tenderising. There are just two of us here and nothing is awry. I thought that would be that, I was wrong. They asked me to go back to the front room with the other two while whey talk to the missus. I do.

They get my series of events the others get my ladies. Then shortly after they have a talk together and to my utter astonishment they tell me because they have had a disturbance call I must leave the house, LEAVE MY FUCKING HOUSE IN THE MIDDLE OF A PANDEMIC! 

""And where do you suppose I go?""
""Are there any friends or relatives you can stay with tonight?""
""IN THE MIDDLE OF A PANDEMIC? ARE YOU OK IN THE HEAD? ALSO, WHY THE HELL WOULD I NEED TO DO THAT? HAVE A ASSAULTED THE FUCKING STEAK OR SOMETHING YOU MUPPET""
""There's no need to get angry"" (really?)

It's at this point that I decided that there really is no point arguing with megalomania. So I resign myself to walk to the end of the road and back. Really just anything to get these Nazi's to piss of so we may get on with our meal. 

So I do, come back 10 mins later when they have left to find both of our glasses and half a bottle of Glenmorangie tipped down the sink. Pretty sure that's theft. 

All in all not the best romantic dinner. 

The one thing I had not mentioned so far is that I've got cameras, everywhere, every room with microphones (I don't usually have this, but I've been very board). I work in CCTV and security. So I have the whole thing taped, with sound. 

I'm currently working on the complainant with proof, and to be fair I do need a hobby. I've run out of DIY and cams to play with. 

Let me know if you want an update. That is if the complainant is even acknowledged, I sharn't hold my breath."
g4uwlz,1587396699,2020,britishproblems,dissatisfaction,"Good old rishi, changes the eligibility but adds you need a RTI submission before 19th march. 


If your on monthly pay that still excludes hundreds of thousands. 


Check out #newstarterjustice and #jobrejectionscheme  on twitter

Currently with -£1.05 in the account not able to have benefits. No prospect of income have a 2 year old to look after . Life is shit"
hser3k,1594922709,2020,britishproblems,dissatisfaction,I’m now resigned to the fact that I will be filled with crippling shame for at least the rest of the month. Can I ever go back?
i60lz3,1596899198,2020,britishproblems,dissatisfaction,"It was a long shift. The house was spotless on this fine summers day, and I had nothing but time and exquisite ingredients. Pasta made from scratch. Pecorino, parmesan, fettuccini. Duck eggs. And what I produced would have made Gordon Ramsey weep tears of pure gastronomic pride. You would have to get a mortgage to afford something this good; I did it mum. I know you would be proud of me.

And yet, I found myself gazing at this beautiful specimen of traditional italian cuisine, and I gazed upon a blood bath. The corpses of several tomatoes, mixed with sugar and puréed, raping the delicate flavours of aged cheese and delicate meat. The mixing of colour palettes was an abomination and I fear I won’t be able to move on from this. I’m considering handing in my resignation.

These working conditions are, frankly, inhumane and a crime against the Geneva Conventions. I find it appalling that my bosses allow this kind of behaviour to continue.

He didn’t even try it first. 

My disappointment is immeasurable, and my week has been ruined."
icpawg,1597849343,2020,britishproblems,dissatisfaction,"Resigning myself to being fat and unfit forever, and hunkering down under a blanket with a brew."
idw0py,1598013852,2020,britishproblems,dissatisfaction,"Can't wait for the algorithm to select me and out that auto-rejection email :)

Honestly I'll take anything that pays at this point"
j9m9vb,1602486782,2020,britishproblems,dissatisfaction,"I hate waking up in the dark.  I hate going to work in the rain.

Today it is dark and pouring with rain.  :("
jsvoag,1605191866,2020,britishproblems,dissatisfaction,"Three rejections this week have plugged their social media, which just seems rude

I need a job, not to show fake interest in the juice you sell without being paid for it! Is this their new screening tool, to see who genuinely is passionate about their product? Am I missing something?"
jzn0b5,1606155235,2020,britishproblems,dissatisfaction,Got told in school that they’re unwelcome and evil and bollocks like that and now I have an unreasonable chip in my shoulder towards the furry little gits 😂
k2sj7w,1606587240,2020,britishproblems,dissatisfaction,"So I'm going to pass you - and because it's a country road I'm going to need to be reasonably close - couple of car lengths to give me any hope of overtaking once we get to some where I can overtake safely - so at the earliest safe opportunity I'm going to floor it past you, to let you get on with your relaxing drive - so how about not flash your headlight at me when I do - it's your behaviour that's unreasonable here."
k80oha,1607284361,2020,britishproblems,dissatisfaction,"Seriously? How hard is it? Ring the fucking bell!!! I've had people clamber past the picnic table to tap on the front window - RING THE FUCKIING BELL - ITS RIGHT THERE - I EVEN GOT ONE WITH A FUCKING LIGHT!!!!!!

Sorry - I just lost it tonight when I HEARD the bloke put his ""sorry you were out"" card through the letterbox - he hadn't knocked or rang my snazzy new illuminated bell though. And once that card is through the letterbox - they're fucking gone! Ran out into the street and nothing, no-one to be seen!

So I ask you marvellous and overworked delivery peopl of the UK - WHY THE FUCK DO YOU DO THIS? Is it your only way of entertaining yourself or what?"
ki9yqr,1608658633,2020,britishproblems,dissatisfaction,Feel really bad for the staff too.
elhveq,1578431675,2020,careerguidance,dissatisfaction,"I'm a digital illustrator/concept artist and I was contacted by a huge AAA game studio out of the blue a few months ago for a character concept artist position. I did an art test, had two skype interviews, and early in December they flew me to the UK for an extensive on site interview. The game is so up my alley and the art direction is EXACTLY what I love to paint. I thought I had the job locked in by this point so I was definitely more relaxed than maybe I should have been. I thought the interview went well, I was nervous but jived with the other artists and it was all quite casual.

I got the rejection email this morning with this as the reason:

""We really liked Michael's work and the test he did for us. Ultimately it was a question of how he came across during the day. We felt he didn't seem particularly passionate about the project and came off a little unprofessional during a few moments describing previous colleagues or work places.""

&amp;#x200B;

I've been in tears all day. I've been dreaming of a job like this forever and it just plopped into my lap and somehow I dropped it.

I am a very reserved person, especially in interviews and other nerve racking situations so there's that, but regarding the comments I made I think I only said one thing that was a nono. I made a crack at my previous art director, in truth it was meant as a joke but I don't think it came off apart from that I described a job I had at an animation studio as soul-sucking... and I might have used the word ""shitty"" to describe it at some point. In my defense the art industry is not as formal as others, everyone seemed very candid. I get along with everyone, I can't imagine a few opinions about an objectively terrible job (production artwork for a bad cartoon) were the reason they rejected me, it seems like it was more-so the dispassion I showed.

&amp;#x200B;

Do you guys think there is any hope I could turn this around? Is there anything I could say? I'm desperate but I don't want to come off as such."
eqy3yf,1579450068,2020,careerguidance,dissatisfaction," 

I am currently working for a bank in UK in IT , earn well and happy and all that !

In my heart - I have always wanting to be in movies. From a young age I have been very much interested in taking photos etc ., and i am seriously considering studying and working on the ""Cinematography"" aspect of motion picture. Now, I don't know anything about cinematography ( i know what it is! ) , and I am not entirely sure how to start , where to start and as always I could google &amp; learn, but whats the use by learning as a hobbyist ! Luckily, I have money I could use to study and learn this art with a view to put whatever I learn to good use. ( career shift and all that!)

I can't quit my job and pursue this (eventually yes!), but now I need to test waters to know if it's really for me.

Can someone please advice me on where to study, what to study what type of jobs are available and any tips and guidance on this ?"
exjaqx,1580619545,2020,careerguidance,dissatisfaction,"Long time lurker but first time I've posted on reddit. I've tried processing the issue on my own, with my girlfriend and family, I've not got anywhere so maybe someone on here will have an idea I've missed so far, I'll try to keep it as succinct as possible. Apologies for the info dump to start, unfortunately without it my current issue won't make sense. 

I'm 35 and I hold a master mariner unlimited ticket, in theory that qualifies me to be a captain on any ship in the world, as always holding the qualification is very different to having the experience or know how.

I started my career as cadet with Princess Cruises ten years ago, I spent three years getting my first qualification as an OOW (Officer of the Watch) and a further 2.5 years after that in position as third officer. I then went back to naval college to study for my Chief Mates certificate. 

Unfortunately Princess, as many shipping companies have done started to hire eastern European officers instead of ""white nation"" officers. The name may sound a tad racist but it's simply a list of countries that the ship insurance companies use for countries that have verified qualification standards, effectively western Europe, Australia, USA, the first world effectively. 

On my last trip I trained up a mix of 25 Bulgarians, Ukrainians, and Croatians, all of whom were going into 2nd Officer positions and were being paid less than I was as a third officer.  I'll try not to digress too much but by and large they are not as well trained as those from the white list countries, I've heard numerous anecdotes from officers I've served with of them bribing their examiners to be passed to get their qualifications. 

I've met some great officers of all nationalities, unfortunately the only incompetent (dangerous) ones I've worked with have been from 2nd/3rd world countries. Unfortunately they're cheap labour, most companies budgets work on a 12th month cycle. Why are the engineering costs so much higher in the last quarter after we switched from Norwegian engineers to Indian? Doesn't matter, accounting sees a huge fall in wage bills per annum, which alas is a separate department from engineering which typically works over a longer period. It's an endless cycle and it happens across the  shipping industry. Sorry I digress.   

After getting my chief mates certificate (a prerequisite for being promoted to 2nd officer) Princess told me there were no 2nd officer positions available in the fleet of 18 vessels.  I resigned and spent the next year trying to move into the super yacht industry, it took awhile but eventually I landed a job. The money is a vast increase from the commercial sector, as a third officer with Princess I was taking home around  £25,000 (tax free it's how it works in the UK) doing a 4 month away, 2 months off. My first gig doing effectively the same job was around  £60,000  doing 2 months away, 2 months off. 

It's a massive difference, I spent two years on that yacht, unfortunately on leaving it I realized the downside of the super yacht industry. Upon leaving I went back to college and studied for my masters licence which I now possess. After this i was hired onto a new build yacht on the premise that once it launched (9 months or so after I was hired) I would be promoted to rotational (2:2) Chief Officer.

 4 weeks before launch the crew were informed we would be signing 5:1 (5 months away, 1 month off) by the management company. This yacht was being built for the owners of a very famous american franchise who constantly promote their love of the working man so I found it rather galling when they decided to fuck over the crew of their giant vanity project, but again I digress.  

I resigned, from that position, and took a few temporary positions on various yachts. Now come 2020 we're at the crux of the matter. I'm overqualified for a 2nd officer position. I've got to the last round of interviews for 3 large yachts in the last 3 months only to be told I am overqualified. Conversely I have had the same interviews for chief officer only to be told I am under qualified. It's a catch 22. 

As it stands I've been unemployed for 3 months. I could try and stick it out and find another position on the yachts, unfortunately the temp positions I took last year have damaged my CV. Whether it's beyond repair I don't know, It looks bad taking temp positions. I took two last year as I had a predisposition to not starving to death. I've looked into going back to commercial however the trend to going for the cheapest labour possible is even more developed than when I left Princess. I may be able to get a job on a ferry, but it'll be a huge pay cut and I'll have to pay tax. 

I've got around  £7000 in the bank, which considering how much I've earned in the last few years is a  travesty. On that last temp gig I was on I was chatting with the chief about fiscal responsibility, He asked me to work out how much I'd earned in the yachting industry since I joined it. F\*ck me, its just over £400,000. And I've got  £7,000, a sports car and a sea chest full of books. I""d like to say some great memories, I've spent pretty much all of it travelling the world but my memory is awful, still my girlfriend of 8 years tells me of the great things we've done so it can't have all been bad. 

Anyhow to the crux of the matter, do I carry on trying for the yachts, for do I go for a commercial position? It pays allot less but allot more than the bugger all I'm taking home at the moment. Thanks for you time and reading the above, any advise is welcome."
fdedb8,1583334792,2020,careerguidance,satisfaction,"Alright, will try to keep this concise. (I didn't, sorry)

I did my undergrad at a Russell group university in Mathematics (NOT computer science!), and somehow winged getting a job as a software engineer. It's been 2.5 years, the first 6 months I don't really count as experience because I was in a team with an absent manager and I was young and naive so didn't know it was abnormal to be sat for months doing excel spreadsheets and zero coding. When I realised this was not normal, I demanded to move to a 'proper' software engineering role and got a really great team, full stack, big team with lots of squads and I've been exposed to lots of tech over the last 2 years. I'm at a point now, finally, where I wonder whether I may actually be good enough to apply elsewhere - I'm still learning, but I do know my shit about a lot of things now, however I always doubt my ability because for the last year I've felt quite disrespected and overshadowed/talked down to by a member in my team, which I should shrug off and be more assertive about but I find that hard. 

Okay so the facts: 2 years experience with typescript, nodejs, aws, Kubernetes, Jenkins, Travis, git, rest APIs, etc etc (the usual stuff).
I'm good at automation, and I love testing. 

I've started calling a few recruiters and they all seem really confident about me getting a job for 60-100k (£) in Oxford or London. I feel so under qualified but then when I go to the interviews I am able to answer the questions and I was even told I was the best candidate they'd interviewed, I had that feedback twice, but then I refused to go further into the interview process and I emailed them to say they'd got it wrong and I was under qualified. 

I'm fully aware of the reasons there aren't many women in tech and it makes me so angry at myself that I may be treating myself unfairly and doubting myself when a male equivalent possibly wouldn't. Am I being hard on myself? Or am I fooling these companies? Or are they only keen because I'm female? 

Just an idea of what's normal would be amazing. Thanks to anyone who read this"
fn7c04,1584911540,2020,careerguidance,dissatisfaction,"i am unemployed but have been applying for jobs (mostly retail, temp and admin). my background is computer science. ive been unemployed for a really long time so have been anxious about getting back into the working world. now though, ive paused my job search since a) my parents are kind of high risk if they caught the corona virus and i dont want to bring it into the house, and b) i feel a lot of places are closing (im in the uk btw, london more specifically) or will close soon so i assumed they wont be hiring so many people, although i am not sure if thats a reasonable assumption.

but i feel really bad about pausing the search. i cant think of any jobs i could apply to that would allow for isolation/minimal contact, and i imagine people are scrambling trying to come up with ways to work at home - im pretty creative and can draw a bit but i cant imagine many people having money to pay for my (mediocre) art in commissions since i imagine people are not buying so many luxuries rn. (maybe im wrong?)

is it best to just shelve the hope of making any money for the forseeable future, and work on punching up my cv and skills(learning new programming languages or improving my current knowledge, for example) to restart the search when things calm down? or should i dismiss my concerns and keep trying to find a job/work?"
fongdm,1585128787,2020,careerguidance,dissatisfaction,"Hi there. I'm 17, an INFJ and in the UK. I dropped out of sixth form college last summer after my first year of studying Film and Media due to severe mental health issues that I now have pretty under control. I don't think I'm made for creative subjects? I got a C in most of my GCSE subjects, getting a D in Art and Physics, and a B in English Language.

After I left college, I volunteered in retail for a charity, and then picked up a zero hours support work job in the autumn. I left as I had an offer for an admin apprenticeship at the primary school I used to go to and I love kids, but I was left unemployed as it fell through. I went for admin as I like organising things for people and I don't find it boring.  
I started an admin apprenticeship in January but I have to take two buses for a 90 minute commute. I'm actually sitting at home writing this as our bus timetables were changed this morning so I'm currently chatting to a higher up about when and if I can even come into work. Being paid less than adult min. wage is leaving me in a complicated position as I want to move out of my abusive household as soon as I can, I also feel I'm treated like less than everybody and yet being expected to know what I'm doing with just vague instruction. I've also been pulled aside in the past here for talking to a coworker during work and told I'm ""still on probation"" and should act like I want to work here?

Sometimes I consider going back to education but I'd be much less financially independent and I'm not even sure how I'd go about this. I feel like I just want a job that helps something I believe in - like children, a charity, or something. Some guidance would be very much appreciated"
fr6jm9,1585491513,2020,careerguidance,dissatisfaction,"After 4 years of living abroad, I am lost as to what to do for a career. 

I’m a 25 y/o geography graduate from a decent UK university. Whilst finishing final year, I had no idea what career to go into - and the idea of grad schemes was soulless and unappealing.
Instead, I decided I would be better off heading overseas and learning a language, and getting some life experience.

After almost 2 years In Colombia working as an English teacher, I returned to the UK. I had some amazing experiences, volunteered for a charity to help local people build houses, learned Spanish really well and, although it would’ve been easy to stay, I was intent on returning home to join the foreign office, or the UN or frankly, any worldly organisation. (I spent half my childhood abroad as my Dad was also in the foreign service, and I was inspired by his job and how interesting it seemed)

However, I failed to get past the tests and went through this period of almost reverse culture shock, whereby I couldn’t understand why I was incapable of slotting into a job, despite having a degree and a language. However, with hindsight, the problem was I actually had no plan B, nor any real idea about the working world. I lived at my Dad’s place (in the sticks), isolated from friends and worked in a warehouse to try and make ends meet, whilst applying for jobs in London. I’ve always been quite idealistic and originally applied for the charity sector (competitive industry) to no avail, before ending up applying for anything - HR, sales etc. - despite having no interest and knowing those industries would completely drain me. I cut out my ideals and began to just see a job as a way to pay bills, first and foremost.

However, after a few months of getting nowhere and having lost my warehouse job because of injury, I fell into deep depression. I despaired at my situation and how I had no sense of direction, despite the fact I’m fairly confident as a person. In the meantime, as a temporary solution, I pushed off and taught English in Vietnam and then China for almost a year apiece...

Again, same story as above. Great experiences, learnt some Chinese, but still no career aims. As great as teaching English is, it’s more of a means to an end to learn languages and see the world. I can’t see myself doing it in 15 years time, nor do I have any aspirations of teaching as a profession in the UK. All I got from my time in China and Nam was just more affirmation that I want to work abroad or at least with people from different backgrounds. I came back to London after my time in China, but this time more mature and with more money. I was also lucky to be living in London with my brother and Mum. Plus I’d had time to think, and decided taking a masters in urban development planning (urban planning for Africa, Latin America, Asia) would be a good option as 1, I enjoy studying and, 2 urbanisation + development are areas of genuine interest and 3, I thought I could use it to hopefully launch a career from (perhaps it was just delaying the inevitable career choice again). Fast forward, it went pretty badly. I completed a term and was doing well/enjoying it, but was not granted a loan, so had to postpone the course. (In hindsight, this looks like a great stroke of luck with the Corona outbreak.) I most probably won’t return back but it’s an option at least, depending on how things pan out. I was also struggling to balance working in a restaurant with a full time masters and a social life. I fell into deep depression again and had a breakdown/burnout after the first term - only this time I sought medical help and have been put on antidepressants and going to counseling sessions since thankfully. Since then, I also got a job in a small insurance company. Whilst this has been a good learning experience in terms of getting a job in London and also helping financially, the work is immensely dull and technical. I’ve been on a 2-month probationary period, which I actually view as a good thing for me as I was unsure about insurance originally but thought I’d just try it out. I also thought I could use that time to then apply for more jobs in the civil service, to enter the foreign office at a lower, less competitive level. I maintained my professionalism, but as the project I’ve been working on is finishing, and no doubt because of corona, I’ve been given a week’s notice. Whilst I am anxious about how I will survive the next few months financially, and whether I will qualify for the government’s corona assistance scheme, I still feel aimless in my wider career path. But I do feel even more motivation to find a career which I enjoy. 

I feel the elation of being being abroad in a stable job as an English teacher a stark contrast to the UK, where not having any career direction becomes a problem, not least financially and mentally. I feel like I’ve always had aims to achieve, but that gets harder in adult life. I worked hard in school and was a prefect, got a good degree, went away and would say I’m a fairly well-rounded person - but still am lost career-wise. But I’m trying to be kinder to myself by putting less pressure on my shoulders. This is especially needed given my history of depression. More generally, I have an interest in international politics/current affairs and history. I speak good Spanish and am keeping on with my Chinese. I’m computer literate but not particularly technical otherwise, nor am I financially motivated. I have a great interest in people, where they come from and their stories, and engaging with them. I seem to gravitate more towards people not from the UK. Whilst comparisons with friends and peers aren’t always helpful, they are somewhat natural. I don’t feel any less capable than them. In fact, I can’t help but think the only difference between me and friends who are working in a career is that they simply made a choice. I’m aware there’s no perfect career and all jobs have downsides, and nowadays you can chop and change quite easily, but the question is, what would be a fulfilling career for me?

If you’ve got this far, I appreciate you and your time. Any advice or comments are much appreciated. Thank you."
frbgyf,1585509577,2020,careerguidance,dissatisfaction,"I am approaching 30. Work in sales and  have done for just shy of a year, before that I was in a financial  brokerage for a year, and an investment bank for a year. Graduated in Business Management in the UK, on a 4 year with a placement.

The  thing is and this has been the case for all my life and probably is for  many - there's just not something I am so passionate about that I want  to invest all my time specialising in. I left finance because I actually  hated the environment, the people. It was so toxic at one point I  resigned from my brokerage and luckily landed a job in tech sales. It's  now been just shy of a year and there's always so much pressure with  targets and aside from COVID for one moment, your job is under threat  after a period of time if you don't keep up with the numbers.

As  I approach 30, I have come to realise that life ISN'T worth this kind  of stress. And yet I'm earning £50k GBP which is in terms of averages,  pretty decent going for a 29 year old. But it's somehow not important to  me. If anything, it's easy to compare to some of my younger friends who  are in banking and earn even more than that and will continue to earn  more and more. I find myself looking up and thinking I should be doing  better, rather than looking down at say retail workers who earn 20k for  example. Heck, I'm talking to a Brazilian lady on a dating app who is 35  and works in a retail store as well as a restaurant receptionist - I  suddenly look much better than her. It's easy to forget.

But  I think I would be happier if you told me that I found my  girlfriend/wife to be, and was earning 20k, rather than earning say 50k  as I am and being single. There's just nothing that makes me think life  is worth repeating day in day out just to pay a mortgage, retire, and  then die. It just feels so unimportant. I guess I was never lucky enough  to discover my 'passion' from a young age and implement it into my  work. I'm into football but don't want any job around that other than be  a professional football player, which I am not.

I  recently started to look into coding and weigh up whether this would be  worth my time. It's actually interesting, but reading between the lines  it seems that it's going to be very challenging finding work in this  area without a degree, notto mention take years to learn enough to be  job ready.

I just feel kind of  lost and always have done with 'work'. Like there's never been an  underlying purpose/motivation behind it. Anyone else having career blues  around a similar age?"
fsxkxm,1585738426,2020,careerguidance,dissatisfaction,"Hi All,

In a very curios scenario and would like some advice.

I started at Google UK, London as a contractor (through an agency) about 3 weeks ago within a Data Analyst/ Business Intelligence role with pretty good pay.

About 2 weeks after, I had been contacted about another role at Google, again through a different agency and I was curious about the role and went ahead with the interview. Lo and behold – I get an offer! I had told the agency that I had resigned from my previous job and that I was currently looking for another. So they have no clue that I am currently at Google. 

Now the roles are both slightly different, with one being more ETL based and the other being more BI reporting focused. However, they share similarities. They are also in different offices within London too.

And the latter role is offering a 13% salary rise, and the office seems to be better.

So should I quit my current role, and re-join Google? Are there any risks regarding what I am doing? The agency wants me to begin in 3 weeks, which means if I did this, I would have to quit ASAP to ensure my details are erased from Googles systems.

Should I even do this? Is this even ethical?

Any advice would help!

Thanks"
fsxne7,1585738767,2020,careerguidance,dissatisfaction,"A little bit of my background:

This is still my first job after graduating. I am an application consultant. Normally I just introduce myself as a programmer but it's a bit more than that. I use an in-house language to develop software that is kinda niche as it targets large manufacturing companies, or any company with large and complex supply chains.

I've always liked the thought of living a life overseas as I haven't really liked where I currently live and grew up in, plus my experience from spending a year in UK to study has proved that it's not something I'm afraid of.

My thought coming into this job has always been that if I do well enough and am recognized in my company not just by people in my local office but by people in its HQ overseas, it can open up avenues for me to get moved abroad.

However, after working 4.5 years now and due to changes to the work culture introduced by the parent company, my feelings toward my current work have shifted and simply put, because of a need for me to move to the next phase in life, I am considering looking for other opportunities.

I always hear one of the most known ways to pressure the company to give you what you want is inform them that there is another job offer lined up for you and see if they are able to match that.

My question is: Do I need to prepare a job offer when I initiate negotiations with my company to discuss prospects of moving myself overseas? Which means that I would need balance my work hours with hunting for other jobs and going for interviews. Or, if I know that I am a valued employee and I inform of my intention to resign without another job offer lined up, is that normally enough to pressure my company to consider my request?

In the meantime, I have already raised this to my manager (who I don't fully trust would be able to do anything, which is part of why I feel like leaving now) and have talked to other superiors but I feel that I need to take some concrete action for myself, and I'm open to that action being to resign if that's the most effective action."
ft240v,1585755681,2020,careerguidance,satisfaction,"Hello, you'll have to bear with me while I type this as its my first reddit post and i don't even know what im doing haha.

So, basically, high school has really messed everything up for me. I'm from the UK, and in year 9 (age of 13/14), we had to choose 'options'. This is basically deciding what we would like to study for the last 2 years of high school, and then in year 11 (age of 15/16), we had to choose what to study in higher education (college, either A-Levels or Vocational). We weren't really given a choice to go straight into work, it was basically a case of ""You have to choose a career and go into higher education.""

I chose Catering. I'd always loved cooking as a child, so it was an easy choice. I studied in high school for 2 years, in college for 3 years, and i've now been working full time for almost 4 years.

But I came to the sudden realization a few days ago that as much as I love my job, I want more from my life. I still like cooking, but I want to do something better. Something more academic. I don't have A-Levels, and all my qualifications are Cooking / Food Service based.

I have a few interests in mind being History &amp; Criminology, and I am looking into these, but I don't even know if its possible to change my career this drastically. How do I possibly go about this? 

And honestly one of my biggest worries is telling my parents. They'll be so dissapointed in me.

Can anyone please give me any advice? Anything will help, no matter how small of a suggestion."
fuerks,1585942135,2020,careerguidance,dissatisfaction,"I need some career advice on what to do next in my life. Everything seems to have come to a standstill. I am finishing my physics MSci degree in the UK and I applied to around 10 PhD positions in the field I wanted to do research in. I got some rejections and some acceptances (but without any funding). This means that I will very likely won’t be doing a PhD next year. Now I am trying to plan what to do next year. Should I take the year out and apply again? Should I apply to MScs? The problem is that I would have to do a MSc outside of my field (such as ML or Data Analysis), and I don’t know if that will be detrimental to PhD applications or if it will make me change my mind and not want to do a PhD afterwards. Does anyone have any tips on what I should do?"
fwkb8a,1586265306,2020,careerguidance,dissatisfaction,"OK  guys bear with me, possible typos ahead. I work for a UK software company that makes software for engineers/students etc, basically for the manufacturing industry. I have a technical/engineering background. Not a coding background. When I joined it was a small to medium-sized company and it was a great place to work for then. I started at a very junior role in support, FFWD just a few years and I've worked my way up to being a tester for research/dev. Don't get me wrong I really love my team and my manager. After being bought by much larger company, it doesn't feel like our new corporate overlords care that much about the employees.  Either that or we no longer know what's going on because communications is filtered down and just diluted through so many layers of authority. I've asked about appraisal  or at least if they could hire more people to assist, but the answer seems to always be ""no"", each time a new way of conveying the ""no"".  I've always wanted to try another career but I never thought of leaving this job because I loved it. but lately I've lost all enthusiasm, even for self-improvement. Before the whole coronavirus happened, I was so tired of it all. I think it often felt like most of my team felt like we were overworked and overlooked. Then the quarantine happened and just having to sit home because I must work from home... makes all this feel utterly useless. I suppose this sounds like whining, my apologies about that. But I genuinely think I need to do something else with my life. Besides the occasional volunteering or donating. How can do I actually make it my career. Is it to late get into social work in my late 20s? Where do I start? Do I need some further education? I don't care about money, I'm not a big spender long as it pays enough for my rent/bills and I have a bit left over to send to my mum that's enough. I'm only starting to research other options. Any advice/criticism is welcome.

TLDR - Job in IT is unfulfilling, how do I (a late starter) become a social worker in the UK? If I have to go back to school are there ways too support myself?"
g50jk2,1587414483,2020,careerguidance,dissatisfaction,"Hello everyone,

I need help figuring out where to go in life.

I am 23, a recent grad with a BA in Philosophy in UK who has experienced a severe downturn in mental health and I am ready to quit my job. 

I work in money services industry &amp; I only got this job via connections. I hate it. Long story short, the work is pointless and the management has been terrible. I’ve been micromanaged, working around the clock, doing two people’s work, harassed over the phone after work because my manager can’t control her outbursts despite me being the top performer, not allowing me to take more than two days of holiday at once because of tight company’s deadlines that I must oversee and manage, etc. I am burnt out.

The role has also become really repetitive and almost menial. Even after 7 months working here I haven’t been given projects that I was promised in the contract and the job interview. (I had to work on digital marketing and SEO side of things, but was given order fulfilment.)

In the end it all compounded to the point of having massive anxiety attacks, shaking and crying in the bathrooms and at home after work. It’s been terrible. It took a massive toll on my mental health. 

As I really can’t return to that workplace, I need to find a new job (and a career, really). But I am a bit directionless and I need help understand where I need to go. (I am in UK.)

Some things about me: I love psychology, interacting with others, interpreting their situations (especially related to intrapersonal issues), and giving advice. So far it’s been simply blogging about personality theories and discussing people’s cases with them. (So I also enjoy content creation.) I also like dealing with serious things and feel useful (just not super heavy). 

Otherwise, my interests are very broad. For example, I also dabble with a little eCommerce store of my own &amp; practise digital art on the side). 

However, the grand pattern in everything is that I love understanding how other people work and derive great enjoyment from advising them or helping them interpret their situations.

So my question is, what could I do with my background that would also allow me to pursue my natural interests? I’d rather avoid corporate world if possible, but I don’t want to be unemployable.

Some schooling is fine if it means I can do it part time.

Please ask questions if I left out important details. 

Thanks in advance!"
g8q23v,1587947420,2020,careerguidance,dissatisfaction,"I'm 20 years old and I don't really know what my next step in life is, I was wondering if you guys could help

Currently I'm in my last year of Animal Management at college - In the UK we finish high school at 16 and then either get a job/apprenticeship or go to college until 18. Some stay longer for certain specific subjects, such as myself. Animal management covers things like biology, health, welfare, business, handling, conservation, ecology etc

I absolutely hate college and I always have, the only thing keeping me there being my friends and the need for more education. I do absolutely adore animals, but learning more about the industry over time there's no real place for me in it. Almost all the jobs, aside from being a vet, are too low pay for a future career if I want to start a family comfortably. 

I'm good at computer since I've spent my entire life around one. My dad made sure I got into that very early and it paid off, I love them. My pain passion is gaming. Not just playing games, but the culture, the industry, the history, the tiny niche details, the art, the music. I think they're the perfect form of art and I adore everything about them 

The thing is there's no real career I can think of based on that. I'm bad at coding and I disliked it for the time I did it (Python and C++) and I'm terrible at art too. 

I'm just stuck on where to go next. I need to plan ahead for my education and career rather than doing something that won't really be of any use in the long run. I was thinking of doing an extra college year focusing on IT to see if I specifically enjoyed one part, but that'd cost a lot of money for a qualification of the same level as my current one. I could go straight onto university, but then I don't know if I'd like it or what specifically to focus on

I just can't find a passion I can turn into a career and I really don't know how to"
gaqy0w,1588230626,2020,careerguidance,dissatisfaction," Hi all. First post here.i

Australia, 42, currently ""VP"" in a private-owned small business (11 years in there) with no prospect of progress.

I  have next week a (2nd) interview for a CTO role with the chairman of a  small, public-listed  ""startup"" early next week (same domain - not  competitive with current one). My first interview (Zoom) was with the  CEO and it sounded great (and I am positive the feeling was reciprocal).

I  write ""startup"" in quote because it is the nth iteration of a 15+ years  old venture which has never managed (yet) to really take off. They have  raised another million recently (6 months ago) after which the CEO  resigned and was replaced (2 months ago) with the new one. Obviously  they have limited funds - and if the sales (overseas markets mostly)  do  not take up significantly soon there won't be anything left in a year  or so (Still working on analysing their docs).

I  am completely aware that this is a probable prospect considering the  current situation - but at the same time I'm willing to take the risk -  TBH my CV needs a fresh turn so another experience in there would be  positive even if it ends up with a business that is winding up.

All  I need is some visibility then to turn over. For that purpose, I would  like to negociate a ""termination package"" as part of my employment  package, i.e. if they lay me off out of no fault of mine they pay me x  months of salary - but I would love some advice about how to word that. I  a,m not sure the term ""golden parachute"" is the right one LOL :)

PS  - Australia - wording may be different than US or UK

THX"
ge7m69,1588717518,2020,careerguidance,dissatisfaction,"Hi, first time posting here but wondering if I can get some advice. Quick background: I’m 23 y/o, graduated last year, started my first full time job in marketing about 8 months ago.

I’m currently working for a small company where the benefits and pay are pretty terrible, there is no HR or real management, and the boss creates a very unpleasant working environment - think people having to leave because of stress all the time. This recently started to get to me more and more, and I made the decision to start looking elsewhere for jobs. Before we went into lockdown (I’m UK based), I was offered a job I interviewed for, and it ticks all the boxes for me -  a step up in my career, great and stable management and more benefits. All seems good.

The only problem now is that I have to hand in my notice, and I’m WFH so will have to do so remotely. My boss is known for handling resignations pretty badly, and so I know the reaction could be anything from offering me a pay rise to stay (which I wouldn’t want), or completely flipping out on me and ending up in a bad position. Obviously I’d like to leave the company gracefully and on good terms, particularly in this precarious work environment that so many are facing right now. How is the best way to handle resigning remotely with a difficult boss?

Thanks for your help!"
gh3k6s,1589124754,2020,careerguidance,dissatisfaction,"It's probably the number 1 thing driving me into depression. I can't come to terms with the fact that as I'm coming to 30, never have I felt more certain that the idea of a 'career' or working for the rest of my life in some repetitive job just to support my housing, family and retirement, is just NO life.

I'm not sure if it's bad experiences, or not knowing what exactly it is I want to do. Heck, I'm being paid 55k, but have already decided I will resign before the end of the year, leave London, and move back to my hometown (where opportunities are limited). This is simply because, after several years of slaving it out in an office, I so desperately miss feeling PURPOSE in life. Whether that's living under mum's roof and feeling the love of living with my family, being at University, and being surrounded by some of the best friends and richest experiences, being young and adventurous, traveling. Living life. 

Ever since I graduated and got into the 'workforce', aka, sitting at my corporate desk all day every day, life has been a misery. Eeach and every day typically morphs into the same scenario, wake up early, feel tired, commute, spend x hours under intense stress, commute home, change, cook, wash dishes, maybe go gym, bed, repeat. Then the weekend. Even weekends are duller than they used to be because people are so busy or spend time with their other halves or whatever else.

I came to realise through a lot of self-reflection during lockdown, that it's not the job, or the industry (I changed industry to mix it up and try something new). I realised that selling all of my time just to receive a paycheck, is nonsense. To the point where I'd rather resign and be unemployed whilst preparing for long-term travelling. It's strange because I want someone to tell me I'm barking mad, to leave a nice paid 55k job in the city for what I want - but you can't help what you feel. I'd imagine it's like a gay person and bottling up their feelings and then eventually coming out. For me, the truest thing I feel in my heart is that I just don't want to work 9-5 for the rest of my life, full stop. I want more out of life than living for the weekend, than defining my life and value by my 'work'. I can't derive value from anything else because I spend 80% of my waking time at work/commuting. No job has ever brought me any sense of purpose in life. It just draws me down further, gradually.

I just think it's an incredble shame, that we spend our lives in the pursuit of careers, selling our health, our time, our relationships and everything else just to put money in the bank and jump on the old societal bandwagon of buying a house and settling down. I thought after going into uni and then into the exciting world of financial services, that I had life set. But suddenly, I could not want it less. Even the idea of spending 30 years paying off a mortgage disinterests me. I find it a grim and miserable idea. What's wrong with me? But scarily, there's no viable alternative. It seems though a lot of people around my age who think similarly travel, so that's what I'm considering also.

Any others feel the same way?"
go1t9l,1590084160,2020,careerguidance,dissatisfaction,"**Hi all,**

I wanted to ask you for help in my CV and Resume, I'm 23 y.o. international which moved to the UK in 2015, I have done the research about the country so I don't end up in warehouse op position for the rest of my life so I took Level 3 Diploma in IT, GCSE In Higher Maths and IELTS English Test to prove I actually can speak it.

Almost since a year, I was applying for any decent jobs such as Receptionists, Customer Advisor, Administrator, Admin Support, 1st Line Support and similar but the problem I had completely no experience at any office jobs, before so obviously no-one wanted me.

But I managed to get to ""Administrator"" position which in reality seems like underpaid Manager position in a 5 people business that gets 75% of all staff jobs + responsibility for business so I wanted to change it. Through the half a year working there I gained some experience on Reception, Administration, Basic Graphic Design and some SEO. But still, when I apply for the same positions, I cannot even get to the interview stage.

I created about 10-15 CV and at least 10 Covering Letters focusing on different skills and aspects (Customer Service, Technical Skills etc) but it doesn't even get me a call (maybe 1 out of 20) even after getting 6mth experience and applying for same positions with different CV's.  
I know it's not quite long so I cannot expect +20k job with my experience but I cannot understand why am I getting rejections or ""Viewed your application"" even on the entry-level application which I can't believe to be so responsible so I cannot do it after I know I can handle my current position.

I used almost every page such as Indeed, Reed, Monster, CV-Library and all of the others, I got the review of my CV from CV Library and revised it to it, I used many styles and templates for the CV but nothing does the job or even makes a difference.

Anybody could give me any advice what could I do or anything to help, as I think I used most of my possible manoeuvres in this field and I start to feel like it may not really be about the skills?  


I'll leave a link to short CV that supposed to be 'modern looking' and the standard one I was sending to employers in case if anybody wanted to have a look at it  
 

Standard:

[https://docdro.id/ltxjMru](https://docdro.id/ltxjMru)

Short

[https://docdro.id/FRxvw3Q](https://docdro.id/FRxvw3Q)"
grfp3t,1590567563,2020,careerguidance,dissatisfaction,"I recently graduated as a mechanical engineer from a decent university in Lebanon (American University of Beirut). With everything that is going on in the world, it’s very hard for me to find a job. The career center at my university often used to send grads to gulf countries such as Dubai or Qatar. But now almost nobody is hiring. I did an internship in Texas, USA last summer. It was a dream job: company car, accomodation in a nice area of Austin, decent salary and the best part is visa sponsorship. I tried reapplying to the same company I worked in last summer, but they declined my application. (I applied to work Remotely from the Beirut office). Now I’m stuck at looking for jobs online, while only constantly receiving rejections. My country Lebanon is in dire crisis, our currency is facing hyperinflation and unemployment is at 60%. Most companies hire people who have the right the work in the country their office is located. I’m stuck, with a trashy passport, in a third world country, with a degree of engineering, and a dream to move to wealthier countries with a strong economy such as USA, UAE, UK, Qatar, Saudi, Oman. Any advice?"
gs3nau,1590661164,2020,careerguidance,dissatisfaction,"
I quit my job last September. I had a really good job, worked for my company for 16 years. Well paid travelling job. Been all around the world but it got to the point it was just getting  too much. On the outside everyone thought I had the perfect job, in a way it was but it was getting to me that I had no real life in the real world as I was only at home maybe 3 weeks a year, lots of hotels and ships.  
So I quit with the idea to take some time for myself and take some proper vacation time and decide what I want to do next. Mortgage paid off and no debts so it was the perfect time. 
This was great at first. Still not used to being home in my town but started to join some social activities, activity weeks and even booked a 3 week trek through Azerbaijan. Then the pandemic happened and all plans got cancelled. 
So now Im really starting to realize I have no job and still have no idea what I want to do. I thought by now I would have some inspiration but Im stuck. My background is in the travel hospitality industry as a financial auditor on cruise ships but have no real qualifications. 
With so many people being laid off and furloughed Im really worried I wont be able to find work. 
I have savings which I am living off which will last a while but not for ever. 

Does anyone have any ideas how I can get back into the work industry in the UK after so long not working in the UK and at my grand age of 41!"
gvwy7g,1591201137,2020,careerguidance,dissatisfaction,"Good afternoon everyone,

I’m having a bad crisis lately. I’ve recently graduated as an Aerospace Engineer, maximum grades. The Covid crisis hit just before my graduation. Since february everything went downhill. After years of fairly well being, some of my chronic health problems worsened, the job market entered a crisis, I had to cancel my graduation travel in asia that I planned a year ago and saved money for for years. I lost also some money since few airlines didn’t want to refund. In summary, this 2020 didn’t start good at all. Since I cannot enjoy my vacations, I tried to start looking for a job. At least I can start earning some money instead of just spending them.

It’s been a few months and I have got absolutely no luck. I’ve started thinking and reasoning on brought me to this situation and I figured that, even if it’s not completely my fault, I have done many mistakes. I wanted then to share my thoughts with you, to ask for help, for tips, for opinions. This will be more like a flux of thoughts. It will be long and probably not written too well. I hope you can forgive me.

1. The Covid-19 crisis hit the aerospace market really hard, and I graduated exacly when the crisis hit harder. Friends of mine that graduated in december already have a job, they could work during the quarantine, get some money, pass probably flew faster for them.

While I’m looking for a job, I just keep thinking of how many opportunities I could have found if I graduated earlier, how many opportunities are not here anymore, how many companies are not hiring anymore, and how many don’t want to spend money and invest in a freshly graduated engineers with no experience. At the moment I really feel like stopping applying, because no one answers me. Moreover, I’m scared that even if I can find a job, this will be about stuff and duties that I’m not interested in, in a company/industry/sector that I’m not interested in. The chances of getting a job I like have shrinked a lot in the last months.

2. I like aerodynamics and propulsion. My dream would be working on aircraft aerodynamics, or even better aircraft engines. Alternatevely, I’d like to work in the motorsport industry, or as a propulsion engineer in the space industry. Unfortunately, most of the jobs I’ve found are about structure/mechanical analysis, a mix of engineering and I.T. (softwares, firmwares, sensors and avionics), or CAD modeling. I’m worried that it will be impossible to land the job I want at the moment, with no experience. I’ll need to accept a job that it’s not about my interests. That would be ok at the beginning, right? It’s still some work experience in the industry. The biggest worry is that I’d be starting to get experience on the “wrong” subject. After 3 years as a structural analisys or software development, who would hire me as a CFD analyst. And why I should even try to search for a job as a CFD analyst? It would be much easier just to search for a job as a structural engineer. I’m sure I’d get paid even more since I’d have 3 years of experience. In summary, I’m worried about starting my career in the wrong sector, and to be bound in that path forever

3. I’m having an hard time trying to get a job about aerodynamics and fluid dynamics also because I don’t have experience, not even from uni. My thesis was about experimental aerodynamics, I’ve worked a little in a wind tunnel. Other than that, nothing. My uni didn’t even had a course about CFD. I’ve only done courses about theoretical fluid dynamics and aero. All the stuff of CFD I’ve learned, I’ve learned by myself. My knowledge of Fluent is still pretty basic, even less with OpenFOAM. I’m working on it, trying to follow some Udemy courses, youtube videos, online resources etc. I’m proceeding really slow, and my knowledge is still basic. I’m sad, because my uni haven’t thought me the thing I was most interested in. I never had the money to go to another uni in another city, so this was the only way to become an aerospace engineer. To work on aerodynamics, tho, I’d really need to find a company that is willing to invest on me, knowing that I won’t be productive for the company for months, while I learn.

4. One of the biggest mistake I’ve done during uni is that I’ve never done extra curricular activities. In my country internships are not mandatory, and are really not common. I just studied and I passed my exams, and that’s it. I did have some opportunities: I could join the formula student team for example. I didn’t. I didn’t joined the team, nor I partecipated to other extracurricular activities like students projects and labs etc. I studied and passed my exams. That’s it. But it’s not enough for the job market. My accademic knowledge is not worth much. I really feel the weight of this wrong choice. Joining the formula student team, for example, and graduate later or with lower grades, would have been much better to prepare myself for the actual job marked. And indeed, while I was serching for a job, I figured that most if not all the motorsport teams wanted some formula student experience. 

Moreover, I have no useful certifications on my CV, something useful for the real world indutry.

5. As a proof for this, I saw that a few student collegues, that had lower grades, didn’t study that much, sometimes even copied the exams or projects but they did join some uni team or done some extensive extra curricular activities. They’ve found a good job, or at least an internship in a related field. Pretty sad that all my hardwork is worth nothing, but also I feel stupid not to have thought about this before, and I understand why a company is not interested too much in the academic results.

6. In my country, the aerospace industry is small, and most companies do software development, avionics, sensors and similar stuff I’m not interested in. I’m in the EU, so it should be easy to find a job abroad, but: I only know english as a second language, and I have no experience. Most of the best countries for aerospace jobs in EU requires to know German, French, Dutch languages. Also seems like is super hard to get a job without experience. Seems like I’m stuck in the crappy aerospace market of my country.

7. Showing that I’m willing and able to work abroad and easily adapt, I’ve done a 6 months erasmus in UK, where I wrote my master thesis. I thought having an Erasmus experience in the CV, work alone abroad, write a thesis in a non-native language, all of this was a big plus and a huge boost to get a job. Turns out seems like no one cares, that’s nothing special and pretty average or that people think you do erasmus just to have fun.

8. There’s a feeling that’s been haunting me since forever: that I know many things, but not deeply enough. And I know that it’s not just a feeling, it’s the truth. There’s really nothing I know deeply. I’ve done and studied many things in my life, but there nothing I’ve been actually good at. I’ve been crap, or decent at most, with maybe few moments of good or great, but that’s it. I know nothing really well, I’m not good a nothing. I just have a broad but superficial knowledge of many things. This is one of the things that really haunts me and make me feel sad. I also saw some jobs interview that my friends had to do, and I have to say that I woul’ve completely unprepared for them. I am willing to study and learn stuff more deeply to be better at my job, but I need to find one first. And then, will I be able to actually learn and become a good engineer? Will I become productive and useful for the company? Will I be able to work alone and make choices alone? I don’t feel that good nor that smart. I don’t have a brilliant mind, nor a good immagination and open mind. I’m not stupid, but I’m average. Not brilliant. Probably good enough for a standard office job, but not to be a good, innovative, smart engineer. I’m also not good to handle stress, even more when I’m left alone. I usually need support at the beginning of a project, research of whatever. Not doing good in stressfull situations is bad for an engineers. I’d never write this on a CV, but it’s the truth.

9. I’m facing now the truth that probably I won’t be able to have my dream career, and probably that I’ll be an average worker. I don’t want to be rich, or famous or powerful, but I wanted to have a good life, with a job with a good salary where I worked in a field I liked and that would let partecipate in some good and important projects. I have this feeling, though, that I’ll need to accept that I’ll have a normal office job, with an average salary, probably in a field related to engineering but I won’t work on the stuff I really want to.

10. Sometimes, I think that it’s not worth to work as an engineer, especially if you don’t like what you are doing. Too much brain power wasted, too much head aches stress for something you don’t like. I’m worried that if I’ll find a job I don’t like, I’ll suffer a lot for it while not gaining anything back. 

11. In my last months before graduation, when I started  looking for a job, I started having some regrets on my choices. This became even worse when I found out that a year prior, in my country, an aircraft engineers academies opened. After finding this out, I’ve been even more haunted by the feeling that I’ve choosen the wrong career path. When I joined the uni, I was young, and I didn’t know about all the possibilities of the job marked. Now I know what I want, and I feel like I’d prefer to work as a aircraft engineer instead of a aerospace engineer, meaning that I’d much prefer to actually work on the aircraft and the engines, phisically, than studying and developing them. I also saw that in my country these aircraft engineers get paid really well and even more than the average aerospace engineer. I’ve been evaluating, now, after 5 years of uni, to switch my carrer and join the academy. This would mean to waste 2 to 4 more years of my life. Also I do not have the money to pay for it. 

12. About the money, it’s incredible how sad the salaries are in my country, particularly for new engineers. An average engineer gets paid a little more than a office worker (1500-2000€ pm after years of experience, if you work for a good company). New engineers get much less. A company asked me to move in another city and do a 3 years apprendiceship for 400€ pm. How the hell can I live alone in another city for 3 years with 400€ pm? Also it seems unfair that after 5 years of uni and hardwork, I get paid this much. Even with no experience, I’ve still studied hard to work an higher level job. Seems like uni was a bad investment, since my friends that started working after highschools have been living alone for a while, and with 5 years experience now they have a good salary. How can I live with my parents for 3 more years now, while I get underpaid to do a long apprendiceship. This way, at 30 years all I’ll be still stuck in my home town, in my parents house.

This are most of the thoughts that have been hunting me lately. This 2020 is really going downhill for me as for most of the people. Bad things are happening everywhere. I know that my problems are nothing compared to the issues that are emerging in the world lately. But I really wanted to write all of this somewhere, and I’d really like to have your opinions. Suggestions and tips are also welcomed.

Thank you very very much. 

PS: I posted this on a dummy account for privacy. Also I posted this on different subs to get more advices and opinions from different kind of people."
gzmsy6,1591708090,2020,careerguidance,dissatisfaction,"Posted a couple times here before. More specifically to my practical situation right now, I work for a horrible American sales company and was recently put on a PIP - performance  improvement plan (basically hit x targets over the month or you are  out). It's widely known in sales to be the 1st step in getting the sack.

It's   a bit of a blessing in disguise as I've been hating my time here since  I  started in December just last year, and it's confirmed to me that I   don't want to work in sales again. In fact, I plan to move out of London and into my mum's place before I go travelling early next year.

I posted this in another forum to get details on benefits of my company laying me off before I resign, and vice versa, in regards to the pros/cons of each. A number of people were like 'you're about to get laid off during a pandemic and with the worst recession in centuries to come, find another job quick', or 'you seem unconcerned about resigning in this pandemic' etc etc

But what if in my case with plans to travel in Q1 next year, you're burnt out from the office life, and not having a backup plan? In my case I worked in finance previously, then moved into SAAS sales. I'm now in my 2nd six month stint and I know I want out of sales so don't see the point of going into a 3rd sales role and doing another 6-9 month stint before I quite again to travel. I'd then have 3 separate six month stints at different companies on my CV which looks even worse.

Struggling to organise my thoughts. I'm currently exhausted. I've got 20k saved up and will have free rent with my mum, rediscover my interest in life and people, have a chance in the next 6-9 months to not work, claim some benefits maybe, look at side income, train up in a few things to prepare for my future etc. Or I can get another grinding job in London and continue? What's best in this 'pandemic'?

I feel like I should be feeling guilty, but I also want to look after myself."
h0wvc0,1591871989,2020,careerguidance,satisfaction,"I want to be a video producer. I love the craft. I love editing more than any other aspect of video production. I have little experience in it but I understand it and it makes sense to me.

The start up cost for learning to become a video producer and build a portfolio is north of £3,000 because I don't have any equipment to film yet.

My goal is to specialise in travel and tourism productions. And I know it'll take up to four years to become really good. 

However, I am concerned about the saturation in the market and how this craft will cost me more than it rewards.

I don't want to be spending so much money to learn something I love but not get paid enough to survive. 

On the other hand, I have been considering software development.

The startup costs is close to nil. There is still competition but becoming good at it doesn't cost me because I already have a laptop. 

I have little experience in coding in HTML and CSS.

I find it boring but I know it pays well over time and the learning development process isn't complex.

My goal with software developement is to work remotely specialising in front end development and have a healthy work life balance of travel.

I don't have any projects I would like to engage in because I don't love it so it would just be a job where I do what's necessary for a client or manager. 

The challenge is choosing between a career that is inherently me but costs me money (video production) with no return or a career that's not me but pays me to do what I want to do (software development).

Personality and situation:

I have an avoidant personality (official doctor report).
I work best in low stress environments where I have autonomy.
I require a healthy balance of social interaction and isolation.
I am creative by nature.
25 years old.
Live in London.
Live with family (3 people, 2 bedrooms) but need to move out and be independent as soon as possible.
Degree in marketing. I have no hard skills to speak of.
Work in retail."
hczxln,1592710225,2020,careerguidance,dissatisfaction,"Hello,

I am a 20 Year Old University Student based in Liverpool, UK after growing up in Belfast.

On the surface and as far as everyone knows it seems like I have my life together, a decent job, progressing well in my degree and on track for a decent graduate job/further education.

But underneath this facade I hate myself. I am really struggling to cope with the direction my life is going in and heres why.

I hate my job. I hate my degree. I hate the field, the atmosphere, the people, the surroundings even the pay isn’t worth keeping me there. My contract is up on 1st July and I cannot wait to get out because it’s pushing me into a deep depression.

It has caused me to hate my degree and I have decided for at least the next year/2 whilst I try and pick up the pieces from this lockdown which has destroyed my life I just want a simple, 9-5 office job with decent pay. Is there any decent entry-level apprenticeships/jobs that allow a career path into this type of field?

Thanks"
hki18c,1593778589,2020,careerguidance,dissatisfaction,"I am 22, M. I dropped out of Univeristy due to bullying and wrongly told what course to do. I have recently left a Level 3 Apprenticeship due to my manager recommending a resignation after struggling to hand in any work without it being rejected and returned back to me.

I have been working since I was 8 years old trying to earn extra money for my single mother. I have aspergers syndrome and I'm a workaholic.

My experience includes:  
\-2 years food prep behind chippy (8-10yo)  
\-1 year kitchen porter (10-11yo)  
\-6 months farm hand (10yo)  
\-3 years paper boy (14-17)  
\-4 years retail assistant (2 at 15-17, and 2 at 10-12 yo)

Recent:  
\-5 months volunteer assistant Maths&amp;Further Maths ALevel teacher (3 in 2015, 2 in 2016)  
\-7 months volunteer at cafe (2015/6)  
\-5 months KFC (2016/7)  
\-3 months breakfast cafe (2017)  
\-3 months website developer freelance (2018)  
\-20 months Events and Digital Marketing Apprenticeship (2018-today\[resignation\]) - {job - marketing, qual - Administration}

Quals:  
\- 8 GCSE's A\* to C inc Math and Eng -- (Head Boy)  
\- FSMQ Advanced - A  
\- 3 ALevels (Maths - A\*, Further Maths - A, Physics - C) -- (Head of Student Council and Student Govenor)  
\- Certificate of Education - Theoretical Physics, University of Leeds -- Year Rep for 2 years"
hmadhu,1594051463,2020,careerguidance,dissatisfaction,"I've been looking for a job for the past few weeks now, mostly using linkedin. What I am seeing is that 90% of vacancies that are labelled as ""entry level"" require at least 1 years of relevant experience, and there is almost no real opportunities for graduates. The 10% of jobs that remain usually are either very low paying or have 500+ applicants (linkedin shows number of applicants).

Has the job market always been like this, or is there a severe lack of entry level jobs available to graduates?

Location: UK"
hq4b0i,1594596025,2020,careerguidance,dissatisfaction,"TL; TR: love my job and company, company was hit by covid and they're offering a succulent voluntary redundancy package, my work is well recognised by managers and I get top performance assessments but reality is I'm still underpaid compared to peers. Don't know if I should take the voluntary cut and leave.

So I work for a big company in a very exclusive field. One of these big companies that have been hit hardly by the pandemic and that announced thousands of jobs cuts. Job is in Europe (UK).

I'm 29 and I have been working for this company for the last 3 years, plus I had worked before for 3 more years in the same field so relevant experience adds up to 6 years.

I am seeking some advice as, while this is the company I want to work for, I'm having thoughts about applying for the voluntary release package they're offering as part of the downsizing of the company. It sounds contradictory so I'll try to explain this.

I joined this company as part of a development programme that aims to train you in many functions/aspects of the company and not only in your target function, because the idea is for you to become a manager in a few years. I actually accepted to reduce my salary and perks compared to my previous job because I was interested in the training itself and saw it as an investment. The training is incredible and I really learnt a lot during those 2 years and a half (I can't emphasise this enough), and also got a lot of exposure to many people (including senior managers and above). This allowed me to create a very successful professional network within the company that may prove very helpful in the future. The company really spent tens of thousands of pounds in this training, but the initial conditions (salary) are not negotiable as the programme is quite structured.

During the programme you get your performance assessed quite often. I got pretty much maximum 'score' in each and every performance review. This directly leads your salary raises, but again the programme is very structured/not too flexible in this aspect and there are maximum raises (in %). I got the maximum possible increase every year (and it's not negligible, the problem is that the baseline is kind of low).

I feel a lot of recognition for my work, like, my manager has only good words for me and my work and doesn't doubt to assess me as a top performer every time. Among my peers (from this programme), I'm at the top in terms of title/salary now. All this sounds good, and I feel myself very well regarded by managers but the reality is that given the cap during the first years, I am in a position where my title, grade and salary don't match the skills, experience, recognition and capacity I have. I'd put it perhaps this way: I feel recognised by managers and all that but not necessarily by HR. My manager has actively tried to get HR to discuss changes of title/salary raises  but HR has refused so far, arguing it's too early.

This last thing has been becoming a more annoying thing during the last months (since before the pandemic). Everyone (other employees) assumes I must have a higher grade and salary than I actually do. Like talking to colleagues around my age they always guess I must have higher salary than them (based on what they see I do, know, am able to) but it's just not true any time. It seems evident to me that the fact that everyone thinks you are at X means that you should be at X (at least). But I would like to get your thoughts on this.

I'll add that I regularly get job proposals through LinkedIn where they systematically offer me better salary/positions. So far I have refused to even consider them because I like what I do but for the mentioned reasons recently I started to have second thoughts about it. What we're talking about here is that I think I could easily get around a 20% (at least, and possibly more) were I to change jobs, without much issue I'd say. Although I'd rather stay in my company, it's difficult to ignore this fact.

So now I have this opportunity to leave with a one-year salary pay package. The option that arises then is to take the money and just go for another job in another company, which is very possible and will get me for sure a better salary. However, the company won't be so exciting. I also understand the effects the pandemic may have on my job search but I should be covered with the leave package and my skills are in demand so I'm confident I would find something sooner rather than later.

So you can see where I am. I'm sure opportunities will come up in my company because I'm well regarded and I'm just proving I have what it takes, but I'm afraid it can take years until I get to where I 'should' be based on experience, skills and performance (if you want, where I ""would like"" to be). I'm a bit 'tired' of waiting. I try not to compare with others but I need to mention that,  because they're not capped during the first years, we see people (same age) with less experience, skills and performance just with significantly higher salaries and grade. Even them they're surprised when we discuss this. I have a mentor who is a senior manager in the company and he claims that this is how it works: for people from the development programme this is a 'marathon', ""sure others may be better off during their first years but most of them will never have the opportunities you will have in a few years"". I think they're being honest and it's not just words to make me feel better, but given the circumstances I don't know if the wait is worthwhile anymore. I hate to say it but I think my position is just not fair.

I would like to have any insights about what you think about applying for the voluntary package or staying. Or if I should try to get anything from HR and apply for the redundancy if I'm not successful (I don't think they'll offer anything at this very moment, probably would have to wait until end of the year). Have you been in a similar situation? I have so many thoughts flying around my head that I don't know anymore how to proceed. I've thought of having a discussion about this with my manager but I think all I'll get is a reinforcement that I am well regarded and recognised and that he doesn't want me to leave but that's it.

Do you think the restructuring of the company may even offer some opportunities to younger people? This is something I don't really know how to interpret.

Also I would like to add that although I'm mentioning here the salary/money a bit too much, money is not what drives me. I really mean it, if this was a huge issue I would have never moved to this company in the first place. I'm more about recognition and responsibilities but obviously at some point you need your salary to match those which is not the case."
hwcizp,1595495607,2020,careerguidance,satisfaction,"(UK 22M) Need to leave PR for my sanity - no idea where to go.

I am 22 and have worked in PR since I was 17 (did an apprenticeship and have had two promotions since).

I used to work at a small agency and it was very stressful, but I assumed that was due to the small team size. Unfortunately I have since moved to a bigger city and the new agency is exactly the same.

I had a bit of an emotional breakdown last night because I cannot handle the constant scrutiny and pressure - they preach ‘we are a team’ but when the works piles on, you’re on your own.

Where can I go? What can I do? I want slightly more work life balance and I don’t even know if I like PR, I just fell into it at 17. 

I don’t want to feel like I’ve wasted these years in PR, but I also have a 2:1 Degree and PR specific qualifications - where can I go?

My dream is to work in football (soccer), but it’s so hard to get into. I like media-related work, working at a computer rather than being out in the field etc, so I can get on and do my work and then leave.

Any ideas?!"
hwqzeb,1595548100,2020,careerguidance,dissatisfaction,"TLDR: Should I take a non-profit role in LA or a startup role in London?

I'll try to keep this all as brief as possible!:

I currently work in London in a job which has seriously burnt me out &amp; I've been actively applying to other jobs for \~5 months. Two positions have started to line up (I still have final round interviews left, but seems like I will be extended offers to at least one and probably both) just now. Job 1: a growth stage startup in London, where I currently live (though I am a US citizen), which has a vibrant culture including happy hours twice a week, yoga in the office, etc... I really think the company and people seem genuine. The role is in procurement, which is similar to my degree and would lead to more concrete salary progression &amp; transferable roles. Job 2: an art/film non-profit in LA. The job itself I'm pretty overqualified for, but given my current burnout that almost seems appealing. The organization puts on a very big film event annually that I think is super cool &amp; employees receive passes and access to the event. I would love to break into the media industry, which this may allow me to do, but it would be starting low on the ladder and in a finance/accounting role so I don't know if it truly would help. I could relocate, but that would be an added hassle.

The salary for the London job is £35k annually and the LA job is \~$48k annually. Both of these would be an adjustment for me since my current job is \~ £70k, but I save over half of my salary so I know I  could adjust to these salaries and this change is more motivated by being burnt out by this higher paying role, so I'm ready to accept this. I think £35k will go much further in London than $48k would in LA.

Any advice? Any factors I'm not thinking about yet? I feel so conflicted, but blessed that at least I have options given this is about the worst time to realize you electively want to leave your job. Thanks in advance!"
hxkhge,1595672370,2020,careerguidance,dissatisfaction,"30M based in UK. I have worked in various Data Science and Analytics roles for 5 years, from Operations Research to BI to Machine Learning, but I've realised that this type career only makes me lonely and miserable. I have no interest in common with my colleagues, I don't like to code and I don't believe that Data makes a positive contribution to the world. I hold two MSc, one in Management Engineering, one in Machine Learning, both awarded with Distinction and Dean's List.

I've tried to change for almost 2 years, but no success. Every person who hires me, even with different job titles (Programme Manager, Business Analyst), pigeonhole me into Data tasks. This has caused me severe depression and multiple burnouts, because I don't manage to stand the look of Python and SQL code anymore. I want my job to focus on people and business processes, not computers.

I know that in order to achive a career change one needs to focus on transferrable skills, but let's be honest, a career in Data doesn't incentivise soft or transferrable skills, so people won't even consider me for a career in something like Ops/Proj/Prog/Prod Mgmt, Business Consulting, L&amp;D, Teaching or any other.

I always told myself, wait until you get 5 years of residence in UK and then take a sabbatical, travel, learn new cultures and new skills. But then COVID happened and it shuttered all my hopes and dreams. Now I'm stuck in a career that I hate and in which so many people are trying to get in, I don't manage to commit to anything (including proposing to my GF or buying a new mattress) because I want to save every penny for the worst case scenario in which I'll have to leave my job out of despair and I won't have any opportunity ahead of me.

With my background, how can I get into a career that is centered around people, not around numbers and computers?

Thank you."
hyqpti,1595850121,2020,careerguidance,dissatisfaction,"Have worked in catering in the UK for about 10 years. I go back to work as a barista next week to a place I didn't enjoy and is very underpaid (promised a pay rise twice and didn't get it.)  Was planning on opening my own cafe one day and was pretty close before lockdown but since then I am unsure I even want to stay in catering at all now or if it would even be a good idea to try and open a cafe during this time? 

I'm 33 years old and have no experience/qualifications in any sector apart from this one. 
What are my options for changing careers?

I feel like I'm at a dead end with no real direction or goal in life anymore and the thought of going back to my job has really been stressing me out."
hyrwv3,1595855201,2020,careerguidance,dissatisfaction,"Hey guys, 

Bit of background: sacked off uni halfway through to do a band thing for a bit, probably not the best decision in hindsight but thankful for the experience. Once I’d had enough of this, I joined a property management company working in lettings purely as a quick career prospect, before working as an estate agent (a UK realtor I suppose) and now currently in mortgages. 

I’m coming up to 3 years of mortgages now and although I can do the job, I am pretty much done with the industry. I’ve worked for enough companies in my short career to know that the job will always be the same wherever I am, so I’m now thinking a complete change of industry. 

The plan is to stay here for another 12-24 months to clear some debts I still have and raise funds, before transitioning into a new career. I want to use this time to learn the skills needed for my new, unknown career path. 

My biggest passion is fitness and I love giving advice and meeting people (the only aspects of my job I enjoy), so naturally a PT would be a good choice but in the UK it is an incredibly saturated industry that is fairly low paying. Second to that is music but I’m not sure I want to make a career of this (I was doing music production at uni before sacking it off for that reason). 

Other ideas I’d contemplated that have stuck me were barber, web developer, physiotherapist, chef - basically, I’m very open minded. Just over the typical office working environment I think! 

Would love to hear some suggestions whilst I try to plan the next chapter in my working life."
hzo1b0,1595973559,2020,careerguidance,dissatisfaction," 

Hello all,

I am a long time lurker here but figured I'd finally call on some of you experts out there. I am a recent graduate of Environmental Science (hons) with a 2.1 from a good uni here in the UK. With COVID causing a some-what ''dry'' episode job wise, it seems like a good idea to stay in school and get a masters. So, here I am.

So far I have been applying for masters programmes in **Management, Construction Project Management and Energy/Environmental Engineering**. I am hoping anyone out there who is experienced with these particular disciplines can offer their advice and perhaps the pros and cons of their respective industries. I am looking to bolster my undergraduate degree, as environmental science BSc on its own can be a little underwhelming and more often than not, result in underpaid consultancy roles (nothing wrong with this, but I feel a little more ambitious).

A little about my goals. I am very keen to work abroad in some fashion. I am particularly interested in working in Switzerland, so that does influence my decision making to some degree. I am primarily interested in the overall enjoyment of working, i.e. making sure I don't spend all day in an office, hands-on tasks, problem solving, varied work environment yada yada... but I would be lying if I said a large salary does not play a very large part of my overall interest in a role. This is the crux of the issue. I want to achieve stable passive income. That is one reason why I am leaning more towards construction because of the general affiliation to property, where I hope to invest and achieve passive income.

So far this is what I have come to learn about each of these roles, as well as my personal concerns for each, but please correct me if I am wrong as I want to be as informed as possible.

**Management**

1. It is a masters that is (debatable) a replacement/alternative to an MBA (in Europe)
2. Applicable to almost any industry due to its nature, but difficult to actually use the degree to better your position within a job market.
3. Useless in US due to their lack of acknowledgement of it being a real degree, especially compared to an MBA.
4. Good if you want to work overseas.
5. Can pay very well and lead to many different roles

**Construction Project Management**

1. The construction industry often favours experience over fancy degrees, even in upper management (any point to a degree then?).
2. Good job opportunities, abundance of jobs (especially surveyors) and pays well, but its a slow burner and definitely not get rich quick.
3. Good opportunities abroad (especially for surveyors).
4. Very interesting job with lots of variety (specifically PM's)
5. Managers and building surveyors (my two main interests in construction) have lots of opportunities to travel and get out of the office.
6. Future opportunities in BIM seem limited currently, but time will tell.
7. I have read some construction managers can charge £1000-2000 a day for certain contracts, is this true?

**Energy/Environmental Engineering**

1. Good pay and abundance of jobs
2. Energy engineer's specifically might be more sought after in the near future due to climate responsibilities (better pay)?
3. I personally will find it more difficult or take longer to achieve charter-ship in engineering as my undergraduate is not in an engineering discipline.
4. Opportunity to work abroad (noticing a theme?).
5. Lots of outdoor work, but apparently working offshore can pay something ridiculous like £2000 a day?

Are these assumptions correct? While I have undoubtedly forgotten and left out many important pros and cons of each area, this is simply what I could remember. But please, do feel free to tell me where I am wrong.

In general, I wish to know your thoughts on these areas if you have any, and what someone with my goals should ideally be looking to head for. I appreciate much of this is anecdotal in nature, but I do appreciate any help with this.

Many thanks all, sorry for the wall."
i2wro3,1596460287,2020,careerguidance,dissatisfaction,"I am a 20 year old female currently employed at a company in London. I moved at 19. It’s been 6 months since I’ve moved here for my job, all alone. I started to work at the end of January and then the pandemic hit and lockdown started at the end of March. Because of this, I didn’t really get a chance to really get to know my colleagues very well and am still very intimidated by the thought of working. I have anxiety so it is hard for me to open up and be outgoing and talkative during work..My boss intimidates me even though he is not at all bad..Maybe I feel this way because I started working right after graduating at a younger age? 

Fortunately nobody at our company gets laid off. 
It’s been four months since I’ve been staying at home while getting paid. Our company will reopen to the public in September so I was feeling relaxed that I didn’t need to go to work soon. But I feel like I did nothing during this long break and am regretting it. 
Then my boss just called me today and told me I will need to come back to work in the second week of August. The thing is, everybody else is away because of the lockdown; so me and my boss and just a couple others that I am not close to, are the only ones left to come back to work and prepare for our reopening. Because of this, my work anxiety and back to work blues are starting to creep up and I am feeling very nervous. And I hate feeling this way because I am very blessed to find a great company in the field that I’ve always dreamed of working in. I don’t know why I always get anxious about work!  Now I’m literally dreading going back to work...
Is it because I am not close to anybody and am not comfortable with my colleagues? 
I am sure of my working skills and should be confident in it based on my spec and resume...But when I go to work..It just all disappears and I crumble down and start to doubt myself. I feel like everybody will dislike the way I work or feel like I’m not cut out for this. 
I really hate the way I think because I’ve always dreamt of working at this kind of company and using my talent, but ever since lockdown started I just had so much time to myself that I used all that time to nitpick at everything and thought to  myself;
“Am I even cut out for this field;Do I really like this field; I’ve spent my whole life working for this; but other than this, I have nothing I’m good at!; I can’t quit my job because there’s literally nothing else I’ve worked harder for; but do I even like my job?; I’m sure I do it’s just your mind is anxious about everything; but is it my anxiety or is it because I’m lazy and still a kid that I don’t wanna work; I cannot quit now my family is so proud of me I can’t fail them“ etc. 
I’m sure this is because of my anxiety but I just don’t want to deal with this negative thinking. 
Is this because I am still young? Have you ever experienced back to work blues? Cuz I’m really dreading the thought of going back to work in this foreign country I feel so alone in. 
Any tips for how to stop dreading this work? Any tips on how to overcome my anxiety at work?
Thank you for reading.. I really hope to find some advice :("
i68s67,1596927928,2020,careerguidance,dissatisfaction,"I work as a dispensing optician and store manager for an eyecare company in the UK.

My salary is £30k per year. It has improved significantly since last year and I am now able to pay my bills and save a few hundred pounds every month. However, the stress of managing a team and constantly meeting targets is draining me. Besides stressful, I also find my job boring. It is repetitive, as in - I do not have a say in the strategy of the business, and it completely lacks creativity. For example, I am not able to create a new product or service because it all gets dictated from head office. I consider myself a creative individual and on my free time I write, compose music or daydream about different projects I could be involved with. 

I am 35 years old and if I keep doing what I do I think I will loose it. I do not want to be one of these people that despise their job until they retire. *I think I could at least compromise with ''don't hate my job but at least it pays well and has a good work/life balance'' to be honest.* 

&amp;#x200B;

My options as I see it are these 4:

&amp;#x200B;

* Continue to work in my current role, save money and try to **upgrade my skills** and become an optometrist. This would mean a minimum of 1 year of uni and 1 year working as a pre-registered optician. The pay would be significantly higher after and the work/life balance would be much much better (at least judging by what I see from colleagues). *Cons: It would drain me mentally, the 2 years of training would be hard due to restricted resources. Plus, things in the industry are a bit unstable at the moment and it might take me some time to find a grad position.*        



*  Try to land a **PHD** program. I would learn **new skills**, work on something interesting and hopefully jump in the academia world. *Cons: money would be really tight for the next few years and it seems to me that everyone is doing a PHD these days.*

&amp;#x200B;

* Risk it. Try to save some money first and then jump into **something new** (for example, open a business where I can put all my creativity and passion or learn a new skill). *Cons: Risk is huge though and I have no savings to support me in case of things going downhill.* 

&amp;#x200B;

* **Bite the bullet** and force myself to grow love for what I do. Try to jump in the corp ladder or try to get more money by jumping from company to company. Cons: I'm not sure I could survive much longer doing what I do and I would eventually become completely miserable. Plus, the industry is a bit unstable now. 

&amp;#x200B;

To wrap it up. 35 years old, no savings, no space for a mistake, creative in a boring and stressful job. Looking back, I think retail or optics must have been the most stupid option for me, however, I do not consider myself bad at what I do. For example, I think I am decent at managing a team (I've had worse and better managers than myself in the past) and I am really experienced in meeting customer expectations. Nonetheless, I Need to make a good change quickly.

What do you think reddit?"
i926rl,1597333278,2020,careerguidance,dissatisfaction,"TL:DR: Is it terrible to quit my job to have a proper career rethink, and move back to my home country, rather than struggling alone out there?! My family doesn't mind helping me out.  

I've had an ongoing crisis my entire working life, and I'm out of solutions. Appreciate any kind of wisdom from you wise folk.  I've basically been rethinking my 'career' since the moment I graduated. I started a graphic design undergrad, changed to journalism after a year, spent the past three year working in marketing and PR, and my feelings towards comms have only gotten stronger.  

I want to just quit, take a time out, and think. But it feels pretty shameful to quit rather than balance a job and a career change.  

Sidenote, I'm from the UK but am currently working in Canada. I was supposed to spend a year travelling and having some time to reflect but covid forced me to get back into comms after a messy two month break. To restart, I'd really need to come home to have some more financial and emotional support, but that means quitting my PR job in Vancouver. Not great, but the alternative sucks and I'm tired of being alone and 'trying to find myself'.  

I've recently been looking into ecology and environmentally related things, as I'm pretty interested in that. Haven't done science for about 10 years but I did marketing for an environmental consultancy - and if the clients hadn't been dicks, it might have worked?! Either way, ecology looks tough.  

I'm hoping to go more into an ops/project management type of roles. I'm sick of writing ALL DAY LONG."
iirc9e,1598702981,2020,careerguidance,dissatisfaction,"Withdraw resignation?

I’ve resigned from my previous job (which was amazing) for family reasons and accepted a new one. I will move from London to Milan. The reason for changing job is ONLY family reason (my spouse parents are both sick, plus mum is dying) so she asked me to move closer to her family. Now that we are closer to the family it looks like the best move would had been hiring someone full time who could take of both parents. Last month the mum was diagnosed with another invalidating illness to her spine and prospects now are not to spend the last years close to them but becoming their full time nurse,  which is not what they want us to become. My spouse also is regretting this choice (not very rationale), she won’t find again a job as good as the one she has in London and she would like to remain there (she still has her job there). Could I re-apply to fill in the position I just left? It sounds a bit crazy, but we have not been living in Italy for 10 years and we are now starting to regret what we will leave behind.
What do you suggest? Can I rejoin the company I just left?"
imofo1,1599253938,2020,careerguidance,dissatisfaction,"I need help and advice for how to quit my job and move to America 
Firstly, sorry for bad grammar as i am on a mobile phone and have the auto bits turned off 

So i (23m) currently living at home and work in the UK, i have been up to college level and have a BTEC level 3 extended diploma in business management and i currently work as a sales executive for a main car dealership, i have done so for about 4 years in total
I did have brief hiatus’ where i went and worked at a summer camp in Maine, USA and i have worked in bars and coffee shops as well

I have always wanted to move to America and now i am at a point with my job that i dont feel there is anything more to gain from my current job and no real progression and while i have no commitments I feel now is a great time to move to America 

I am pretty open to what job i do as all i want is an easy life so money isnt the main motive, as long as i can pay my bits and live comfortably on the side i am good to go 

I have great people skills, i can talk to anyone on anything, i am very likeable from what im told, extremely hard working and i dont rest until i have reached my target and i always want to be the best at whatever i do
I am not afraid to go above and beyond to get a job done which is a big reason i want to leave as i feel no appreciation for doing so currently

I dont really know how to go about looking for a job in America and i dont even know where to look or if even a job is right for me (should i study a further business course to better my understanding) 

I am looking for advice really on where to strat looking and how to get the ball rolling as I dont want to just stay where i am and wished i had done this in 10 years time 

Any help/directions/advice on this would be appreciated soo much"
in80v1,1599336677,2020,careerguidance,dissatisfaction,"I’m a humanitarian with a good few years in the field and in the UK working on sexual health projects, dealing with about 56 rejections of things I know I’m qualified for so far :(
I am wondering if I need to change the way I approach Cover/Motivation Letters?
At the moment I am just matching my experience to skills they want on the advert. 
They sometimes have personal qualities they want in someone on the advert as well.
Should I write up a paragraph that summaries my personality at work? Do people in HR want that, if I try and demonstrate how I fit into a organisations specific personality type the cover letters will be so long!!!!
Any help appreciated from someone who is starting to be ground down a bit......."
ipoisu,1599683584,2020,careerguidance,dissatisfaction," 

Hi everyone,

First time posting (ever), and using a throwaway because some friends from work know my main account.

I could really use some advice and perspective.

TL;DR at the bottom, but I really appreciate anyone reading my post.

I live and work in the UK in a role in the tech field. Not a technical job, but a job that has not been at risk over the course of the pandemic (for which I am very grateful), and that I have been able to do from home since about the end of March.

My pay is \~sort of fine, but I do feel underpaid. The organisation is large and well-known in certain industries, and I have made lots of friends while I have been there. The environment overall, though, is extremely toxic. Everyone I know is unhappy pretty much all the time. The leadership is getting worse and worse, and everyone is vying for power for whatever reason. It's embarrassing to watch, honestly.

My (very senior) manager is someone who lives in a perpetual state of imagined crisis. Always bitching and moaning about other leaders, and what drives me crackers is that he only has his role (newly created) because of all the money that I have made the company in the last 2 years. My work created a new revenue stream for the business, and my manager has used it as a platform to expand his own role without giving me a pay rise or a promotion (even though I am in a 'senior' role).

I've recently got to final stage interviews with an extremely cool company. Incredibly well-known, solid brand, would be an amazing place to have on my CV, and would pay a LOT more. The people so far have seemed really nice, genuine and competent.

I haven't had the final interview yet, so I know I need to check my privilege a bit here, when so many others are losing their jobs and facing uncertainty.

I've been told that so far, they absolutely love me. I know I need to get out of my current role sooner rather than later, because it's such a horrible environment even when working from home (despite some awesome people who keep me going).

Here is my problem: The commute to this place is +2 hours each way by train, with at least 1 change. I've estimated 2.5 door-to-door, so \~5 hours total. They say that, if an offer is made, I'd be expected to be in the office 3 days a week.

I don't drive, and I also don't think that they (at the new place) would be able to fit everyone in their offices anyway, given that they want to expand the department I'd be looking to join to almost double its size.

I also love where I live and don't want to relocate to what would have to be a much more expensive rental area (I have checked).

I know I need to be looking for solutions and not problems. What I have thought of so far is taking an intensive/compressed driving course while working my notice, IF I get an offer (which, obviously, maybe I won't).

The situation has made me feel a bit depressed and annoyed with myself. Could anyone please offer me some feedback in terms of not being such a Negative Nancy?

TL;DR (and apologies for the length of this post): I am pretty confident that I can snag a new role at a new company that will offer me a significant pay rise. However, I am getting so anxious about the thought of a long train commute and becoming a 'super-commuter'. But I also don't want to close myself off to what could be an awesome opportunity. I am really dwelling in negativity and I need some help.

Thank you so much x"
ishwfv,1600076913,2020,careerguidance,dissatisfaction,"Morning all. I've been offered a new job and am waiting for the contract to come through but as Glengarry Glen Ross taught me - nothing is final until you sign on the line which is dotted. 

I've been asked for details from my current HR Dept for a reference. I'd like to get that reference to my new employer and get the contract signed before I tell my manager and submit my resignation. Will HR tell my manager they've been asked for a reference or is that confidential?

For reference, I work in the UK for a large law firm so I imagine nothing shady will happen: I'm just curious what the rules are.

Thanks in advance."
j1281u,1601253466,2020,careerguidance,dissatisfaction,"(Skip to last paragraph if you dont want to hear my reasoning)

If i am to seek out a job in engineering, companies dont give a shit about degrees. They want experience from projects. Its just a really really bad industry with too many grads. All this for a basic salary that you can get for any other job. (In the UK i would be paid £20-27k as a starter rising to £35k after a couple years.. thats just too basic for mechanical engineering imo)

I just don’t want to deal with that. I get its like that almost everywhere, but trust me if you don’t know engineering is this x10. My skill can be put into good use elsewhere and i know it.

I am good with: planning, strategy, efficiency, math, long documents, attention to detail in reading, talking but not sales. Im not lazy, i can travel for work and get on my feet. I was thinking something like: project manager, machine inspector or something in finance (dunno much about finance)."
j1vg57,1601368939,2020,careerguidance,dissatisfaction,"Hey I'm 25m in UK. I am at my wits end with my current job. I recently started my own business that I've been working on the side in my spare time in the last couple of months. My question is, if I quit my job to work on my business full time would that look like a ""gap"" in the CV or would future potential employers view that positively?"
j6pdks,1602071317,2020,careerguidance,dissatisfaction,"Hello there, wonderful people!  
First of all I hope you're all having a great day! I've created a reddit account because there's lots of great content and users, sharing their experience and knowledge. Now I decided to share my story and struggles with a hope that someone may give me some tips or people that felt the same way and found out solutions which they could share. This would mean alot to me!

So, to begin with I am a 28 years old guy from eastern europe. After I finished my high school I didn't continue with education since I couldn't afford it at that time so I left to Germany, imagining that I will conquer it and have a beautiful life, but life put me to the place quite quickly, I had to come back with empty pockets and without my savings which I had with myself. Eventually one of my friends offered me to come and try myself in his restaurant as a kitchen porter, I had nothing to put on the table for myself so I went for it. And this is where it began, since then for the next 7 years I was working in the restaurants/hotels of my motherland, England and Norway. I may have enjoyed that work at first, but after a few years I understood it's really not for me, but kept doing it for the money. Eventually I came to a breaking point where I started hating my life, counting the minutes at work and being at war with myself, feeling completely unsatisfied about the way my life goes. I always felt that I want something more, bigger, more challenging and something with more purpose. I started to think that I would rather do something for free that I could enjoy with a perspective to grow than continue with what I do. I only live once, we all do and I am not getting any younger so I knew that if I wont make a turn now I will regret it for the rest of my life...So I quit my job, came back to my homeland. So I am unemployed now having lots of time to put everything in the right place. One of the issues I faced was that I didn't even know what I wanted to do, I was so busy with the things I dont like in my life that I never even thought what I would like to do. I was trying to imagine things in my head that I would enjoy and came up with things as working in team, interesing projects, strict deadlines ( I like pressure, or well I am very used to it) and came up with an idea of office job? And you know, I spent most of my adult life sweating in the kitchen with a food stamps on my chef jacket, for once I want to undust my suit, put it on and go out to the world. I know it sounds ridiculous... The problem is that I have nothing but chef experience on my resume which has nothing in common, neither I have education for it so I don't know what to begin with and it really puts me down. I tried to look for career consultants but its not a popular service at my country, so I came up with nothing, meanwhile the ones from other countries are very expensive and I had doubts about it since there are lots of divided opinions. I had an idea to go to study but unfortunately school year has already started so I could start it on the next September only. I also took careerexchange test (since I found lots of good comments about it) and the best suited job would be CEO... Well, that didn't help much. Anyhow, I am sure that Im not the only one that decided to change their careers into office jobs. Sharing your experience would be really valuable to me, aswell as any other comments with tips that could help me out on my journey would mean a world to me! I know it's been a long and ridiculous post, I just wanted to share the feeling, maybe someone will recognize it :) Im just a good lad wishing to enjoy his life , as we all do. God bless you all!"
jvs19a,1605615579,2020,careerguidance,dissatisfaction," 

Hey all,

I'm 31 years old. I have only just finished University in 2018. I took a teacher training course in the UK and became a newly qualified teacher, but I decided to go for my dream which is a career in game design. I've been at home since lockdown started in March, due to working from home and then obviously finishing the course.

The issue is I don't like working from home, I like being out and working. I'm married and have two children, one who needs her own bedroom as she shares with us currently. We have no money as savings are gone, and although I'm doing a masters course, it takes a FRACTION of my time as it is distance learning. I love being around my family but my wife and I are seriously beginning to resent each other - I go out, I do things but she is disabled so she is stuck in the house and us seeing each other so much is seriously breaking our marriage as we are starting to fight a lot.

Priorities are as follows:

\-Move house to a three bedroom/garden house.

\-Get out of debt.

\-Get the job I want.

So when I look for jobs, all I can find are low paying/high effort jobs (warehouse work etc), or I can obviously be a teacher. For now it would be supply/maternity cover, but it's far better money even to just start with and obviously meaningful. The problem is my first year of training was awful, and I had a breakdown, so I'm thinking of going with supply. My worry is that I will get ""stuck"" in this career trying to get out of it. Part of me however is happy with this as it means I will be financially stable, have a secure (albeit hard job) but I always promised myself I wouldn't take a job I didn't really want.

TL:DR: Is it better to take a job you don't want to stick with long term to get to one you do?"
jxd5oi,1605826039,2020,careerguidance,dissatisfaction," 

Hi all,

I am looking into breaking into tech and was wondering if anyone can provide any sort of guidance/insight.

I am 28 with an MSc in Accounting &amp; Finance from one of the top 5 Universities in UK and work in a US Bulge Bracket Investment Bank in a Finance role. The money is okay but I truly hate my job and I have always wanted to work in tech, either in BI/Data Science or Automation type of roles.

Until last year I had basically next to nothing in terms of coding knowledge. However as part of my role I have been recently working with Alteryx and Tableau to automate processes and doing a few projects around those. In my spare time I have managed to learn Python at a very basic level but am yet to build anything or do any projects around with it.

I am involved with data in my current role but this mostly means turning around raw data into viewable formats using pivot tables etc and building files and reports. But for a couple of years now I have been wanting to move into a more tech focused role that allows me to build something and good transferable skills. Going back to university to do a second degree in CS is not really an option for me as I mostly can't afford it.

Would someone be able to give some advice to see if it really is possible for me to break into a tech role. What kind of roles would I be most likely to get and what should I learn and do to improve my CV for these kind of roles?

I am currently at the rank of an Assistant Vice President (after 4 years of experience) which in most jobs translates to an Assistant Manager/Manager. I have done oversights and spearheaded a lot of work in terms of migrations and have also worked closely with our Robotics team to automate pieces of work so I am familiar with how these teams operate. I just want to know what I can do the most to get a similar role like that."
k0bcz0,1606244587,2020,careerguidance,dissatisfaction,"Hey all, currently 32, and I'm unsure what to pursue or why. I've never had any interests or passions.

My situation is a little different from others I know.

&amp;#x200B;

**A Background:**

I studied IT in college as I was told that computers were going to be the future, didn't like it.

After college, I worked in IT for 6 years and absolutely hated it until 24.

&amp;#x200B;

At 24, I started my own SEO agency as I had some alright website design and digital marketing skills.

I accidentally fell into this, I really enjoyed SEO at the start as I was one of the first in the UK to be doing it but was less fun when (certain countries) rolled up to the scene if I'm being honest here.

I did this for 8 years until I completely burnt out, I can't stand to look at the word SEO anymore.

The good news is that this allowed me to buy a home outright, so my cost of living is dirt cheap atm.

This also allows me a bit of freedom to pick something right for me and not needing to jump into work right away.

&amp;#x200B;

I didn't know what to do or why after this. I thought I might like business or entrepreneurship.

So I applied for an MBA (Master of Business Administration) last year using my actual business experience.

I graduated last year, I got a good grade, it was tough but ok.

I liked the personal development side of things, making sure people are happy, but ironically, that's not really something that businesses tend to care about. In reality, it's more about getting maximum ROI out of people, paying them badly, and easily replacing them when their use is up. Makes me sick.

Anyway.. a degree in 'business' is too generic as there are so many parts of it, all equally boring.

&amp;#x200B;

I thought about pursuing work, but there are a few problems. When applying for a job:

1. Employers/ Agencies completely ignore my self-employed SEO work so believe I have no SEO experience (in-house agency experience necessary is on every opening). Meaning I can't get an SEO job.
2. I have a degree in IT and 6 years of experience in the field, but I hated it and it was 8 years ago now so not exactly great. Useful to say though as most businesses like IT knowledge.
3. I have a master's degree in Business, which is too general and generic for anything I apply for. Plus, having only run a business self-employed, this doesn't help get a business role.
4. Employers assume I will leave because I'm entrepreneurial so don't give me a chance.
5. I don't have any professional references, my client base tended to be startups/ freelancers and this was years ago anyway.

&amp;#x200B;

**TLDR: I'm really unsure what to or why at the moment. I don't have enough 'real' experience' despite swimming in it. There's never been anything that interests me. Have a lot of qualifications.**"
k1drkk,1606390587,2020,careerguidance,dissatisfaction," Hello everyone.  
Forgive me any mistakes, but this is my first post ever on Reddit and English is not my first language. I've never thought that this time will come when I will ask people in the Internet ""what I supposed to do do in my life?"", but it did. Generally I stuck. My career is short, but it is full of experiences, so I'm gonna tell you a bit about myself. I finished high school as a Economics Specialist and just after that I started working for a company which sells product and services for mining industry. I started working as a Technical-commercial Specialist and from the very beginning I was responsible for selling products and services, preparing offers,  estimates, agreements for orders worth millions pounds and I was responsible for controlling finances. After 4 years I graduated Finances and Accounting at the University and I got promoted. I became Production Processes Controlling Specialist and I worked directly under CEO supervision in 200 employees company. I was responsible for controlling finances in four companies. I worked as stock-take controller and in-house auditor. After two years I burned out. During my career in that company which lasted 6 years in total I did many courses. I got heating and electrician qualifications and I worked as Underground Electrician in coal and zink mines. Basically during these 6 years apart from tasks in the university (during the weekend) I had full time job (8-14 hours 5 days a week) in an office, part time job as a Electrician doing household installations (4h per day) and Underground Electrician (every second weekend between 8-24h). Because I burnt out I decided to leave this company and I moved in to UK to learn English and gain international working experience. In UK I worked for three months as a assembler and tester fluid-handling hoses for trucks and tractors then I've been working for defence industry where I dealt with pyrotechnic materials (military products) for army all around the world. Because there was no further development opportunities (not gonna mention about random explosions which took place in there) I took voluntary redundancy and I ended up on sortation in Amazon (temporary solution for time while I'm looking for a new job). I'm ambitions person, who's always keen to learn and I love challenges. I'm ready to invest time and money to move my career forward, but because I'm aware that time is the most precious thing in our life, so I want to choose wisely and I don't want to make mistake and choose career where I will burn out again. The problem is my qualifications from my home country aren't transferable to UK job market and in UK if you want to earn more than £30'000 you need to get qualified and spent 3 years in the university or on the apprenticeship. I tried many things in my short career and I usually get bored after a while doing the same things, don't see effects of my work or stuck with carrier progression after a while. Besides job I have got a lot of hobbies and I love everything somehow dangerous/extreme or related to water as well as healthy lifestyle. The most important hobbies are SCUBA diving, sky diving music making, travelling, programming micro controllers and learning new languages (last 1,5 year I've been study Spanish - self-study). Next problem is that my hobbies can't provide reasonable income. So now I'm 28yo male who would like to earn over £40'000 (preferably passive income), have a beach house (preferably in Australia, but can give up this dream) and get retired early. I'm ready to sacrifice a lot to achieve that because I'm hard-working person. I can move to different city/country if that would help, but I don't really know what I supposed to do to choose proper path, do what I like, provide expected income and avoid burning out in the nearest future.  
Could you tell me please what would you do, if you were in my shoes?  


PS: Because I work long hours on night shift I can respond for any comments with a delay, but I'll appreciate any suggestion from you. Thank you from advance. 🙂"
k1mnmq,1606422250,2020,careerguidance,satisfaction,"Can anyone tell me if their experience working at Deloitte?

I’ve got a chance at a job of a senior consultant (London UK) at Deloitte as they are looking for someone in my field. I have some key experience that they are looking for, my current salary is definitely lower than what they will probably offer if I was successful. Although that is important I have worked in some toxic environments before and am not keen to go through that again at all!  My current job may not be the highest paid job but I know it’s work life balance is probably unmatched. 

The help I need is for people to tell me of their experience and what salary to expect. I have already read a lot  of reviews on Glassdoor and Indeed but I want opinions of people on here please.

Is Deloittes worth it? Does it actually open doors for the next move? Am I going to be worked like a donkey?"
k211bz,1606483475,2020,careerguidance,satisfaction,"I don't have a degree but I've been working as a software developer for the last few months after self-study for the past few years. I've lived in the UK my entire life and i'm beginning to despise it, the politics, the attitude of the general population etc

It had always been my ambition to live and work abroad, I mostly want to know how I could best improve my chances of being accepted as a working migrant.

Most places I've checked have a minimum of 3 years experience before you could be considered, but that seems to be in addition to a degree. Have any of you gone through a similar process? How can I best improve my chances? Is there any european country or beyond which has a flexible working migrant system for tech workers or good tax rates etc?

I'm realistic and am really planning for 3-5 years down the line (covid willing...)"
k7x154,1607273024,2020,careerguidance,dissatisfaction,"Hello! I currently work in a specialist IT sector role in the UK that requires extremely high resiliency so much so that I had to see a business doctor that approved me medically fit however they told me to get an “Job for people with Autism” and not work for the business in question. I got my Doctor to write to the business doctor to support my application. I have a first class degree in my specialist subject and it’s a job I’m super passionate about however I also have disabilities. Autism (High Functioning), Dyslexia, Dyscalculia and Dyspraxia and a long term lung condition which means I get recurrent chest infections. When I applied for the job I was told my job would be mainly desk based however when I arrived at the workplace I was told I would have to do manual labour too to train up for the first part of my training but after that I would be back to doing a desk job. Unfortunately there are now staff shortages and I have been told I need to keep in the local manual labour area heavy lifting machinery around. Managers have offered me the option to have someone lift the things on my behalf but they grindingly do so and keep asking me if I want to be there so I’ve had to start heavy lifting which has hurt my back as a result. When I’ve asked staff to help me with stuff I struggle with due to my motor skills I’ve been told “it’s your job get on with it”

&amp;#x200B;

I was also placed into shielding twice by my doctor due to my long term lung condition and at the labour area I am in close proximity to others. Some of the wear masks but most of them do not. Managers have been asked to carry out risk assessments with staff and so I reached out to ask if one had been done for me and was told no risk assessments would occur.

&amp;#x200B;

Due to shielding my managers also placed me into performance management due to my long term lung condition as I have had to shield due to COVID-19

&amp;#x200B;

I had a panic attack at work and was called into the senior managers office and was told to pull myself together the meeting felt like an interrogation and they asked me extremely personal questions about my private life that made me feel uncomfortable I had been bullied in the office by an individual who was leaking things from my private life into the workplace and staff started asking me questions about it. The senior manager asked if I wanted to file a grievence however I decided not to as I feel pressured by the senior manager to remain silent. When I walked out of the office I felt like breaking down and bursting into tears. They also said it would be easier if just resigned. They said another person on the Autism spectrum that works on the same team in the desk job cannot cope in certain scenarios and therefore they felt I couldn’t either. The individual is one of the worst performing at the business and I have been painted with the same brush before I’ve even got though my training.

After the anxiety attack I attended anxiety classes and free counselling the employer provided however my managers did not recognise this.

When I came out of my second period of shielding my manager called me to inform me that I was being sent back to Occupational Health about my Autism as they felt I was too vulnerable to do the role. I indicated to my manager I wanted to resign from my role as I did not feel safe in the warehouse with my condition as my boss said no further adjustments would be made to support me.

&amp;#x200B;

the managers on paper have placed me at a “COVID Secure“ desk however they are making me work in a warehouse at a desk that is less than 2 meters away with staff refusing to wear masks.

I have spoken to my Union which has been as helpful as a chocolate teapot. At one point they said “are they putting in plastic shields to shield you all between desk spaces?” Which they aren’t. So they called the boss and had a chat and because the boss said the PPE was fully stocked they said it was fine to return back. When I said I wanted to give my notice in to my boss the union wanted me to wait until they had approved my resignation. I then went back to the union who said I should wait over the weekend to make a decision.

&amp;#x200B;

I am expected to complete my second phase of training by the end of December via performance management but due to the training being placed on hold because managers are concerned about my Autism this will not happen. My probation also ends in January. My managers have admitted in person they have not put in any reasonable adjustments due to my Autism.

&amp;#x200B;

I have been talking to other companies and I am worried about leaving my current role will negatively impact me finding a new job. I had to leave my previous role in 1 year and 3 months due to being bullied around my dyslexica by my former manager who did not put in place any reasonable adjustments.

&amp;#x200B;

So my question is should I leave or be fired? I’ve been told it I am fired it will say on the record for “not meeting the performance expectations” which I’ve been told by the union will have greater implications than staying.

&amp;#x200B;

Finally staff have told me that those that are performance managed tend to get told “it’s okay we aren’t going to fire you” and they are fired 6 months later.

&amp;#x200B;

I feel as if I was promised a job I’ll never be able to obtain because managers have already made there minds up on me before I can be fully trained up. Comparing me to other disabled people at the workplace

&amp;#x200B;

I do not feel safe in the workplace and I feel like health and safety are having the wool pulled over there eyes because they are being told I’m working at a covid secure desk when I am working less than two meters shoulder to shoulder in an unventilated room with staff refusing to wear masks. My doctor has told me if I get COVID I’ll die.

TL;DR: signed up for a desk job ended up being made to do warehouse work instead which isn’t utilising my full skill sets. Managers are sending me back to occupational health due to my Autism and I am being performance managed due to my lung condition and shielding due to COVID-19. Is it okay to leave before I am fired? Will it look better to stay or to resign?"
kb6xqs,1607707084,2020,careerguidance,dissatisfaction,"

I live in Canada, and have been dealing with depression and severe burnout since 2018.

Because of this, I moved back to my home country (in South America) and have been running my family’s small business so that I could have more flexibility and autonomy (I have a bachelors degree in business and finance). However, it’s time for me to progress my career and find a “real” job. 

I’m dreading going back to Canada and work long hours with little benefits (e.g only two week vacations per year), so I’ve been thinking of pursuing a masters in data analytics in Europe and relocating there, since it seems to offer better work life balance. 

Anybody who lives in Europe (specially Ireland or Scotland) could confirm if the above is true and it would be a sound move for me to do?"
kkbwl7,1608954311,2020,careerguidance,dissatisfaction,"I'm in a bit of a mess atm and could desperately do with some help.

I'm currently working as a nurse in the UK. I can't stand my job for so many reasons - largely pointless to go into it. However, the main issue, having had cancer a couple of years ago,  is exhaustion.

I'm thinking of quitting. It feels way to much for me to handle at the moment - and both my physical and mental health is suffering. However, quitting would open the door to a whole new world of unknowns/and some fairly predictable problems, too e.g. i've been applying for work for months - rejection, rejection, rejection.

The sort of jobs I'm applying to are media and communications jobs in charities with a health focus.


I'm doing a masters in public health - something to help me demonstrate a non 'nurse' skill. This course is an extravagance and a gamble - but it's helping me build a portfolio of work. I'm also learning R programming, volunteering in various charities/doing blog posts, wp admin, admin support, learning html/css. 


I don't really have a clear plan other than - keep going. However, these last few months have taken a toll. Keeping going (balancing work, facing job rejections, doing volunteer work, and study) is not really an option if it means not sleeping, depression, exhaustion. The fact is, the thought of staying in healthcare is keeping me up at night. Cancer profoundly altered my ability to cope with healthcare culture. I desperately need out, but I also need work for my self-work and sanity.

It's feels all a bit hopeless atm. I'm damned if I stay, damned if I go. and without any friends in the sort of work I'm trying to get into, I feel like I'm fumbling around blindly.

I suppose my questions are - 

Can you recommend anything that would help strengthen my CV? 

Can you think of a career trajectory for somebody with these - admittedly - limited skills?

Apologies if this is ramble-central. It's 3.20am, so perhaps not best time to post a careers post 😬💀"
kmzjzk,1609322482,2020,careerguidance,dissatisfaction,"Hi guys!

I work in the Asian office of an MNC doing internal audit and I’ve been here for 2 years now. We’re quite an international department in that  our project teams will usually be comprised of people working in different locations. We used to travel around a fair bit pre-Covid and it was pretty standard for me to be working with the guys in the UK or Australian or American offices, day to day.

I actually really enjoy my work, and I feel that I’m becoming more comfortable with what I do and learning a lot from this role.

For some personal reasons, I am planning on moving back to the UK (where I’m originally from) in early 2022. I am considering asking my manager if there is a chance that I could be transferred to the UK office so I can still stay within the firm.

Obviously it will depend on headcount availability and resourcing and stuff, but I was wondering if anyone has been in the same position? I’m looking for advice on timing the communication with my manager.

I am probably going to start looking around for jobs at the end of Q3, but is it wise to tell my manager my intentions at the same time? I want to give them a bit of time in case they are able to help arrange a transfer, but I am also wary of essentially handing in a resignation notice 3 months in advance."
kna117,1609359930,2020,careerguidance,dissatisfaction,"Hey there!

Using a throwaway account for privacy reasons. For the last 18 months I (22) have worked for a large recruitment agency in Central London straight after graduating from university. I realised at the end of my degree that I didn't want to pursue teaching for the time being and started looking at other options in the meantime. I fell into recruitment and latched onto the education specialism as it tied in nicely with my teaching degree - didn't want to completely disappoint the family!

I always knew that I didn't want to stay in recruitment for longer than I had to. The demanding hours and the 'sales-outweigh-doing-the-right-thing' attitude has been soul crushing. However recently there's been a management switcharound which has led to my promotion being pushed back almost 4 months which was the final red flag I needed to start looking again.

The problem is, I'm not sure where to look! I really enjoy working with people, I can take a lot of my skills built up in the classroom (degree) and apply it elsewhere. I'm comfortable both working amongst a team and managing people. I also love presenting in front of an audience. I've certainly used my critical thinking and negotiation skills within recruitment. I'm keen for my next role to push me further, but maybe not be so target/sales driven.

Outside of work, my passion is music. I'm a multi-instrumentalist, performing solo and in groups. I've written my own material and got it online. I also have music directorial experience with multiple musicals and until COVID rocked up, was due to head to the Edinburgh Fringe this year. I know people say to not mix hobbies into work, but I am very open to working within the music industry - maybe on the marketing side?

I'm curious to hear if people here have had similar experiences and problems faced when leaving recruitment. I would be super grateful for any pointers or tips.

Many thanks in advance!

Regards,

A confused, burnt out recruiter."
es118b,1579640690,2020,CasualUK,dissatisfaction,"There was once a young boy called anon 
Overworked in an office in Fulham was he
Left work late again; he's not rich like Elon
Nose to the grind stone you see

Ventured south to his abode this eve 
Lost on his phone screen like a teen 
Only when did the train say 'next stop Norbury' did he believe 
That he took the wrong train from Clapham, why is life so mean?

C'est la vie de he cry, yes he did
Left selhurst with the palace fans, oh dear
When into his pockets his hands slip
No keys, panic, oh shit, I've left them at the office, I fear 

Back into the train did he go
Back to the office, his evening a wreck
Once back, little did he no
The guard has no keys to the office, oh heck

So now hes on the tube up north
His missus bowling with friends
He cries as as his train goes forth
As for life, it's a bitch, then you die and it ends 

So now I'm googling for pubs
As a scouser, he takes solice in the score
2 ales please Barkeep, I dub
Man city losing, give me more"
evkl9x,1580289319,2020,CasualUK,dissatisfaction,"Lately, partly because I work from home alone a lot, partly because I want to get to know more local people, when I do go out I have been making more effort to speak to everyone. 

And it strikes me that a lot of people are really bad at social interaction or being friendly. Like I figure if I see someone daily like when doing the school run or whatever, and I spoke to yesterday, you could at least acknowledge me today with a nod.

Is everyone too reserved? Yesterday I picked my kid up from an after school club, there were half a dozen people standing waiting, no one speaking, so I say hello to the group on arrival and try and spark a conversation and it was just pointless. Is it me and everyone just thinks I’m a weirdo? 

I have to admit when I was busier working and rushing about I was often in a foul mood and couldn’t be bothered either, so there is that,"
f4al3k,1581779297,2020,CasualUK,dissatisfaction,"The flat next door to mine has new occupants. They've just knocked on my door and asked if they can connect to my WiFi for the next two weeks until they get theirs sorted. I feel this is a bit of a presumption given they didn't even introduce themselves or anything first, just straight away asked for my password! Am I being unreasonable by telling them no?"
fmn8gk,1584826535,2020,CasualUK,dissatisfaction,My mental health is in a really bad place this evening and I need something silly in my life
foz2kj,1585173180,2020,CasualUK,dissatisfaction,"I was expecting the past couple of days to be hell. With the lockdown enabled, I was worried that the supermarkets would be rammed because people have nothing else to do.

However, people have been willingly observing the two metre rule. Customers have been understanding when we only allow a certain amount of people in the shop, and we have been thanked and given gifts such as cakes, boxes of chocolates and sweets by customers who are supportive to us. 

Even with the rule that the first hour on Mondays, Wednesdays and Fridays are for old people etc. I have seen multiple customers give over essential goods to the more vulnerable out of their trolleys for those who could not come in for that first hour. 

We have only had a few customers be unreasonable and they were swiftly put down by not us, but other customers. 

So thank you from all of us from the uk supermarkets, we appreciate all your efforts in keeping yourself, and ourselves, safe.

Thank you."
fyil7m,1586534572,2020,CasualUK,dissatisfaction,"Well here we are.

Friday night beckons. It’s Easter weekend. Yes it really is Friday. Or is it? Who knows!

Personally I am resigned to getting fat and drunk these days. And very happy I am about this.

Can anyone recommend a good breakfast wine?

Anyway, what are your plans later?"
fzrret,1586673705,2020,CasualUK,dissatisfaction,"I think it’s been 3 or 4 days now, it is really bad that I can’t actually remember?"
gdu7sk,1588668996,2020,CasualUK,dissatisfaction,"Being able to work from home away from the usual bunch of numpties has really highlighted how much I fucking hate my job.  I’ve updated my CV and stuck it on Reed/Total Jobs etc.  I’m lucky enough to still be working (essential service), keep safely isolated and get paid a bloody good salary for it.  I am just finding that I don’t have quite the level of stress and anxiety I have when in the office hearing all the drama.  I’m probably more anxious about eventually going back in.  Any career move will mean a substantial drop in salary for 3 to 5 years and there isn’t ever likely to be similar roles in the area to move to as the industry I’m in is no longer common in this region without driving for 90 mins.

Anyone else been evaluating their current job after being away from the office?"
i4puhz,1596712266,2020,CasualUK,satisfaction,"I give up my new found work life balance to travel 1.5hrs to work, through 6 train stations a day to reach the office... only to find that management are all still working from home.

Getting Blackadder vibes from these dudes"
i9grf1,1597385735,2020,CasualUK,dissatisfaction,"Big reorganization announced when we entered lockdown, turned out to be quite extensive. 

There's less post's in the new structure than there are now so it's competitive. 

Questions are vague to me and I've been putting off the application. But today's the day I need to get it done 

Feel like I'm at the foot of a mountain right now looking up at where I need to go.

Wish me luck!

Edit: didn't get the job, out of the 5 of us only 1 did.
But after several rejections for other roles, out of nowhere another position came up. Got the offer today.
Very thankful for a happy ending!"
idepyk,1597944593,2020,CasualUK,dissatisfaction,"I'm having my bedroom decorated and was set on a colour - but the guy insists I give him a name for paint. I got the NCS number from Ikea (DULUX NCS S 7500 - N DK GREY). He won't accept this and all he says is 'thanks but I need a name'. 

He won't give me any kind of indication as to where I find names of paints. Is there a way I can find a name for this shade or a similar shade of dark grey? Are names specific to brands?

Here is the colour I was set on  [https://www.brewers.co.uk/product/AF025555F/S7500N](https://www.brewers.co.uk/product/AF025555F/S7500N) 

I have no idea how paint colours work - is what I am providing unreasonable? Where do I find names of paint?"
idex3m,1597945211,2020,CasualUK,dissatisfaction,"I was made redundant in March this year due to coronavirus and some poor financial decisions from my old company. I hated the job, was treated poorly and was so stressed all the time. 

Initially it was a relief to be let go, but then I went into a fear spiral when coronavirus came along and there were no jobs out there. I had to sell my house and move back in with my parents. I applied for so many jobs, got a few interviews, but it was always a no. 

I also knew what it was like to be in a really bad place, so I wanted a job that I thought I could enjoy and learn from. Those were few and far between. I did a 4 hour virtual assessment centre on Tuesday and just found out I was successful!!

I’m not quite there yet though - it’s a bit complicated. They have to finish all the interviews (which could take until Oct at the latest) then assign you in order of merit to your preferred location. So it’s still a bit up in the air about whether I’ll get placed. 

If I do though, I’ll start in January 😁 I’m counting it as a step in the right direction, at last, and I just wanted to share with you all. If you’re in a similar situation, keep going."
isn2yg,1600097371,2020,CasualUK,dissatisfaction,"Afternoon all,

My ex-landlord/agency is trying to charge me £240 to clean a one bedroom flat after moving out. I just wanted people's opinions on that.

The flat was in London, had 4 rooms - double bedroom, bathroom, small hallway, kitchen/living room, and a small balcony. No carpets.

I don't contest *some* cleaning was needed, but nothing major - fridge, bath, oven were not filthy, but did need a scrub.

Do people think a) this fee is reasonable b) I have any chance of winning a dispute for some of the money.

It has been three weeks and they haven't even got round to requesting a quote to repair for a chipped mirror in the bathroom too. When I call up and complain about the price and slow progress, they just seem a bit baffled that I even have a problem with either of these things.

Am I being unreasonable?"
j62wie,1601981374,2020,CasualUK,dissatisfaction,"Given the current state of our planet it has become our duty (as both producers and consumers) to ensure our ecological footprint is as minimal as humanely possible. While we have known of our impact for at least a hundred years, our society has only recently began to take widespread action against it. That being said, I was interested in how yourselves attempt to reduce/minimise your ecological impact. 

Whether they’re individual measures, as a household or even as a business owner or someone working in industry. The goal of this post is to raise awareness and to hopefully inspire people to pick up habits they may have not known about so that we can all ((hopefully/perhaps)) mitigate an impending environmental collapse. 

I want to disclaim that you, an individual, cannot be blamed for humanity’s effect on the planet. However as a society we have a lot to improve and it can only start with yourself as corporations cannot be trusted to do so (no politics!). 

As an example, here’s some of what I do:

- Religiously reduce, reuse and recycle: 

I will not buy an item unless the packaging is recyclable (some exceptions). This particularly applies to fruit and veg, which often come wrapped or in a plastic tray. Memorise which types you can recycle and avoid plastics in general and prefer cardboard or loose items. Many containers make great plant pots, especially those tubs where mini brownies/millionaire shortbread are sold in supermarkets. Go to r/ZeroWaste for some inspiration. 

- Walk, cycle or use public transport!

This one is pretty obvious. Unless you can buy an electric or even hybrid car of course. I’ve been in the UK 4 years without a car and I find it extremely easy to move around the country, albeit the cost of train tickets.

- Plant wild flowers

This one is HUGE and extremely easy to address, especially if you live in the city. Wild flowers increase biodiversity and provide a home for many vulnerable insect species. Arthropods are the foundation of every terrestrial ecosystem and without them at the bottom of the food chain many animal and plant species will become endangered. All you need to do is buy a pack of seeds and plant them somewhere sunny anytime between March-June. 

- Plant native trees if you have a garden. 

English oak, chestnut, birch, etc. You can get these from a nursery or snatch seedlings from a local forest** IF YOU DO THE LATTER ENSURE YOU ARE ONLY TAKING SAPLINGS NEAR THE MOTHER TREE. These are not very likely to survive compared to those growing in clearings or far from bigger trees. Another way to propagate hardwood trees is through cuttings, which is really easy and done over the winter just look it up on youtube. You can also plant them from seed in a bag on the fridge or outside over the winter. 

- If you have a garden, leave a portion of it wild

Simply don’t take care of it, but ensure biodiversity remains high and it’s not just overrun by nettles. Plant wild flowers, fennel, poppies, etc. 

- Don’t deadhead flowers

Particularly roses and lavander. Their fruit and seeds feed a lot of birds and insects, possibly hedgehogs too if you’ve got them. Keep in mind that the plant will produce less flowers if you don’t deadhead them.

- Invite wildlife to your garden

Wildlife will visit your home if your garden provides a safe space where they can feed, breed or rest undisturbed. You can provide birds a place to bathe, a seed dispenser or a place to nest. Hedgehogs like dark, undisturbed dens and feed mostly on insects but also seeds and fruit. You can attract insects with wild flowers or a ‘wild patch’ with rocks, decaying logs, etc. 

- Go local everything

This one is perhaps one of the most beneficial things you can do to our planet. Flying and cargo transport account for a major (I would even like to say majority but no sources) fraction of our carbon footprint. If you travel less and buy local, seasonal produce you are saving thousands of tons of CO2 a year. Think about it, if you buy say, australian apples, they might be cheaper but they have been shipped from the other side of the planet on a lengthy journey requiring kilograms of fossil fuels. Furthermore, independent local brands are more likely to be green (e.g. no pesticides) and to pay a fair wage to their workers 

- Buy fair trade

Fair trade ensures that workers are not being exploited and underpaid. It only costs a little bit more and chances are the product is much better. This mostly applies to coffee and chocolate; it’s not even that much pricier and you get to invest in a developing community overseas. 

- Reduce your meat intake and buy free-range or wild

While this particularly applies to beef when it comes to CO2, I want to remind you that the poultry industry is one of the most abusive and cruel of all time. Thousands of birds are crammed in confined spaces for the entire 6 months of their life before being butchered (Food Inc. is a great documentary on the issue) There’s a reason why chicken is so cheap, and you should ensure to buy local and free range. Try replacing meat with lentils or grains in a delicious curry. 

Overall, this is what came to mind on how to be more ecologically conscious and wanted to share it with yous. It has been hard to adapt and there are times I contradict my beliefs but I am getting there. Change comes with time and habit so one just has to try harder at the start. As an Argentine, I used to eat red meat nearly every day; now it’s not even a weekly thing and I swear by lentils to sustain myself. 

Some of you may be struggling financially and it might not be possible to buy ‘green’. That is okay and unfortunately not up to you, however you can ensure to purchase local produce and to recycle the best you can. 

Anyways, excuse the long post but I was keen to share what I know and to learn more from whatever you had to say. Also, I apologise if I may have expressed some political views, it’s not what I’m after!"
j7kccp,1602187340,2020,CasualUK,dissatisfaction,Just had a discussion with a friend with really bad dry cracked hands and I swear by the medicated flexitiol (diabetic foot cream) after I returned from travelling and had really rough heels. I also love Lakelands chefs candle that removes any odours from cooking curries etc. What are your faves?
jawclu,1602661670,2020,CasualUK,dissatisfaction,"I reckon either really good or really bad, no in between. My housemate thinks baby powder. Does anybody have any experience of this?"
jy0h2u,1605916522,2020,CasualUK,dissatisfaction,"My handwriting has never been great but now in my 40's it's got really bad. Beyond doctor bad.  I can now barely make out what I have written.

I don't do calligraphy, write letters etc it's mainly work related, taking meeting notes, site notes on a building site where I'm leaning on a wall, knee etc.  I don't need something to appear on r/handwriting but something legible I can use to write quickly in sometimes less than ideal situations.  Ball points and notebooks are what I use.

Even if I sit at a table and concentrate it's barely better.  Any ideas where I can look for help? You tube seems to me mainly people showing off new styles.  I just need to be able to read my own writing!"
k3toez,1606733627,2020,CasualUK,satisfaction,The title says it all really. Thanks guys you are keeping me happy at work.
k4twoy,1606856113,2020,CasualUK,dissatisfaction,"[Welcome to day 17!](https://imgur.com/a/XS9YDc9)

#**RECAP OF YESTERDAY’S SHOW**

Gi split all about her amazing opportunity to interview Kate Middleton for her parenting podcast. She and Mo then did the castle coin challenge which involved identifying the countries of Europe on a map. Mo needed to find Wales. First he thought Wales was in Scotland, then he thought Wales was Ireland! He also got Portugal and Spain mixed up…They completed the challenge but lost the prize.    
Russel finally got to do a trial after much begging, and it was disgusting. He was strapped to a rotating plate that turned him in to a huge vat of batter and slime and molasses. He had to pick out a quiz category and answer basic general knowledge questions. He answered some really badly, and ended up getting 5 stars. AJ was really pissed about the lack of food.

#**THE CELEBS WHO LEFT LAST NIGHT WERE**

Bev and Victoria

#**THE CELEBS RANKINGS**

‘Celeb’ | Who?! | Observations | Trials attempted | Stars won | Day evicted
---|---|---|---|---|---
[AJ Pritchard](https://imgur.com/WEiKGO6) | Strictly dancer | - | 2 | 11 | -
[Beverly Callard](https://imgur.com/a/0VnIFnX) | Liz from Corrie | Her hubbys a MegaShag | 2 | 5 | Day 16
[Giovanna Fletcher](https://imgur.com/a/F1BP6gU) | Author/ mum blogger | Literal mum of camp | 1 | 2 | -
[Hollie Arnold](https://imgur.com/a/3inuOlh) | Paralympian | An MBE don’t you know! | - | 2 | 4 | Day 13
[Jessica Plummer](https://imgur.com/a/8Ds1FnD) | Chantelle from EastEnders | Her band were no.2 in Scotland! | 3 | 9 | -
[Jordan North](https://imgur.com/a/2gR6iM1) | Radio 1 presenter | LOVES TURF MOOR | 3 | 20 | -
[Mo Farah](https://imgur.com/a/H2YV3Z0) | Olympic runner | Surprisingly scared of stuff | 1 | 9 | -
[Russell Watson](https://imgur.com/a/4jYK7Ss) | Opera singer | - | 2 | 10 | -
[Ruthie Henshall](https://imgur.com/a/GSWeh5y) | Stage actress | Shagged Prince Edward | 2 | 8 | Day 15
[Shane Richie](https://imgur.com/a/H1acbtT) | Alfie from EastEnders | The castle’s sexiest man 3 years running | 5 | 30 | -
[Vernon Kay](https://imgur.com/a/LLisUN6) | TV presenter | Super fucking tall | 1 | 3 | -
[Victoria Derbyshire](https://imgur.com/a/JdmtMYW) | TV presenter | Unexpected friend of Jordan | 2 | 9 | Day 16

#**FINALLY**
Remember; YOU ARE VOTING FOR WHO YOU WANT TO SAVE!"
kf4pds,1608234486,2020,CasualUK,dissatisfaction,"So, I'm a bit embarrassed to be asking this, hence the 1 hour old account. I'm a 23 year old female and I'm having (like many people) a really tough time at the moment.

I was always well liked in high school, had a lot of friends. I postponed going to Uni for a year to save up some money, all the girls in my group left. I understand they all had very different lives but I was left at home, and not one of them made an effort to speak to me or see how I was. They didn't reply to messages, and were off making loads of new friends, which I totally understand. 

About a month before I went to Uni, I was attacked. I fell pregnant because of this, had a termination and went to Uni about 3 hours from home. I was really really depressed, ended up not making any friends because of this and having a really bad living situation.

For me, I didn't meet anyone in Uni and my school friends all met amazing people, and I constantly felt like I was badgering them when I'd message them. They all knew half of what had happened to me, but whilst I was away at Uni, not one single one of them reached out or asked me if I was ok and I was really struggling.

I've had to move back home because of Covid and I just feel so lonely. I didn't meet anyone in Uni, I feel like I've lost everyone I had here and I just feel like I have nobody. 

At work, I'm one of 2 girls and the youngest by 17 years, so work isn't an option. I feel like I'm very new to this whole adulting thing, but how did you meet recent friends? What should I do? Sorry for the depressing post, just struggle to talk to people about my feelings and thought anonymously would be the best way

Edit: I'm overwhelmed with the amount of kind messages I've had, this has honestly cheered me up so much. A lot of people have asked me about sport and previous hobbies, I used to do various hobbies /classes etc but in all honesty, after what happened I really struggled going places alone and truthfully even getting out of bed was difficult a lot because I wasn't sleeping or eating. Hopefully in a better mind set next year to start some of those back up again, from the comments and messages, it seems like something relaxing and low maintenance like a book club or art class would suit me, so I'm going to look in the new year. Thank you all so much for everything xx"
kkz33i,1609051756,2020,CasualUK,dissatisfaction,"There's a video on YouTube called ""British guys"" (with a heart eyes emoji at the end) and it is nearly impossible to decipher what these boys are saying as an American. But, a friend and I decided to take up the task of writing down everything they say into a script and we were gonna add it to the video's subtitles but we couldn't figure it out lol Anyways, I'll link the video and the script.

[Video (British Guys)](https://youtu.be/0KWxTAhJ5X0)

Script:  

* MY MUPPETS ON FÆCEBÖÖK THINKIN YOR BAD MÆT I LINE THE BIRDS MOMBEN ONE BY ONE
* \*FOOKAN BEAR MAN\*
* IM GONNA GET MY BROTHA OUT AND DO BURNOUTS ON YOUR FRONT LAWN AND THEN IMA CHUCK MUD BOMBS AT YOR DAD’S WINDOWS YOU SILLY BASTARDS
* Think I’m fookin ding mush yeah? I’LLL GRAB YOR FOOKIN BIRD IN A HEADLOCK AND SHAVE HER FOOKIN BALD YEAH? \*air punches\*
* THINK I DONT READ MY COMMENTS ON FACEBÖÖK? I’LL TAKE IT OUT ON MY BONNET AND CARRY ON DRIVING YOU LITTLE DINGS
* WHILST WE’S ON THAT FACEBOOK SUBJECT, THIS IS MESSAGE FOR PHIL TROUT. YOU WANNA TAKE THE PISS OUT MY CURTAINS HAVE YOU SEEN THE STATE ON YOUR BIRD’S BEEF CURTAINS MATE YOU CAN SWING FROM FLAP TO FLAP AND THEY FOOKIN STINK
* KENSIE LEE. SCUMMY MUMMY AWARD GOES TO YOU YOU LITTLE SLAG. WHEN I SEE YOU IN SCHOOL IN THE MORNING IM GONNA TAKE YOU OUT THEM PJ’S AND THEM FOOKIN UGG BOOTS, THROW YOU IN A FOOKIN THORNBUSH
* AND NOW YOU’RE GONNA TELL ME TO GET A JOB? WHEN YOUR DAD’S SAT OUTSIDE JOB PICKIN UP KNOCKERS IN YOUR SISTERS KNICKERS?
* AND IF WE’RE ON ABOUT YOUR SISTERS KNICKERS, YOU WANNA TELL THE SCRUFFY BITCH TO GIVE’EM A WASH? I PUT ME HAND DOWN THERE THE OTHER WEEK MAN FOOKIN’ HELL PULLED THEM DOWN AND THOUGHT THEY WERE TWO TON TIGER STRIPES FOOKIN SKITTLES ALL OVER THEM DIRTY BITCH, FOOKIN HELL SHE NEEDS TO PUT THEM IN A FOOKIN WASH
* YOU FINK YOU SICK M8? NO MAN YOU WOULD KNOW BY NOW I’LL FOOKAN BATISTA BUM YO NAN MIDDLEOFASDAANDSHOVEITINATEPLADTHEFANNYTHEFOOKING DUSTEBAG
* YOU FINK YOUR SICK MATE? I’LL TWADDLE YOUR DADDY WITH A DICK IN THE SHATTER DAMMER ON FACEBOOK FOR YOUR NAN?
* I’LL FOOKIN CAVE YOUR DAD’S HEAD IN WITH A KINDA SPANNER FRONT LEAVE YO NAN TILL YOU VEINS POPPING HER HEAD  SILLY BITCH 
* MATE IF YOUR GONNA FOOKIN CARRY ON, I’LL SKIN YA MUM AND WEAR HER AS A SUIT AND I’LL GO SHAG YOR DAD IN IT MUSH-"
km082j,1609193247,2020,CasualUK,dissatisfaction,"I'm 23 and my teeth are starting to really damage my mental health, two of the lower front teeth are chipped and they're all extremely crooked.

I also have a cross bite, my single mum was/is an heavy alcoholic and during my childhood I never had routine dentists appointments so I really need to sort it, I've got incredibly bad anxiety over going to the dentists due to by built up issues and feel like I'm going to be judged.

I'm also a student so I don't have much money, I just want to know whats the best way of going about the orthodontics and dentistry I need to get done? 

I can't look in the mirror or see pictures if my teeth are shown, I need to get it sorted asap because it's just giving me stress and anxiety thats building up in social situations. Would a GP visit be good first? to discuss the mental health issues etc, I know it will probably be extremely difficult right now during covid but even if i wait till after would it be a good idea? 

I just don't know where to begin, I haven't been to the dentists for 5 years now which i went for on a one off as i had really bad tooth ache, I do regularily brush my teeth and mouthwash so that isn't the issue it's just that I have just barely had any dental work done in my life. 

I'm not sure if this is the best subreddit for this, if it isn't could someone point me in the right direction please? 

Thanks."
f6327g,1582076765,2020,recruitinghell,dissatisfaction,"This rant is a bit different. There are no questionable job adverts, no automated emails and no interview shennanigans. 

Well there were a lot of those. But that's beside the point, 4 years of job searching, every trope and nightmare that would make even this sub quiver with dread. Lying, following proffessional advice, work experience, getting friends to refee you, homelessness, being refused JSA for being foreign (hurray brexit). Hell I even tried going in and just mopping the floor.

A lot happens in 4 years.

I want to share my story of how I went from zero to hero to a full time position without ever winning the recruitment process or having any skills in just 4 easy steps.

So my first job was a single shift at company A working picking and packing on a line. The agency I applied with never called me again.

I failed my interview for company B, rejection email and all. It was through sheer chance that a passing manager saw I had warehouse ""experience"" and offered me a summer job. I was not interviewed, it was just a flat offer. It was a win for a month before being a temp meant I was the first laid off in a wave of redundancy exactly before being offered a full time position.

Company C approached me shortly after. A full 9 months after I submitted my application to them. They needed some poor shmuck to underpay (minimum wage in the UK is based on age) to bust their back pulling in christmas stock day in day out. I fit the bill thanks to my one warehouse shift (the CV was severely outdated and they were unaware of my work for company B). The ""interview"" was really just the company asking if I could legally work and my preffered shift hours etc.

It's okay though because none of that mattered. I went into company D for a quick lunch, the manager was stressed out and I offered some kind words and banter and that was that. I was offered a full-time job as it turns out one of their employees walked out moments before I came in.

There might be a moral here but mostly it's just me venting and I expect it will get treated as such. I don't have any skills or qualifications to my name, I never proved myself in an interview or was ever considered for my merits as a person. I fit the shoe and a lucky glance was all it took."
f7d47g,1582300756,2020,recruitinghell,dissatisfaction,"  

First Reddit story, sorry for any bad writing or stretching the experience out. It happened about an hour ago so all this was written without a cool head.

Get a call last night from potential employer. She's director of a company with offices in central London and would like to organize a telephone interview with me. let’s call her BB for bad boss because I'm not very creative.

Ask BB if we can talk tomorrow as it was 6pm and I was on a train (to a night out but she didn’t need to know). She agrees, I ask if 2pm is okay and she says anytime as she works from home and this was a landline. First red flag.

Next day, Call her at 2:10pm it was only a casual call to arrange an interview but perhaps I was in the wrong. She complains that I was supposed to call at 1pm, errrr No but I apologize and say I must have noted the wrong time. No worries, we move on. BB starts off by saying how long she's been director, How influential and important the company has been in the recent domestic issues in the UK (you can guess which one). then tell me where the offices are, overlooking parliament and the themes. Posh building very interesting sounds cool. BB then reveals she lives other side of the country and just calls the office from home every day to fulfill her role as director, cool okay no problem there I suppose. I ask how big the team is I would be joining. 2 but I'd be replacing one of them had gotten another job. Another Red flag. 

So we have a boss that isn’t there. A million pound office with one other person. Screw it I'll take that role sounds like simple admin work and not too hectic. I like small team environments. Then BB changes and stops trying to sell the role, she says that I haven’t put my political affiliation on the CV or cover letter. ""Oh sorry BB I don’t think that important information."" Not sure how it is in the states or other industries but asking these questions in the UK is at least inappropriate and at most ground for discriminatory hiring practices. For me personally its like asking your religious affiliation or whether you where Pro-life. Tell her the buzzwords other employers use to dance around this subject. ""Oh well BB I feel uncomfortable commenting on that, I'm happy to tell you I'm sympathetic towards your organisations views"" or ""Well I'm very understanding of your organization and the topic at hand""

BB says that’s not good enough an I didn’t read the job description, sent here a generic CV and cover letter. I apply to about 40 jobs a week and do customize my cover letter when I need to but not my CV, that’s my stats sheet changing it seems wrong and disingenuous. BB starts saying how she spent a lot of time writing that application and how she is an important woman and how she doesn’t want to waste her time. BB then goes on a rant repeating how important and influential she is about 5 times over. She finishes and waits on my response for something. ""..... YES BB I APOLGISE.... Would you like me to resubmit an application?"". Well you still haven’t told me how you voted BB says. Big No No in Britain, its all meant to be very anonymous so even pictures of voting cards or putting your name on them can land you in a lot of trouble. Asking or attempting to discover how someone voted is even more trouble. But asking someone how they voted for a job application is another level. (Or so I’ve believed, would love any clarification on this if anyone knows. from what i understand its pretty immoral and could fall under protected characteristics or discrimination on ground of belief?)

But I need job.... Explain to BB that’s sort of something you’re not allowed to ask. BB angry now says if you went to X Party, they would ask you if you were Y party. Again, try to explain to BB I've been to interviews with both X and Y party neither would ever ask these questions. Granted they use language like 'Must be Sympathetic to the X Parties goals' etc. BB aint having it, says I'm wrong starts saying If that’s what I learnt from my Masters and Bachelors then I should just throw away all that knowledge cause its not right.... Ok... Cool. BB goes on a mini rant about how lecturers are wrong and I shouldn’t have paid them if that’s what they taught me, keeps getting more agitated and repeating herself. I interject and say that ""I apologize BB but your making me a little uncomfortable"". BB still sounding pissed off at my lecturers says something along the lines of tough luck, I don’t have a HR department and that I need to stop interrupting her.

Its now been about 10 mins of her straight talking with me only saying the odd word of agreement. BB then says that if I think this way I'm not going to be suitable for the role. Not wanting the job anymore but bit taken aback at the whole situation I got going on I ask ""What views would that be"". Well you’re obviously this party and this way inclined etc etc. ""BB I apologize I’m not suited for the role but I must reinforce that I don’t think that way and I wouldn’t of applied for this job if I was that way inclined."" forgot what she said next because was planning my next belter to shut her up, she finished and I asked if my views where acceptable what would be next for judgement my skin color or my sexual preferences. She scoffed and hung up.

I'm not the bigger man, jump on Gmail. Send her links to UK Equality act 2010 and apologize very politely for the way the phone call went. Asked for feedback also.

GF listening to me shocked on how that went, tell mate of mine he tells me to post here to vent it out or to win internet points. 

Anyone have any similar experiences? 

Is this sort of thing common place or are my moral values a bit too high and mighty for getting a job?"
iih0ya,1598653744,2020,recruitinghell,dissatisfaction,"I'm a business analysis and technology graduate and a soon to be digital marketing management master's graduate. I apply for this marketing and data assistant role which was right up my alley as a title yet the job requirements exceeded my experience and knowledge on the job/field yet they ultimately decide to interview me anyway. After a very uncomfortable interview where it was visible that the interviewers did not want to be in that zoom meeting with me, I was then sent a message 4 hours afterwards which went like this:

""Unfortunately we have decided not to progress your application as ultimately we have reached the conclusion that after interviewing you and a couple of others that hiring a grad would not be right for this role. We have pulled the job ad and will re-advertise with a more senior position that is able to hit the ground running a little more and have a better understanding of the tools we use from the outset.""

Then they went and done it, actually changing the job title to Digital Marketing Executive with an average pay of £19k to £22k. I understand the job market in the UK has gone down the shitter but I don't believe that a person with the knowledge of everything they're asking for values themselves for that little. This is my 3rd interview after a barrage of unanswered applications, situational judgement tests, a number of rejections following those tests and two rejections following the other two interviews, one of which was due to the company not having the money to offer that position anymore. 

Screw this, I'm away to join the nearest Wetherspoons (British pub chain) and flip some burgers to pay off them loans."
ikmu2o,1598975639,2020,recruitinghell,dissatisfaction,"I applied for a neurology lab research assistant post at a university. Rather than HR, the professor leading the lab got back to me and wanted to schedule a zoom call, where he asked questions as to what put me on the path to neuroscience, where I wanted to see my career and whether or not I had questions for him. Despite few questions, our chatting was casual about neurodegenerative diseases. We then had a second talk where he told me about the roles, training buffer period and living in the area. He also put me in touch with former research assistants of his to allow me to get a balanced perspective. 

I recently spoke to him a few days ago, where I expressed some concerns. Essentially, the pay is $25,000 after taxes. The university package provides free health insurance, but eye and dental come up to around $500 or so a year. I also expressed that its a new city for me and I have never lived in such a state. Doing my master's from the UK, I'd have to start fresh in the US. He was very understanding and told me that if I was homesick, I could start a month later after taking time to visit my family and if pay was an issue, once the new research grants are approved, he would talk to the university about a pay rise to a pre-tax of 34-37K. He also said that he would support me in my endeavours, whether it be a PhD or work in industry. He's very nice and very easy to talk to, and when I asked that since I am a foreign candidate, wouldn't it be easier to hire the people that applied within the job's city as they could start immediately and have everything good to go. He said that you have the neuroscience background and interest, whereas others are bachelor candidates in biochemistry/biomedicine that want to get into med school eventually. Essentially, I have centered my life around neuroscience.

I told him I would send me three references and give my decision by Friday the 4th. 

Is this normal for a university job and why is he allowing me to start at my own pace, really trying to get me for this role? I have mild Asperger's syndrome so it's hard for me to figure out social aspects.  Other jobs that I applied to rejected me. In fact, 99% of rejections, even from jobs that require a high school degree with minimal experience. It's why this is so foreign for my first job. Thank you everyone!"
iyabw9,1600868520,2020,recruitinghell,dissatisfaction,"I'm a fresh graduate from a top ten university in the UK (moved to Belgium just before lockdown) and have never had any professional experience, only voluntary and uni society stuff. I've tried to get summer internships in the past but it never worked out (I'm from a working-class background with no connections which couldn't have helped). I've been adamantly searching for a job since the beginning of June when I was done with uni work and I've had about 3 interviews over zoom and one in person which I got to the very last stage of but they chose the other candidate. I've been applying for admin, PR, communication and translation jobs in Brussels.

I know that a lot of people got fucked over by Covid, especially those who lost their jobs, but those people at least have the experience under their belt to get a new job. I feel completely and utterly unemployable, it probably doesn't help that my degree was so general (French and Russian). The whole thing has just been so degrading, and I can feel myself losing motivation because I don't know how many more rejection emails/ghosting I can take. Are any other graduates in the same situation?"
k6c7bz,1607050106,2020,recruitinghell,dissatisfaction,"Another day of seemingly pointless effort to get myself a job.  It's been 6 months since being laid off from a fantastic entertainments/travel/hospitality company, which saw every revenue stream get shut down in March.   Like many families, we weren't financially prepared for this, but we've just about coped, until this month.  The stress is palpable.   I don't get unemployment (awaiting green card); my wife is a teacher.   Christmas looks very bleak indeed.  

&amp;#x200B;

I have 28 years experience in IT, from 1st line support in the 90s up to Director level for the past 8 years.  I know my shit and I'm good at it.   

&amp;#x200B;

Every day I apply for 3-10 jobs.  300 in the last 3 months.  Happily and eagerly looking at much more junior positions, across tech lead roles, manager positions, project contracts.. *everything!*  I have had a few days here and there unboxing computers or packing up old servers for $20 an hour.  10 days total maybe.

&amp;#x200B;

I am crushed.  I am broken.  I am physically and mentally exhausted.  I hit the vodka, I stopped drinking as it was clearly destructive.  Went to the gym a lot, then lost all motivation.  From being confident and outgoing, I have lost all my energy to stay in touch with friends in the UK or to go out anywhere at all.  I stopped reading.  I don't listen to music anymore.  I am consumed with finding a job.  

&amp;#x200B;

Recruiters bleat about caring and being supportive to their LinkedIn audience, with faux-motivational memes and supposedly inspiring content.  Self-professed ""thought leaders"" spew utter shit about how they know it's tough and THEY CARE and WE ARE ALL IN IT TOGETHER and they share contrived stories about how benevolent they are and they do such AMAZING things for their company and candidates.  Lies.   They even share articles from psychology experts about how this pandemic will have long-lasting and far-reaching mental health effects.   they all applaud each other.  Oh wow, so inspired, you are AWESOME for doing that thing.  WOW how you lifted me up with that made-up anecdote.

&amp;#x200B;

**If** the recruiters and companies cared one bit, that ATS application I submitted 3 months ago would have moved beyond ""Under Consideration"" and a response, albeit a rejection, would have been sent out.  The quite frankly awesome email I sent would have got a reply.   The interview I spent 3 hours preparing for would have deserved some semblance of feedback, not just a total ghosting.  The job in Eugene I had 5 interviews over 6 weeks and packed my bags to go to start would not have been pulled at the last minute with such utter fucking contempt as a 2 line email, not even a phone call.  They wouldn't refuse to place anyone who is out of work, or discard resumes because it uses words they don't like such as ""enthusiastic"" or ""passionate"" or ""creative"" or the formatting was a bit odd for their liking.   They would treat people like human beings.  They would show empathy and consideration; especially now, but quite honestly all the time.  Looking for work should be exciting, not utterly soul destroying.

&amp;#x200B;

Like all of you, I have been ghosted by recruiters after seemingly positive conversations, either generally, or about specific roles, when my resume had apparently been submitted.  No follow up, no replies.  Email again; ignored.  Like all of you 9/10 applications don't get anything in response.

&amp;#x200B;

The bleakness of the situation, the desperation, the feeling of worthlessness, being ignored, being blanked, being overlooked..  feels like the root cause of my increasingly fragile mental state.  I have never been so utterly broken."
kdt5y8,1608062356,2020,recruitinghell,dissatisfaction,"&amp;#x200B;

[Capital One's rejection. After getting a 100&amp;#37; on HackerRank but supposedly not doing well on situational judgement, I was thrown out immediately](https://preview.redd.it/ewym9q1vne561.png?width=1804&amp;format=png&amp;auto=webp&amp;s=4dad7322328d7d957a4fe8b071a828f2ea5855a4)

Here's some more (all from this year!). Note that I was applying for SWE/tech roles. Most of the rejections were immediate.

* HSBC
* Barclays (and I made short work of the coding questions, finishing the 70 minute test in 5 minutes)
* Deloitte (even had the audacity to machine-score my video responses)
* E&amp;Y
* UBS
* Lloyds (supposedly ""unrejected"" me later but then ghosted)
* M&amp;G
* PwC (worthless ""Arctic Shores"" test that basically tested banging on my keyboard and junk games)
* Bank of England
* Swiss Re
* NatWest
* Deutsche Bank
* and probably more

These tests end up with a near 100% failure for me. I hate them with passion, especially since

* they don't test the skills that are more relevant for the role that I am applying (how about you give me a HackerRank test instead)
* the questions are quite ambiguous, like any of the answers are possible, it just depends on the context which they never provide.
* I am applying for a SWE role, not a ""what would I do if WW3 happens"" one.

And no, it's not numerical, I do well on them (plus I have a 170Q on GRE for reference). Noting because many of the tests combine a numerical element (not sure why they ask that either)."
ex5dwl,1580559693,2020,UKJobs,satisfaction,"Full Job Description
We are looking for Network Engineer to support our Professional Services team located in London, UK.

Responsibilities:

This role is to ensure that industry best practices and methodologies are applied to design, deployment and operations of core route/switch and data center networks. This individual provides technical guidance and leadership to the customer and project engineering team and ensures project timelines are being met. They will be the technical point of contact for the customer and provide design, migration and deployment guidance.

Responsible for the delivery of network planning, design, implementation &amp; optimization services as a post sales consultant to Commercial Enterprise clients.
Create Low Level and High-Level designs of enterprise networks utilizing industry best practices
Create and review complete site designs that includes development of low level designs, network diagrams, as-is and to-be reports, and create the necessary bill of materials for what needs to be ordered for the designs to be implemented
Lead the delivery of network solutions including routers, switches, firewalls, load balancers and other network hardware appliances.
Oversee/perform new and existing equipment, hardware, and software upgrades.
Perform installation, configuration, maintenance, and troubleshooting of customer managed hardware, software, and peripheral devices.
Conduct research on network products, services, protocols, and standards to remain abreast of developments in the networking industry
Qualifications:

Certifications in Cisco CCNA, CCNP or CCIE (Routing/Security/DataCenter/ServiceProvider)
Related degree in computer science or electrical engineering and/or five equivalent network engineering experience.
Must have at least 5 years of experience designing, deploying, and implementing core route/switch and/or data center networks in accordance with industry best practices.
Must have Client facing / consultancy skills working within a Professional Services environment.
Proven communication skills, both oral and written, and be able to create detailed technical documentation and present it to the customer in an easy to understand way
Experience with logical network design models (L2/L3, WAN, Network Optimization, Spanning tree, VFR, VTP, VLANs, physical cabling).
Working technical knowledge of network control protocols (QOS, PfR, PoE, NTP, DHCP), network management protocols (CDP, FTP, TFTP, SNMP) and security protocols (SSH, HTTPS, AAA, IPSec).
Experience with Cisco ISE (Identity Services Engine), ACS, Umbrella, Firepower
Experience with PaloAlto and Fortinet Firewalls
Strong interpersonal, written, and oral communication skills with the ability to work well in a collaborative environment.
Able to conduct research into networking issues and products as required.
Highly self-motivated and directed, with keen attention to detail.
Able to effectively prioritize tasks in a high-pressure environment.
Strong customer service orientation with proven analytical and problem-solving abilities.
Benefits:

Quarterly Awards and Bonuses
Flexible Working
Training
Industry leading home working and mobility technology
Competitive Pension Scheme
Discounted Gym Membership

Please note: due to the nature of the role, no sponsorship or relocation packages will be available for this position and so candidates must be eligible to both live and work in the UK to be considered."
exmpvw,1580640066,2020,UKJobs,dissatisfaction,"I’m an Account Executive for a private company in the City. I have been there 2 1/2 years and started on £30k, have had yearly pay rises of £2k and £3k, plus bonuses both years on £2k and £3k (I’m told not always guaranteed). The problem is that I feel I am probably underpaid for what I do, and looking at jobs similar to mine, the general starting pay is £40k up to £50k+ with good OTE. I work in a small office, 5 people, with our head office overseas. I am landlocked in this company unless the Sales Director or Account Manager leave, which is unlikely for at least 5-10 years. The Account Manager is on £48k a year plus bonus, I know this from a conversation we had. It seems a bit of a disparity IMO, he has a lot more experience, but we do the exact same thing day to day pretty much, those few things he does that I don’t I will assume responsibility of when he is off. I have learnt quickly on this job and enjoy it, I have a lot of responsibility for multi-million £ contracts with prestigious clients within our industry, but with nowhere to go and a ceiling in terms of earnings, I’m looking elsewhere now.

I just wondered if others in the sales sector found that they left roles similar to mine for large increases in earnings/bonus? I am looking at other industries as mine is relatively niche in terms of sales positions, is it relatively easy to get sales jobs in FinTech, SaaS, IT sales, etc if coming from outside those industries?

Appreciate it if you read this post, thanks."
eyaak7,1580750071,2020,UKJobs,dissatisfaction,"I've been living abroad for 15 years. My personal situation has... deteriorated, and I'm considering a fresh start back in the UK. I've been working as a photographer after giving up a career in CAD and GIS five years ago. I've co-directed a small conservation charity during that time. 

I know I'm going to be at the bottom of the list for CAD work. That's okay with me. I'd work as a photographer in a heartbeat, but I know those jobs are either low pay or pretty rare (I don't have fashion or product experience). I don't mind training on the job at all. In fact, I'd prefer it to going back to college first. I'm in very good physical shape, reasonably intelligent, not afraid of hard work (desk or physical).

I'm financially comfortable now, but I wouldn't be by the time I get back to the UK, so I would need to find a ""living wage"" from the outset, ideally with scope for merit-based progression so I have a chance of catching up with my peers in a few years.

I was wondering if anyone can suggest a potential career path for someone like me. I'm open to anywhere geographically, especially if it's near some good countryside, but I'd prefer somewhere I can afford to rent (and eventually buy)."
f022lg,1581035131,2020,UKJobs,dissatisfaction,"Hello all,

&amp;#x200B;

Please let me know if this should go somewhere else! But I am a US citizen. I was applying to a position for which I'm incredibly qualified at a large cultural institution that is a Tier 2 visa sponsor. They even say in the application packet for the position to which I applied they they're obligated to hire eligible candidates with the right to work in the UK before they could hire someone who they'd have to sponsor--implying that a sponsorship would be possible.

&amp;#x200B;

However, one of the steps in the application was checking a box that asked ""are you eligible to work in the UK?"" As I am American, I did not check it off, and because of this my application was automatically rejected. Why have this automatic rejection if you are a Tier 2 sponsor? Did I do the wrong thing not to check it off?

&amp;#x200B;

Any insight would be very welcome. Sorry there's not much here, I'm just a little sad that a computer rejected me from my dream job."
f4pcle,1581851573,2020,UKJobs,dissatisfaction,"The generic notice of resignation templates generally say you should clearly state your last day of employment as per your notice period, however I intend to negotiate and reduce this. 

Do I just not mention the notice period and last date of employment? 

I'm sure this is not an uncommon situation, so what have you done in the past?"
feta29,1583575725,2020,UKJobs,dissatisfaction,"I'm an existing civil servant but went for a better job in another government department.

I did well on the application, tests and interview, got 6's across the board (out of 7)  but got this email today 

You have reached the required standard, but we are unable to offer you a job immediately.
We have placed you on a reserve list from which future appointments may be made.
The reserve list will expire on 6 June 2020 and if we are able to offer you a role before this date we will contact you again.

Does this mean someone else got the job, or could it maybe be that they don't have the funding? I've had plenty of rejections but this one is odd, especially with the reserve list only being 3 months?

Thoughts welcomed"
fszed2,1585746274,2020,UKJobs,dissatisfaction,"Set a new record on Monday, got the application at 14:04 and the rejection at 14:13, 9 minutes. Previous best was just under an hour."
gh1g4q,1589117078,2020,UKJobs,dissatisfaction,"Hi all,

Sorry if this is in the wrong subreddit. Let me know if you think there's somewhere more appropriate.  


I've been in my current job for 2.5 years now. I work in a small charity basically doing admin, for minimum wage, full time. I took it when I graduated from a Master's in 2017 and moved to a new city to live with friends. I was job searching for a couple of months and this was the only job I got offered apart from a few retail jobs. I decided to take this one as it was full time and comfortably supports me due to low cost of living. A lot of the other jobs I was applying for (and actually wanted!) were asking for 1 year+ admin experience (but weren't admin jobs) so I reasoned I'd get a year or so experience on my CV while still applying for other jobs. Since then I've had many many interviews and have been very close to getting other jobs, the feedback is basically always 'there was one other candidate who was more experienced than you' etc, nothing constructive really. 

Basically the job is making me miserable. It's simultaneously boring and stressful; my main issue is my manager, who micromanages me, is very forgetful so reprimands me for things that she thinks I haven't done or she hasn't asked me to do, doesn't know how to use a computer so i'm having to constantly show her how to do things like turn the volume down, and generally behaves in weird ways (makes semi-racist comments, didn't tell me when I had 2 suspected seizures at my desk, and only told me several weeks later in the context of reprimanding me for something). Whenever I try and help out with more interesting tasks she tells me 'that's not your job' and I get in trouble for it. I can see where she's coming from in that she hired someone to do admin so that's what she needs me to do, which is fine, but she's also constantly asking me 'where i want to be in 5 years', how i see my career progressing, etc, and I just feel trapped. I feel like I cant get any useful experience because she won't let me do more complex tasks, so I don't know how I'm supposed to get a better job. I mainly do things like put letters in envelopes, answer the phone, answer emails, printing, laminating etc. Just before covid hit, I was offered a new part time job, which I was considering taking just to get away from my current job, although it wouldn't be enough money to get by on. However at the same time i was offered an internal promotion, working on a new project, with a new line manager, slightly better pay, for half of the week, while doing my current job the other half of the week. I decided to accept the internal promotion, as it was a more interesting role and had potential for progression, and I liked the colleague who would become my line manager. However as soon as i accepted, the person who would be my new line manager resigned, and then coronavirus shelved the whole thing and it's unclear if/when it will actually happen. the whole organisation is run very badly, most of my colleagues are miserable, and there's a lot of internal politics with all the management staff basically trying to win favour from the CEO who is quite incompetent in lots of ways. 

I don't know what to do.  I feel like it would be mad to quit my job given the current situation, but it's really affecting my mental health, I leave in tears a lot of days and my weekends are taken over by anxiety. I have some annual leave to use but I worry that if I took time off my manager would take the opportunity to set me up in some way - she has done this before, as in springing review meetings etc on me without any warning.  


I have no idea what I really want to 'do'; I think about going back into academia but then it feels quite futile with the state of the world currently. In the past I've worked for arts organisations and festivals which is what I enjoy most but it's very hard to break in to things like that especially in a new city. I have thought about doing an MA in arts management etc but again that is very expensive and I'm not sure whether I should spend that much on an MA when I'm not 100% sure it's what I want to do? 

Sorry this was so long. TIA for any replies."
glxph1,1589791094,2020,UKJobs,satisfaction,"Hello all,

Just like the most, I've taken a major hit from the COVID-19. I have worked as a Digital Marketing Manager for over a year, having been in the sphere for 3. With my agency being tiny, we were among the first ones to be affected, and with no opportunity to furlough any of the employees. It itself is a major bummer as I have genuinely loved my colleagues and had a great team, but this is not the issue now.  


The issue is that the industry seems to be dead. The only jobs I see are hiring for either internships or super senior positions, and though I'm actively applying to those as well, the reply is always the same - I'm either overqualified or lack the experience. Also, keep in mind, I usually end up applying to \~50 jobs a day.  


In the meantime, being London-based and with no family in this country, the bills are piling up. Previous strict control of personal spending keeps me floating without dipping into the savings, plus I'm getting the measly £400 +/- from JSA (not even covering my rent...So much after paying £700 in taxes monthly) and waiting for the UC approval, but how long will this last? 

The worst is that if the situation gets dire financially, I can't particularly do anything about it. I'm a high risk patient, therefore most of the blue collar jobs are just a no-go to me.   


Honestly, I'm growing pretty desperate and I don't know what exactly am I trying to achieve writing this. A vent? Quite possibly. But also some hope there is someone on Reddit to provide me with some guidance."
gnustt,1590058938,2020,UKJobs,dissatisfaction,"**Hi all,** 

I wanted to ask you for help in my CV and Resume, I'm 23 y.o. international which moved to the UK in 2015, I have done the research about the country so I don't end up in warehouse op position for the rest of my life so I took Level 3 Diploma in IT, GCSE In Higher Maths and IELTS English Test to prove I actually can speak it.   


Almost since a year, I was applying for any decent jobs such as Receptionists, Customer Advisor, Administrator, Admin Support, 1st Line Support and similar but the problem  I had completely no experience at any office jobs, before so obviously no-one wanted me.

But I managed to get to ""Administrator"" position which in reality seems like underpaid Manager position in a 5 people business that gets 75% of all staff jobs + responsibility for business so I wanted to change it. Through the half a year working there I gained some experience on Reception, Administration, Basic Graphic Design and some SEO. But still, when I apply for the same positions, I cannot even get to the interview stage.

I created about 10-15 CV and at least 10 Covering Letters focusing on different skills and aspects (Customer Service, Technical Skills etc) but it doesn't even get me a call (maybe 1 out of 20) even after getting 6mth experience and applying for same positions with different CV's.   
I know it's not quite long so I cannot expect +20k job with my experience but I cannot understand why am I getting rejections or ""Viewed your application"" even on the entry-level application which I can't believe to be so responsible so I cannot do it after I know I can handle my current position.

I used almost every page such as Indeed, Reed, Monster, CV-Library and all of the others, I got the review of my CV from CV Library and revised it to it, I used many styles and templates for the CV but nothing does the job or even makes a difference.

&amp;#x200B;

Anybody could give me any advice what could I do or anything to help, as I think I used most of my possible manoeuvres in this field and I start to feel like it may not really be about the skills?"
gtgxsu,1590856013,2020,UKJobs,dissatisfaction,"I work in a care home. I'm in my late 20s and my colleagues are mostly 50-60 years old. I have social anxiety, I'm very quiet and reserved. I like to think I'm polite and friendly, though I have noticed some cliqueyness at work. The women I work with often sit and have breakfast together. They are very friendly with eachother, they help eachother in the workplace and outside of it. They appear to be good friends. My colleagues are nice to my face but sometimes I wonder what is said behind my back because they seem to slag eachother off behind their backs sometimes.

Anyway. Like I say I have really bad anxiety around people, so I'm quite quiet around my colleagues. However one person I get along really well with. She's in her 40s but is so young at heart, we get along so well. It has been a blessing getting to know her and I consider her a good friend. It's rare I have a lack of anxiety around a person, like I do with her. We get along well. We have a chat, but so do my colleagues. All of our jobs get done.

Recently I have noticed the rotas have been done up until August, and I don't have a single shift with this colleague of mine. It can't be an accident, as we are a small team and every body else I am working with, I work with regularly. But I have months of not having a single shift with my colleague. I texted the deputy manager who does the rotas why I am not working with my friend, is it for a reason? And she has not replied.

In the past a young woman who has since left the role a few years ago, said that the deputy once said to her, ""Don't get involved in their games"", meaning me and my colleague. I was shocked to hear this had been said. What games? We do our jobs and we do them well, then we have a chat and a catch up, same as everyone else does.

I am so miserable, I dread going  in to work now. It feels like they only want me to be the quiet colleague who has her head down and gets on with things. It feels so unfair because they all sit and chat about their personal lives all the time. I feel unhappy and isolated. I am worried about finding a new job because I find it so hard to fit in anywhere, I have severe anxiety around people and I'm worried there's something wrong with me that people don't like, so this pattern will repeat itself. I am isolated at the moment, now more than ever because of this lockdown. I can't see my friends or my boyfriend. I feel lonely and we work hard in this care home, for minimum wage, but it's so miserable going in to work and feeling isolated every day."
hqhsyr,1594655761,2020,UKJobs,satisfaction,"Anon as I have family who use Reddit and I don’t want them to know I’m struggling, they don’t need the stress.

I have a BA in English and an MA in Library Studies. 

I love my job but it’s not a career, it’s a customer facing role with no intellectual challenge. I took the job when I finished my Masters degree because I needed a job ASAP and it was the only full time one that offered me an interview. Libraries aren’t really hiring right now and I’d like a new, well-paid career path.

I’ve only had three interviews in my whole life - a shop, the school and the tourist site. I got all three jobs so didn’t require further interviews but now I’m having a huge problem getting interviews at all because all my previous work is customer service and I’m desperate to get out of this line of work.

I am a hard worker and smart enough generally but there’s nothing impressive on my CV that makes me stand out in sectors I have no experience in. I’m up against kids who have three years of experience coming out of university somehow with CVs and cover letters full of evidence they can do a job from the get go. 

I need a new job because my company will have to make redundancies and I’m desperate for something new. I need to try and make my CV more impressive and focus on transferable skills but they look weak with no solid examples of, for example, CMS or data analysis, to draw on. I know I can do these things, I’ve done two degrees, but employers aren’t biting.

Any advice on how to get interviews? I’m desperate to have options in case I get made redundant. Thank you in advance."
hzy6n6,1596017601,2020,UKJobs,dissatisfaction,"I know this is probably a fairly common question but I feel like it's still a topic I need help with. 

Decided to hand in my notice today for my supermarket job so I can focus more on my studies. It's my first proper job so I've never had experience handing in a notice or anything like that. 

I have a resignation letter typed up and ready to send to whoever I need to but I'm not able to go to in to my workplace in person till the start of next week and I'm not even sure if my manager is on shift this week. 

Is it acceptable to give my resignation via email before discussing the situation in person? I'm on a weeks holiday right now but should be back in for a shift on Tuesday so I can discuss the matter in person with my manager and whoever else. 

I'm not too fussed about the reference but I still want to deal with the situation the right way. 

Thanks in advance."
i2tq09,1596445361,2020,UKJobs,dissatisfaction,"Hey all.

Before you read on this is probably going to end up being a long post, sorry if it comes off as a ramble.

After I finished university last year, I tried to find employment while on universal credit but didn’t have much luck due to lacking work experience, and so planned to go back to university this September to take a Law course, to hopefully begin my steps to becoming a solicitor...

Naturally I still tried to find work to keep me busy until September, but found that whenever I applied for jobs in the area, I lacked work experience. After discussing this with my work coach she told me about a work experience opportunity they offer at the jobcentre.
Great! A chance to form people skills and get something outside of education to put on my CV outside of education. I did it for a few weeks and go on well, enjoying the varied experience. Once COVID-19 began to cause lockdowns, the work experience ended.

At this point I had submitted my application to the Law courses, and was awaiting to hear from my university of choice, saving my Universal Credit money as best as I could, to be able to afford transport to my uni.

However, around March I received a phone call from the jobcentre. They informed me they were recruiting people on a six month contract to assist people via telephones with their claims, and if I’d be interested. I was hesitant but figured I enjoyed my work experience well enough, and that as I was on UC, I could hardly turn down a job offer. I was asked if I could start in two weeks time, and with it being a six month contract (although with the possibility it could get extended to twelve) this fitted around my plans to go to University perfectly.

Unfortunately it is was a much longer wait than 2 weeks to start, and actually ended up being June. Already this conflicted with my university plans, and by this point I received an offer to my first choice. I probably should have raised something at that point, but opted to give the job a go, especially as perhaps I’d end up enjoying it.

My first few weeks were slow, being just training conducted over Skype (although in the offices.) The training never lasted all the way from 9-5, but as they were my working hours I had to stay long after the training sessions had ended, which I spent trying to find additional training wherever I could.

After a whole month of not much happening, I and the other trainees could now start! This is where imo, the problem begins. 

My average days go as such. Come in at 9, wait around until my three phone appointments for the day are due. I call up,  and 75% of the time, they don’t answer. On a good day I’ll have spoken to two claimants. I will seek additional work to see if there’s anything to clear, but usually they require something else to be cleared up first (usually as the claimant hasn’t answered any calls.)

Now maybe this is just how the work life goes, but I think most of the problem is the job centres hired too many of us trainees. What would be a fairly active day for one person is split between four of us.

Now I’m worried about finding ungrateful to have a job where I’m paid to do nothing, but honestly, I’m getting drained. More than anything, I’m starting to get worried about my mental health.

I’ve always been on the anxious side, but it’s never been anything I couldn’t just power through. Now though, I’m constantly on edge, both at home and in work. I dread having to make these phone calls, and tend to have to get fresh air before each one, even if there isn’t that many to be doing daily.

I think it’s a combination of things. My constant anxiety over getting something wrong that stops people getting their payment, a dislike for the UC system which I didn’t have when I was on the receiving side, awareness of my workplaces reputation, the amount of time spent dwelling on this, and just general anxiety about calling people up.

I’ve gone from being the one in my friendship group being the voice of reason. to being the one having breakdowns, and am now starting to experience chest pains both at work and home (currently awaiting blood test results). I’ve even started to now have the occasional panic attack in my bed on work nights at the thought of going in tomorrow.


I’m just so conflicted on what to do. The six month contract is due to end in December, but this would mean I wouldn’t be able to do my law course for another year, and who knows what the situation may be this time next year.  As stated I am also worried about my mental health and will seek treatment for it, but it can take a while to see my GP, and I worry the longer I’m here, the harder it’ll be to treat it.

On the other hand, the money is good, especially for someone my age, but that tends to actually make me feel guilty about the fact I’m being paid to mostly do nothing. I’m also pretty scared about handing in a resignation letter, but if that’s the best course of action, it’s something I can manage.


Thank you if you managed to read this all, I hope I don’t come off as ungrateful or the like. I’m just pretty conflicted and feel I’m at a crossroads"
i45up6,1596636025,2020,UKJobs,satisfaction,"In the words of The Clash, Should I stay or should I go?

Current job: Engineering Consultancy (London)

Started on 28.5k straight out of uni two years ago. Up to 30.5k after one year. Was due a promotion this summer but due to covid all promotions and pay rises have been postponed. Everyone's pay has also been slashed 20% since may, so I'm now on ~24k. Have been told that most likely things will remain as they are until Jan 2021. 

My rent/bills are 750 and I give 300 to my parents to support them, leaving maybe £500 a month spare at the moment for everything else.

I used to love my job but now the hours are long, the pay is low and the work is a mix of dull and stressful. Do I stick around in the hope of things getting back on track soon or do I look for greener pastures?

I'd be looking at roles using Python, either some sort of general developing job or in data science. I have a small amount of experience in these areas, but I fear that it won't be enough for anyone to give me a second look. I'm trying to upskill in my little free time but will be a while before I have a portfolio or anything.

Is the grass actually greener or am I just wasting time and energy?"
i4u2bz,1596728472,2020,UKJobs,dissatisfaction,"I'm looking to quit my job, but of course, with remote working, it's not something I can do in person any more, and I don't have an address that I can reliably send a physical letter to (nor a printer).

I already have another job lined up, so there are no concerns about that.

This is my first proper job and I've literally never quit a job in my life, and all the advice I find online about how to quit is pre-covid (it usually works on the principle that you can just go into the office and chat with your manager). How do I go about this? Would it be okay to send an email?"
i6qm7o,1597005257,2020,UKJobs,dissatisfaction,"I have been in a consultation period at work for the last three weeks and am yet to hear whether my job is safe or not.

Due to being placed at risk of redundancy, I decided to look at other options to ensure I have options should the worst happen.

At the end of last week, I had an interview at another company and am waiting to hear whether I have been successful or not.

If I am offered the job, my intention is to accept and ask for voluntary redundancy.

However, I am uncertain as to where I would stand if I am told my position is safe before I hear back from the other company.

Would I be able to go back and ask for voluntary redundancy in that case or would I simply have to resign and then work a notice period before I can go?

Three of our team are to be made redundant, but if I get a new job I would rather put myself forward for VR than see one of my colleagues lose their jobs. But could one of them be kept on after they've told they are being laid off if I then decide to leave?

Any advice would be appreciated."
i93hwv,1597337434,2020,UKJobs,satisfaction,"I’ve been offered a job with a comparable salary and benefits to my current role. My current job is in a great team with a really lovely boss, but the work is slow and frustrating and I feel like I’ve been at a standstill for a few months now. My boss has heavily insinuated I’m in line for a promotion which would see me doing work that’s more interesting but hasn’t put a timeline on it. 

The new job I’ve been offered is the same title and almost identical salary/benefits but at a much bigger company where there’s more scope to do interesting work and potentially scope for progression in the next year or two, but I’d be “starting from scratch” and with it being such a large company/team I’m slightly concerned I’d be just another face in the crowd. 

If it’s between another year at my current job and this new job, I think I’d prefer the new job. But if it’s between the new job and a promotion at my current role, I’d want the promotion. I want to approach my boss and tell him I’ve been offered a new role and essentially see if I can get him to make a counter offer that includes a promotion but I’m not sure how to go about it or if it’s a good idea to do this at all? 

Any advice or tips?"
idwwfp,1598017182,2020,UKJobs,dissatisfaction,"Hello all,

Posted here before but I've been overseas for 8.5 years working and now hoping to move back to the UK permanently. First time in 8.5 years that I intensively hunt for jobs in the UK (applied for only 2 jobs prior to July 2020 over the entire 8.5 years!) and here are some observations:

* Salaries in the UK have deteriorated compared to where they were pre-2012 (when I left). Even nominally (without accounting for inflation), the £££s on offer are actually lower, which is bizarre. Compared to where I am now (Canada), the difference is stark. I work in the Civil Service and the difference is noticeable! I know for a fact it's the same in academia, but not sure if that's so in other fields/professions? My guess is unless you work in banking or hedge funds, UK salaries are not as competitive. This could help gauge my expectations during the job search.
* It's ruthless out there! I mean, not a surprise given it's Corona times but even with my background (PhD in Econ from Oxbridge, maths-intensive background, programming skills, 8-10 years progressive work experience, language skills) I've just received 3 rejections in one go today (2 from outside civil service and 1 from civil service). Makes me wonder how HR people really choose, and whether even a blind monkey could do as good a job selecting candidates for interviews. 
* I've been going through depression due to rejecting an FTC offer for a UK-based role nearly a couple of months ago. Coping with regret from turning down a job is a horrible feeling not to be underestimated- even breaking up with my ex-girlfriend was easier! I listened to my head and turned the job down, and while everyone I know thinks I made the right decision, I know I should've listened to my heart. So for all of you going through something similar, please also listen to your heart before making a decision.
* I've tried Guardian Jobs and Indeed but I guess the roles there are more ""general"" in nature- IMO LinkedIn is better at targeting jobs to your interests and qualifications so start with that.

So far I've applied to over 30 jobs but will keep you guys posted on how things go- hopefully it would help ppl in similar positions whether now or in the future. Fingers crossed for all of us!"
ifar3t,1598215040,2020,UKJobs,satisfaction,"Hi I’m wanting a career in digital marketing, could anyone give me some advice on training/job prospects etc. I have a business degree which is 4 years old, and I’ve dabbled in web development, so I know HTML, CSS and JavaScriot, so that could be helpful too. 

Anyone working in digital marketing, what is it like? Do you enjoy it? Is the pay good? Is there a good work life balance? 

Thanks!"
igxls8,1598443616,2020,UKJobs,dissatisfaction,"

Im think about doing a business type internship for 6- 8 weeks somewhere. 
Im 41 wanted to change careers last year so quit my job after 16 years, which was well paid. The plan was to take a break, travel and start a new career/life. Then covid happened so all that went to pot. Been applying for jobs for the last few months and no luck at all. I Have good work experience in my field (administration/ cruise ships) but no office experience in the UK. So as I like to travel I was thinking about doing something that will boost my skills and my CV. 
If anyone has any advice or has done something like this I would greatly appreciate."
ihpx11,1598551082,2020,UKJobs,dissatisfaction,"I am a recent graduate with a first class BSc (Hons) Cyber Security &amp; Networks.

Currently I am a bit lost with what to be doing, I had an interview for an entry level low paid support role and was rejected  (Have asked for feedback but they mentioned in the interview that I was over qualified). 

I am applying for jobs in the Glasgow and Edinburgh but have had nothing but rejections despite 40+ applications in the last 2 months. 

The current roles I'm searching for are:

* Cyber Security Analyst 
* SOC Analyst
* Network Engineer
* Risk Management

Is there anything else I could be looking for, my programming knowledge is basic, not enough to feel confident in software development.

I'm thinking maybe I should sit a certification but given my current circumstances I could only afford to sit something once. Is there anything specific I should sit or should I just wait and see if more opportunities appear in the next few months?"
ikvqa1,1599003681,2020,UKJobs,dissatisfaction,"I lost my job due to Covid back in June and have been searching for work non stop since. 

Two weeks ago (Tues 18th) I was going through the interview process for a job that sounded amazing and had received my offer within two days (Thurs 20th). They wanted me to start in the beginning of September. I was told that HR would be reaching out to me the following day for my references but had heard anything. I gave them a few extra days in case there was a back log or anything and phoned the hiring manager last Weds (26th) to inform him that I hadn’t heard from them yet. 

He promised to chase HR and asked me to wait till Friday to see if they get back to me before contacting him again. Again, I heard nothing from HR and as time went on without hearing from them I started stressing incase they withdrew their offer or something went wrong. I was planning on phoning the hiring manager again today to question what’s going on with my application but he beat me to it and called me first.

He had phoned to me to let me know that they were unable to hire me at this time because they have to go through some redundancies in the department first and cannot hire anyone external during this time. Apparently he only found out today and this is why HR hadn’t reached out to me yet. They are going to put me on hold until they complete their redundancies but they don’t know how long it’ll be before they can resume hiring me if at all and if something else came up for me I should go for it. He said a week to 10 days but something in me is feeling like it’s going to be a month or complete rejection. 

I’m so pissed off. I don’t have any written confirmation of my offer - it was all verbal. I asked for some kind of written confirmation of our conversations so far and he said he would have to check with HR what he’s allowed to write. I spent a bit of my savings buying items I needed because I thought I could put that money back at the end of the month. I stopped searching the job search and turned down other opportunities.

How is this even allowed? I feel like I’ve been messed around and led on. Like this amazing opportunity is being dangled in my face just out of reach. I don’t know if I believe the guy didn’t know about not knowing this was going to happen. 

Is this common? Are employers allowed to do this? Surely a pause in hiring people would mean a pause on posting new vacancies and interviewing people but doesn’t apply when someone’s got the offer already? What are my options now? Do I wait for them?"
impf0o,1599257295,2020,UKJobs,dissatisfaction,"I am getting quite desperate. Finished uni over a year ago with a 2:1, got a job after 6 months of looking on a maternity leave contract as an accounts assistant but it's about to expire and they're not keeping me on. 

Been applying to everything for the past 3 weeks, over 150 applications on reed, indeed, linkedin and other sites but I am literally getting nothing back, one email from a recruiter asking for more details and maybe 5 rejection emails. Like I would have thought that after having a years of experience in my CV it would be easier than last time but last time at least I would get interviews at least once per week.

I live on my own so I must find a job within the next month if I want to survive but I'm not sure what else I can do. Does anyone else have a similar experience? Is this because of covid affecting the job market?"
iv1ps0,1600414682,2020,UKJobs,dissatisfaction,"Hi all, I’ve recently gone through the recruitment process for Statistical Officer across the GSS (EO grade). 
I was ecstatic to hear I was successful at the interview as this is my dream career and I only just graduated, however I just got notified that I have been placed on the reserve list for 12 months:
“Congratulations, you have met the required standards and have been successful at interview.

We are unable to place you in a role immediately, however, we would look to do so as soon as a suitable position becomes available. You will be placed on a Reserve List until a job offer can be made”

Now, I’m not sure what to do. I was wondering if anyone could give any advice
• What’s the likelihood of getting an offer from being on a reserve list for EO? 
•I was thinking of just picking up low level admin work to tide me by until a job offer comes, do you think this is too risky of a move? Shall i still apply for more graduate jobs? I (regrettably) stopped applying for grad jobs when I was successful at the interview. 

It’s all so uncertain, so I guess what I’m really interested in is whether I can hold out hope for an offer or take this as a rejection and move on. 

Thank you!:)"
j0e888,1601155632,2020,UKJobs,dissatisfaction,"M30 here, looking for any kind of advice from fellow Brits.  
Quit my job (Caring for disabled adults) in January, decided to take a month off to recharge my batteries before going out to find a career in something new, I'm fairly intelligent, not the smartest but I'm not daft.  
Anyway, then this fucking virus came along, It's been 8 months now and I'm still unemployed. I don't have the money I was going to spend on enrolling on some kind of course, that's dwindled away during lockdown.

Only dead end jobs I can find in this dead end town are warehouse (won't hire me because I weigh 125lbs) or phone based admin roles and I have a stammer.

Where the fuck do I go from here? If I had the bollocks I would've probably killed myself by now. Self pity is at an all time high, I'm not looking for sympathy but fuck me the future looks bleak from where I'm sat."
j20yr0,1601391927,2020,UKJobs,dissatisfaction,"First off, I know this sounds like absolutely crazy talk, but I'm really struggling with this and need some advice. 

I left my last job (where I'd been for 5+ years) at the tail end of last year. I'd had some personal issues, and to be honest it was time to go for everyone involved. Left, all happy with a plan to take some time to relax and really think about my next move. 

Then COVID hit, and all of that went out of the window. I was contacted by a recruiter, interviewed and was successful in a senior role in my field (albeit a different sector) at a new company. All good, but I didn't listen to my gut which was telling me it maybe wasn't the right move. By senior, I mean it's senior in title but up until recently I was the only person in my department - I recently hired a more junior person to help and I've successfully recruited another. 

It didn't feel great to start with but I was working from home and I thought it was just the whole weird situation coming together, along with a new job and a lack of familiarity. I've been in the position for 5 months now and it's not getting better. 

What we're doing is extraordinarily complex (effectively launching multiple companies almost at once) and a lot of it is landing in my lap. My bosses have been frustrated with me, and right back at 'em. 

In addition to the work being overwhelming (and I've been in the game long enough to know that it would be for pretty much anyone, I'm not wimping out here), I've also made the mistake of not considering the full benefits package and, as it turns out, basic things like sick pay aren't covered. I'm 100% aware that that's my error in panic-accepting a job, and I know I could renegotiate on those fronts, but it's a bit of an indicator for me on the long-term prospects of this role.

It's a small firm, successful in other businesses, but it I absolutely hate it, and both short and long-term know if my heart of hearts it isn't the right role for me. 

My contract states that I need to give three months notice which isn't unexpected at my level, but I'm looking for advice more on how to gracefully exit. 

How do I go about explaining to the owner of the company that it's just not the right role for me? I've tried to make it work, considered resigning several times, but it's just gotten to that point where I feel I have no other option, and that this is never going to work for me as a role. 

Assuming he'll hold me to the three months notice (not doing so will more than likely lead to delays on the launches  - this is a really key time so my exit will not be taken well), how do I manage dealing with new parts of the project? I can't really be the decision maker if I'm about to leave, so what's the best way to approach this? 

How do I deal with it with my new team? I was thinking stating personal reasons to make it easier on them, but any other suggestions? 

I honestly feel completely trapped in this role, with three months notice, a new team and multiple businesses to get off the ground but I just don't think I can do it. There's also the major gap in my CV to consider, and I wish I'd just listened to my gut and gotten out sooner, but I'll just have to deal with it. I have enough savings to keep me going for a good while if a job isn't immediately forthcoming. 

Any help, advice or encouragement (either way!) very much appreciated."
jah8qo,1602607598,2020,UKJobs,satisfaction,"I’ve been working at a reputable firm for a couple of years now as a courier. The work is good. Decent pay for me and it’s quite simple with minimal supervision. Before COVID it was semi-individual work. We’d be in a van together but go out separate ways every 15 minutes or so. I work with some bossy people and I didn’t get the freedom I wanted. I felt like they would judge me or try and have their own idea about how to do things. Basically like a power game with most people. On the other hand some people are pretty chilled and I enjoy working with. But I’d say 50% of them are like that. This didn’t make the job hell or anything but I would have preferred being my own boss. 

Now since covid van sharing has gone I’ve been completely happy. I’ve had no work dread or anxiety about how the day will go. It’s almost been a pleasure to go to work and “be my own boss”. I love it. There is still some downsides such as areas not being covered so if you’re covering those people on those days you’re pretty swamped. But van sharing is imminently going to come back.

The problem is I’m probably at the best employers in my country for courier work. If I go somewhere else I lose a lot of conditions. I probably would get paid just as much. I’m not entirely sure on that. My job security and pension however and the work life balance may not be as good. I’m a bit stuck because I feel like I’ve gotten so used to working solo I really don’t want to go back but I have no option unless I look elsewhere.

What would you do?"
jayahy,1602672080,2020,UKJobs,dissatisfaction,"Hey guys,

Hope you're all well!

So I recently went for a job interview just over two weeks ago, nearly three. They said they would get back in touch in around two weeks, I followed up a few days ago and they said there is no update etc.

Just wondering how long do companies normally follow up? In my experience, I've had offers and also rejections from the same day to the next few days.

Next question would be, when would you follow up again if you have already followed up?

The role is a Data Analyst role.

&amp;#x200B;

UPDATE: Decided to E-mail for another update, got a response and was told ' Apologies for the delay in coming back to you' and then boom, ' unfortunately on this occasion we will not be taking your application any further'. "
jjfvs9,1603853321,2020,UKJobs,dissatisfaction,"I’ve applied to countless jobs here in the UK, and I keep getting rejection after rejection. I duffed up in undergrad and didn’t get any industrial experience (chemical engineering). I planned to rectify that with some research involving two companies as I got my masters (biomedical engineering), but COVID kind of ruined that. Plus I need sponsorship. It kind of feels like I’m fighting an impossible battle and I’d love some advice, as I really like it here and I’d like to stay."
jki7ew,1604003927,2020,UKJobs,dissatisfaction,"As the title says, I've got 7 years of experience in my craft (creative/video services). Some of that time was leading a team as a head of department. I actually also teach what I do at MA degree level for a London University, as a freelancer, which is pretty much single handedly how I've got by this year (that and savings). 

My last full-time position ended in September 2019, as the company was downsizing, so I was let go. No biggie, I thought, I went back to freelancing til Christmas and started the job hunt fresh in the new year. Well...I'm still looking. Since January. Covid hasn't helped, of course, but I've tried ***so*** much. 

I've had professional help on my CV, which I now tailor for each application, along with a brief cover letter. I've tried standing out from the crowd and being creative in some of my applications (within reason). I've tried reaching out on LinkedIn to recruitment/talent acquisition people at companies that post frequent positions in my field, but they just read the message and don't respond. Feedback is so scarcely given in recruitment now, which is utterly ridiculous, and from my experience they just don't know how to communicate at all. 

I have had the odd interview, though not many considering it's been 10 months. Some were good overall, such as the few now where I've come ""a close second"" - and even put on a Reserve List for the Civil Service - but some the others were awful where once I was genuinely told ""Yeah, you're not right for this position but you have a really interesting CV so I wanted to have a chat with you"".

I know I'm in a competitive industry, and that times are tough but I'm seeing so many positions going up that I'm applicable for, but getting nowhere. I did not expect to spend the entire of 2020 not in full-time employment, but it's certainly looking that way right now. And from the responses (or lack of) that I get most of the time, I genuinely can't fathom how slim my chances are at finding that one recruiter who will take me on again. 

I don't even know what I intend to achieve with this post. I think I'm just venting after getting another rejection, for a job where I ticked every box and didn't even get an interview for. 

This feeling is awful. 2020 is awful. 

If anyone in London is looking for an award winning creative with over 500 million views to their work, a positive can-do attitude (usually, let a man vent right now), with experience in entreprenurial endeavours and working with juniors in their self-development - then ***please*** let me know."
jnj6gx,1604438626,2020,UKJobs,dissatisfaction,"I graduated 2 years ago but didn't want to go straight into working and instead travelled for almost a year. I got back and landed a job at Tesco to keep me going but sadly coronavirus hit before I could start cracking on the job search. I'm grateful to have a job at least but I just want to get my career started now and have made applications but keep getting rejections and even had an interview where I got to the third stage but they never called me back or emailed me (a bit fucked imo)...

Anyways I know we are living in tough times but I just want to start my career now and keep progressing and working. I've been using sites like Indeed, Linkedin and Reed and have edited my CV  a few times. 

What more can I do to improve my chances or what should I do?"
jqlo9e,1604876518,2020,UKJobs,dissatisfaction,"* Is there anything on my CV/Cover letter that raises questions with you with regards to my suitability for the role?
* What was it about my CV/cover letter that made you consider me for the role?

I have an interview tomorrow and I am always cautious about the sort of questions at the end. This is after a really bad experience I had where I fucked up and worded a question so badly that the interviewer saw it as a dumb question to ask and called me out on it, which I think completely ruined my chances.

Am I able to ask an interviewer the above questions or will I raise an eyebrow? I am curious about the answers as I am one of only 8 shortlisted candidates for a job that was advertised for weeks and so undoubtedly has had 100s of applicants, but they are more interrogative and challenging for the interviewer so I don't know if they are appropriate questions to ask."
jrl9o7,1605016318,2020,UKJobs,dissatisfaction,"Hi all,

As above, I graduated with a First Class Honours law degree a few years ago from a top university. While at university, I doubted whether the legal profession really was for me after speaking to academic advisers, career support staff and others in the field. Nonetheless, I persevered through the degree and gave it my best shot as I wanted to maximize the opportunities available to me upon graduation.

After graduating, I started volunteering at a law firm anyway as I thought I should give it a go and see how it was for myself. I ended up impressing the firm as a volunteer and was offered a caseworker role which I ended up taking. I went on to work as a caseworker for about 3 years before leaving due to burnout, waning interest and a desire for a different challenge.

I am now seeking a new career path but find myself completely lost in terms of what path to actually pursue. 

I am sure that I do not want to fully qualify as a solicitor due to the nature of the work and the expenses involved. Having my own cases and working alongside fully qualified solicitors made me realise how repetitive and tedious the work was. Sitting at the desk reading through documents for hours and then drafting representations and going back and forth with the other side got really old really fast. I also found it difficult to stop the work creeping into my personal life due to poor work-life balance, which is something I highly prioritize.

The reasons outlined above, along with various others, confirmed that qualifying as a solicitor was not for me. Qualifying as a solicitor is something I believe you should be very sure about as it is very expensive if you don't secure a training contract with the LPC being funded by the firm. There is also no guarantee of securing a TC even if you self-fund the LPC. I therefore see it as a waste of time and money to qualify in something I know isn't really for me.

I would therefore very much appreciate some advice from people on the board with regards to alternative career paths for someone with my background. My main priority is a good work-life balance. I would also love to be able to work abroad for different periods. Money isn't really that important to me although I would ideally like to get into something that has some potential. I have also done some online career type tests and it seems my interests are geared more towards sports science, health and fitness, technology and defence and security.

I can add a lot more to this post but it's already long enough! Would appreciate any input at all :)

Cliffs:

- graduated with a First in law but doubted whether legal profession was a good fit

- worked in the field for a few years and this doubt was confirmed

- OP now seeking a career path with good work-life balance and international opportunities

- interests are mainly sports science, health and fitness, technology and defence and security"
js8lpt,1605103221,2020,UKJobs,dissatisfaction,"I graduated slightly over a year ago now and am currently in the process of applying to medical school. While my academics are good enough to guarantee 4 interviews there is of course a very real chance of getting 4 rejections post interview.

&amp;#x200B;

I'm currently working in a care home and hate it (minimum wage, ridiculous intensity, zero respect associated with it) and am getting increasingly concerned that working there might change from a choice to my only option if I'm there much longer. Offers will come out around feb at which point I'll start applying to generic graduate roles if I don't get an offer.

&amp;#x200B;

I've never had a graduate job before but when I applied last year I got interviews at the only places I applied to and invited to reschedule when I no showed, and spammed a few times by random companies on linkedin. Is it going to be a similar experience if I apply to jobs now explaining the minimum wage work was to help with med school applications?

Edit: My degree was in physics"
jys05z,1606031613,2020,UKJobs,dissatisfaction,"Good morning,

I'm currently applying for job after job and it really is nothing but rejection after rejection: I've applied for over 70 jobs in the past month. I've recently finished a Master's degree and have 5 years hospitality experience, yet I can't seem to land any basic / entry level position. As I'm currently based in Cornwall, I'm dying to move away yet it's seeming impossible. It's getting to the point where upon opening a job application I literally see no point whatsoever as rejection is inevitable. So, how do people stay positive and not let it effect their mental health?

Cheers all"
k1mmq4,1606422171,2020,UKJobs,satisfaction,"I’ve got a chance at a job of a senior consultant (London UK) at Deloitte as they are looking for someone in my field. I have some key experience that they are looking for, my current salary is definitely lower than what they will probably offer if I was successful. Although that is important I have worked in some toxic environments before and am not keen to go through that again at all!  My current job may not be the highest paid job but I know it’s work life balance is probably unmatched. 

The help I need is for people to tell me of their experience and what salary to expect. I have already read a lot  of reviews on Glassdoor and Indeed but I want opinions of people on here please.

Is Deloittes worth it? Does it actually open doors for the next move? Am I going to be worked like a donkey?"
k6al3k,1607043648,2020,UKJobs,dissatisfaction,"Hi all, 

I'm applying for jobs at the moment and hoping to relocate (for personal reasons), so my job search is focusing on jobs in this other area of the country. I've also applied for a couple of local positions.

These jobs are the sort of jobs which I could do blindfolded. They are basic, just above the bottom of the ladder jobs largely. However, I keep getting rejections from the jobs in the hopeful relocation area. I have managed to get a couple of interviews with more local jobs. Someone who used to be a senior figure in a major company suggested that I wasn't getting interviews in the place I hoped to relocate to because I wasn't using a local address (my own address being half way in the wrong direction at the other end of the country). She suggested using a local's address. I asked a friend and they were happy for me to do this with their address.

Firstly, is this acceptable. Secondly, will it make a difference. Thirdly, how will I then explain that I will need time to relocate? 

Many thanks :)"
kg5y5d,1608375971,2020,UKJobs,dissatisfaction,"I had accepted a new job offer with a pay rise of 19/20% to 57k and am in the process of background checks being performed before the contract is signed

In the last week my manager (who I get on very well with) has, out of the blue, given me a 'promotion' - same job really, just with a 'senior' title and a pay increase. His reasoning; you do the senior role anyway and making it official gives us more room in terms of compensation. The killer here is, the salary increase is identical, to 57k. So without really knowing it, he's matched this new job offer.

Let me say I was not moving for money. I know the above shows I have clearly been underpaid, I have to give my manager props for doing this out of nowhere surely, I mean we never really spoke about money (it wasnt my top concern). I was moving for non monetary things such as cultural problems with in the workplace. Its important to note the same 'senior' job title is what I was being offered at the new place.

Only other difference now would be things like bonus (10% current Vs 8% new) and pension (matched current vs non-contributory &amp; matched new).

I'm at a bit of a loss now. I think that the time has come to move regardless of money, the problem's are too deep in this current place, but I was after some suggestions about how to use this promotion to my advantage. ....

Is accepting it and going back to the new place asking for more gonna irritate a lot of people where I'll end up burning bridges do you think?"
kggflq,1608412383,2020,UKJobs,dissatisfaction,"I hope this is the right sub for this kind of question!!!

So basically I got my first grad job 2 weeks ago and have been working ever since.  I also work at a large department store, I have been working there for 16 months on weekenda, and I handed in my notice last week.  Now this week I overheard a company meeting at my grad job in which the managers were discussing how if targets were not reached in march redundancies would have to be made.  I was not  overly worried however with the tier 4 I am very scared, especially as I could have been sitting back receiving money from my retail job.  If I call HR and ask to retract my resignation can this happen?  I want to say that the lockdown makes my new position particularly precarious.  

Any thoughts are welcome"
kh5j88,1608508928,2020,UKJobs,dissatisfaction,"After being made redundant at the end of November 2019, I've had 1 major surgery, 2 small follow up surgeries. Everything else that's gone on 2020, Rejection after rejection of jobs I'm more than qualified for,  being told I'm over qualified. I was employed for 25 years in agriculture and I had no idea how terrible the job market was, I wish you all luck, tomorrow i start a new adventure fingers crossed it works."
ek0k32,1578163516,2020,unitedkingdom,dissatisfaction,"Right now we're in an unprecedented drought and the entire country is a tinderbox. Our fire service - The Rural Fire Service (or RFS) knew this Summer would be bad - really bad - and tried several times to meet with our Prime Minister to warm him. This fell on deaf ears.

We're currently one month through the worst part of the fire season and over 150 fires are burning, NSW has burned 10% of it's bush, over half a *billion* (with a 'b') animals have died (this doesn't include frogs or insects or anything like that), 17 people have died with about 20 more being unaccounted for and 1500 homes have been lost.

For reference, these fires, which have been burning for only 1/3 of the bush fire season, has burned over 6 million hectares. This is what that looks like superimposed over England, Europe and Singapore: [News article](https://www.9news.com.au/national/australian-bushfires-size-of-the-fires-compared-to-london-singapore-europe/f8ad9361-7109-4e2b-b82e-efbdfb65c288). 

Not only are the fires terrible, but because of the fires, we've had some of the worst air quality *in the world* several times, with hazardous particle levels reaching several times higher than what is considered extremely hazardous to even normal healthy people.

Of course, our Prime Minister is doing nothing (until yesterday, where now he's doing to at least something). He's a joke. I'm sure you've seen the videos of him forcing himself into handshakes with people who don't want to shake his hand. He's quite extremely religious and for a month of our country burning he's had nothing but thoughts and prayers and fucking off for a holiday in Hawaii.

Anyway, we need help. We're 1/3 of the way through the worst of this fire season and it's already this bad. Fires likely won't completely stop until June but hopefully they will calm down a little by March.

If you want to donate to our fire service (which is volunteer-based and they need a LOT of help) [here is their donations page](https://www.rfs.nsw.gov.au/about-us/sponsorship).

The other best thing you can do is donate to the [Red Cross Disaster Relief and Recovery](https://www.redcross.org.au/campaigns/disaster-relief-and-recovery-donate) who are helping all the people who have lost homes.

Don't feel obligated to donate, awareness is the most important thing. This is becoming a National Disaster and our Government is all but ignoring it. If you can't donate, awareness is the next best thing - make sure people around you know how bad this is and what they can do to help. 

Thank you for your time.

Edit: Mods i'm sorry if this doesn't really belong here, but this is a serious situation and a lot of people really need help.

Edit2: If you want to donate for people helping the hurt, dying, or displaced animals, you can donate to WIRES (Wildlife Information, Rescue, and Education Service). [Here is their page on the bushfires and what you can do to help](https://www.wires.org.au/donate/emergency-fund)"
epsk56,1579221487,2020,unitedkingdom,dissatisfaction,"Looking for a little advice regarding employment rights. Sorry for the long story.

I've been working for 'employer' for about 9 moths through an agency. The initial contract was for 12 weeks, extended twice and due up again in February, when my post was to be made permanent and it was looking fairly certain it would be mine, as I have been an integral part of an understaffed team. 

This job is the first I have had since receiving from my last depressive episode. Not only were both agency and the employer aware of this on recruitment, 3 weeks ago I approached one of the service managers - my previous line manager, and the only one I had any direct profession involvement with - as I was really noticing the effect of my SADs returning. I had been in late a few times because it sometimes feels impossible to get out of bed, and it was likely I would miss some days due to this. The manager was supportive and understanding, and no concerns (nor at anytime prior) were raised about lateness or absence record.

Since then, on two occasions I have been absent without contracting the employer, in part related to the above. On the first occasion, I slept til noon and woke up to knock at the door and a family emergency; my line manager (who is new to the role and has little direct involvement with my team at present) gave me an informal 'what happened?' chat in the corridor, and a reminder to call in in future. 

The second, last week, I sent a message saying I would be late (as I struggled to get out of bed), but fell back into slumberland. I awoke in the afternoon to a call from the agency asking where I was as the line manager was concerned. I told her about my condition flaring up and that the service manager was aware, but I would speak to the line manager directly when I got into work. I was then informed that my context was being terminated, effective immediately - the justification being the employer's absence policy for temps - three strikes and out. The agency expressed surprise and regret, they were unaware of any issues, but there was nothing they could do as this was the employer's policy.

I have been working in the same role for more than 12 months, so legally I should have the same rights as my colleagues. Surely this can't be a fair dismissal? 

I made them aware of a health condition which might cause the exact issue which occured - they didn't even ask for an explaination. I have never had any disciplinary action, only the briefest of informal chats. My work and effort were to a high standard, and until the dark of winter started kicking my ass, I have been a very reliable employee. I have all of this in writing from the aforementioned service manager, who claims they weren't involved in the decision, but he has to stand by the judgement reached by my line manager another of the service managers.

I was not even given a period of notice - surely the above can in no way construed as 'gross misconduct'?

If my employment rights have been breached, who has actually done so? The employer or the agency?

The whole situation is absurd, and I can't actually understand it. I was a pivotal member of the team, and the other long-term 'temp' there - who was already disgruntled due to staffing levels - resigned in protest to the absurd workload she would be under. They've not only screwed me over, but they've crippled that branch of their service.

EDIT: I have since been in contact with ACAS, who have confirmed that I am not protected from unfair dismissal, but should have been protected from the contract being terminated on grounds covered by the Equalities Act, and have offered to assist me with Early Conciliation."
et8d7d,1579860140,2020,unitedkingdom,dissatisfaction,"Hey guys. I'm 25, from Sweden, and I'm planning to move to UK to study computer science. I've moved to Sweden from Poland when I was 17, quit school and started working here. 

It would take me a year and a half to gather grades needed to meet the entry requirements of a regular, 4 year undergraduate course and only half a year for a 5 year course with the first year being foundation year. **The Swedish student loan pays out 264 pounds a week.** For the record I don't smoke, drink nor party. I enjoy saving money and cheaping out on things.

**The latter option: Swansea**

✔️ I'd like to move out ASAP due to substantial reasons I won't specify. 

✔️ Ability to get possibly the best preparation for the course (math, algebra, etc. already in English)

✔️ The CS course (Swansea University) isn't too bad (ranks 20th in the UK).

➖ Not taking the best ranking courses

➖ Living more expensive than Glasgow?



**The former: Glasgow or Edinburgh**

✔️  Courses rank super high

 ✔️ Heard good things about Glasgow and Edinburgh

 ✔️ Since I'm a bit rusty in terms of academic readiness I'd have time to sharpen up focus-wise and explore the CS field a bit.


➖ Entry requirements studied in Swedish so might have to relearn the basics, doubling the work during first half of the course.

➖ Spending another 1,5 year in Sweden.


I'd like to know if there are any good courses in good universities with Foundation year other than the one at Swansea, or any courses in both nice and affordable towns and at decent unis.

I'd like to know whether stressing about having to study in English without studying foundation year is unreasonable.

I'd like to know more about living in Edinburgh, Glasgow, Swansea.

And finally I'd like to know your experiences or knowledge of these towns, universities and similar situations to mine. What to expect?"
etghyg,1579899468,2020,unitedkingdom,dissatisfaction,"Got paid today to see my money was slashed in half. After phoning them up they said it was because according to  HM revenue and customs ive been working for a company. Which isnt true. my last job was a xmas job for tescos back in December 2018. I have autism so its not so easy finding a job fit for me. 

&amp;#x200B;

I did receive one payment of 39 pounds for attending a job induction, but i never took the job up as the employment agency said it was a warehouse job and it turned out to be a job making food on a line. I never clocked a single hour with that company. 

I also applied for a Royal Mail xmas job but they gave away all the jobs before most of us turned up for the interviews, so i never worked for them. 

&amp;#x200B;

However i have recieved texts from companies called paylinks ,moolah, and yourpayments . Which was confusing because they talked about my wages for my work. But what work? ive done 0 shifts anywhere. I think it was paylinks who actually phoned me and it was an indian callcentre who seemed to be working for the pay department for the 39 pounds i was owed for attending the induction. I gave them my details and informed them I had done 0 shifts, of which they were not informed by the company. 

&amp;#x200B;

I recieved 2 more calls for the pay department for the job i took an induction for. Again they were not aware i had done no shifts. Again i informed them and they said they would sort it.

&amp;#x200B;

Now my December UC payment was docked around 34 pounds or there abouts as I had been paid for the job induction. However the payment from that is not the same company as the company claiming I am currently working for them.

&amp;#x200B;

This company is called  CHAMBRIAND LTD and is hundreds of miles from me. It has a director and thats it. There was one other member of staff who when clicking on his name seems to have joined and quit dozens of companies through out last year. Ive never heard of this company. There  is no website or phone number. I didnt even know how to spell it until i was shown the company name at the jobcentre, as i dont have access to those informations.

&amp;#x200B;

So im in two minds. Either this job i had the induction for has failed massively and thinks im working for them (they have a really bad reputation. the manager said that doing health and safety during the induction was fucking bullshit and a waste of fucking time. he said the same thing for the food preparation part) . 

Or my personal details have been stolen and there is a person going around using my details. Which reminded me that the royal mail did a police check on me before the interview and the birth certificate they brought back had the incorrect dates on it.

#"
ew9gvg,1580407250,2020,unitedkingdom,dissatisfaction,"Is this the type of “justice” being demanded by brits over the Sacoolas incident? 



McKinnon was accused of hacking into ninety-seven United States military and NASA computers over a thirteen-month period between February 2001 and March 2002, at the house of his girlfriend's aunt in London,[3] using the name 'Solo'.[2]

US authorities stated he deleted critical files from operating systems, which shut down the United States Army's Military District of Washington network of two thousand computers for twenty-four hours. McKinnon also posted a notice on the military's website: ""Your security is crap"". After the September 11 attacks in 2001, he deleted weapons logs at the Earle Naval Weapons Station, rendering its network of three hundred computers inoperable and paralyzing munitions supply deliveries for the US Navy's Atlantic Fleet. McKinnon was also accused of copying data, account files and passwords onto his own computer. US authorities stated that the cost of tracking and correcting the problems he caused was over seven hundred thousand dollars.

US authorities stated he deleted critical files from operating systems, which shut down the United States Army's Military District of Washington network of two thousand computers for twenty-four hours. McKinnon also posted a notice on the military's website: ""Your security is crap"". After the September 11 attacks in 2001, he deleted weapons logs at the Earle Naval Weapons Station, rendering its network of three hundred computers inoperable and paralyzing munitions supply deliveries for the US Navy's Atlantic Fleet. McKinnon was also accused of copying data, account files and passwords onto his own computer. US authorities stated that the cost of tracking and correcting the problems he caused was over seven hundred thousand dollars.[4]

McKinnon was first interviewed by police on 19 March 2002. After this interview, his computer was seized by the authorities.[7] He was interviewed again on 8 August 2002, this time by the UK National Hi-Tech Crime Unit (NHTCU).[7][8]

In November 2002, McKinnon was indicted by a federal grand jury in the Eastern District of Virginia.[9] The indictment contained seven counts of computer-related crime, each of which carried a potential ten-year jail sentence.[7]

McKinnon remained at liberty without restriction for three years until June 2005 

Representing McKinnon in the House of Lords on 16 June 2008, barristers told the Law Lords that the prosecutors had said McKinnon faced a possible 8–10 years in jail per count if he contested the charges (there were seven counts) without any chance of repatriation, but only 37–46 months if he co-operated and went voluntarily to the United States.  McKinnon also stated that he had been told that he could serve part of his sentence in the UK if he co-operated. 

McKinnon's barrister said that the Law Lords could deny extradition if there was an abuse of process: ""If the United States wish to use the processes of English courts to secure the extradition of an alleged offender, then they must play by our rules.""[14]

The House of Lords rejected this argument, with the lead judgement (of Lord Brown of Eaton-under-Heywood) holding that ""the difference between the American system and our own is not perhaps so stark as [McKinnon]'s argument suggests"" and that extradition proceedings should ""accommodate legal and cultural differences between the legal systems of the many foreign friendly states with whom the UK has entered into reciprocal extradition arrangements"".[15]

McKinnon appealed to the European Court of Human Rights,[16] which briefly imposed a bar on the extradition,[17] but the request for an appeal was rejected.

On 23 January 2009, McKinnon won permission from the High Court to apply for a judicial review against his extradition.[18] On 31 July 2009, the High Court announced that McKinnon had lost this appeal.[19][20] McKinnon's legal team, solicitor Karen Todner and barrister Ben Cooper, applied for a judicial review into the Home Secretary's rejection of medical evidence, which stated that, when he could easily be tried in the UK, it was unnecessary, cruel and inhumane to inflict the further stress of removing him from his homeland, his family and his medical support network.

On 16 October 2012, then-Home Secretary Theresa May announced to the House of Commons that the extradition had been blocked..."
exbjjg,1580586650,2020,unitedkingdom,dissatisfaction,"I'm not talking about the notice period, since I know I have to give that, this is kind of just a ""is it a good or bad idea to let him know?"".  
I'm not a big fan of him, partially because I don't like landlords generally and partially because he's been extra parasitic during our tenancy, so this is not about letting him know in advance to try be fair to him and minimise the time his property is empty. He's been pretty unreasonable these past two years, promising repairs he never conducts and ignoring us, so I really don't care if he loses out on income. It does mean though that I trust him as far as I can throw him, and I don't know whether giving notice would mean he immediately turns around and decides to give us notice to vacate, even though my flatmate hasn't lined a place up yet.  
I am extremely busy during the week so this is more I would like as much notice as possible to carry out cleaning he expects so he doesn't keep most or all of the deposit to pay for cleaning services at an absurd markup.  

So should I? Has anyone else gone down this road before and can weigh in?"
f0r8zy,1581166669,2020,unitedkingdom,dissatisfaction," 

Setting them unreasonable targets, creating a work environment of constant insecurity and generally dehumanising them.

This is actually what the average person has been put through for 12 years (really since the 2008 crash).

Yes Cummings is choosing unpopular targets (The BBC whatever they say are not beloved in the way the NHS especially after Jimmy Saville, they are seen as out of touch) but so did the politics class do (targeting the disabled etc).

All that is happening under Cummings (a deeply unpleasant person by all accounts) is that the political class are having reality knocking at the door.

I think Cummings is vile but the BBC along with others in the privileged political sphere have some suffering to do, so they can learn empathy towards the public they have treated with contempt for too long."
f1nh1v,1581323328,2020,unitedkingdom,dissatisfaction,"Hi guys and girls. I'm a fellow Serbian and am traveling for Poland today where I should meet with a doctor that is in UK right now. His flight got rescheduled, will he be able to travel today? I heard that the weather is really bad."
f3qwmo,1581679741,2020,unitedkingdom,dissatisfaction,"Not him resigning per se, but I've seen people commenting that it undermines the independence of the Treasury. Why does this matter so much if the treasury is part of the same government as Number 10? Is it a convention or part of the checks and balances of government? I see why it's a power grab by Cummings specifically but I fail to see it's importance generally as I would have assumed the treasury would have done whatever the PM wanted to do regardless."
f3wh6u,1581705242,2020,unitedkingdom,dissatisfaction,"The Reshulfe in the cabinet and the resignation of Sajid Javid as Chancellor i think that this is now a threat to democracy in the UK.  The new cabinet are now people that are loyal Boris Johnson and although not even an MP or working for Government Dominic Cummings is effectively running the country with Johnson. This seems to be that now the running of the country is down to only a few people and we could see the end or marginilisation of democracy in the UK.

TLDR: Keep Democracy not Boris!"
f5p4a9,1582017362,2020,unitedkingdom,dissatisfaction,"I’ve been job searching for a few weeks and have ended up stumbling and applying to so called “grad schemes” “marketing jobs” “project “management jobs” “business development executive”

Guess what they were all pyramid schemes, involving door to door cold calling.

They specifically target graduates and young people who are unaware or don’t know any better due to their lack of experience.

Each of these companies in the uk is interconnected and often change their name and operate under different names.

Examples ; Kyanite evolution, Inceptions, uproar vision, Bounce, non pareil associates, de vere group, glow 360.

They post fake job descriptions and fake job titles.

They lie on their website and claim they have offices and buildings all over the world in various cities.

They pay people to write (or do it themselves) fake reviews on all job websites to manipulate folks.

Their behaviour is unprofessional, misleading folks, forcing people into cars on day one to start knocking on doors. 

They pay no regular salary, it’s only commission based (which could be illegal).

They lie constantly. You can just smell it when they send you an email claiming that you don’t have to do anything and just turn up, signalling their desperation.

I’ve been to several interviews and walked out when I realised it was a sham.


How do we stop this? Perhaps the government should introduce legislation? Maybe we can make a petition or something.

Many companies often falsify job titles to entice people.

Don’t tell me there is nothing wrong with this behaviour.

Morals are determined by the majority of humans, if we deem this to be unacceptable and illegal behaviour than it will be so. We just need to raise awareness to prevent people in the future being conned, overworked and lied to."
fbjd7t,1583011575,2020,unitedkingdom,dissatisfaction,"So I'm on universal credit, a joint claim with my partner, and we claim for rent and living expenses. I work part time and make up around 400 to 500 of it a month, I'd work more but where I work offers no overtime or anything like that, they've even talked about reducing a lot of our hours :( 

Basically I want advice on if I CAN quit my job? It's a shitty job right now. It makes me anxious to go in, depressed, and It just doesn't feel worth it. I'm planning on going back to college in September to actually get a degree in what I genuinely want to do, which is the opposite of what I'm doing now. 

Basically, I want to quit my miserable dead end job, and focus on college/looking for more viable opportunities but I'm worried that doing so will get me sanctioned. At my last review at my job my boss implied that I was underperforming, so I'm pretty sure he's gunna lay me off anyway. Help :( TYIA"
fmy5gb,1584874596,2020,unitedkingdom,dissatisfaction,"When this disaster is dying down a recovery will have to begin in the economy.  This event is going to shrink the UK economy by 15% at a minimum.  That's bigger than the Wall Street Crash of 1929.     When the 2008 Financial crisis happened the Tories immediately shielded the rich and shifted the responsibility of picking up the mess to the working classes,   VAT was put up,  hundreds of Libraries shut,  schools defunded, nurses and teachers wages cut.  They cut social worker numbers and increased the workloads of the ones left with a job.   They introduced millions of zero hours contract jobs.  They made the working class pay for the losses of 2008.  

The rich recovered very quickly (In many cases within a few months) and came through basically unscathed while the poor suffered for a decade.

Now we have corona and those zero hours contract workers are now delivering us food in the supermarket vans (including people in self isolation).  NHS nurses are at the front line trying to reduce the number of dead.  Social workers are still protecting kids from harm.  Teachers are still at school looking after the children of key workers.    The very group of people that the Tories made pay for the 2008 crash are now the undeniable heroes of this country right now,  while the rich have f\*\*\*ed off to the Highlands to self Isolate for three months  (they are going crazy about that in Scotland because some of them  are bringing Corona)

So when this is all over,  the Tories will immediately be finding ways to protect the rich and shift the pain onto the poor.  And we must never, ever let that happen.  They must be fought so viciously this time that they end up issuing UBI or something.  We must never, ever let them do to us again what they did after 2008.

Also I saw another post on the front page today naming a wall of shame of companies that exploited this crisis or acted ruthlessly towards their stricken workers.  Those companies (and what they did)  should be remembered for eternity - just like the ones who assisted the Nazis in WWII.

I'll just say one last thing about Richard Branson.  A man who owns an actual spaceship company.  A man with a personal wealth of £5 billion pounds. This man was on TV two days ago bitching and whining because the government wasn't giving him any free money.  

The Corona Virus must shift the balance of power in this economy forever.  And we must have the backbone to make sure that happens"
g8cmjz,1587899582,2020,unitedkingdom,dissatisfaction,"This week, Liz Truss announced that despite rumours several weeks ago suggesting that reforms to the 2004 Gender Recognition Act for England and Wales were to be shelved indefinitely because of opposition from the Conservative backbench, the UK Government did intend to proceed with reforms. In a statement, she said the following:

&gt;The final point I’d like to make, Madam Chairman, in this initial part, is on the issue of the Gender Recognition Act. We’ve been doing a lot of work internally, making sure we’re in a position to respond to that consultation and launch what we propose to do on the future of the Gender Recognition Act. We will be in a position to do that by the summer, and there are three very important principles that I will be putting place.

&gt;First of all, the protection of single-sex spaces, which is extremely important.

&gt;Secondly making sure that transgender adults are free to live their lives as they wish without fear of persecution, whilst maintaining the proper checks and balances in the system.

&gt;Finally, which is not a direct issue concerning the Gender Recognition Act, but is relevant, making sure that the under 18s are protected from decisions that they could make, that are irreversible in the future. I believe strongly that adults should have the freedom to lead their lives as they see fit, but I think it’s very important that while people are still developing their decision-making capabilities that we protect them from making those irreversible decisions. Of course some of these policies have been delayed, Chair, by the specific issues around Covid but I can assure you that alongside the Covid work, our officials continue to do those things to make them happen.

This post will not touch on the third paragraph and what this could mean for transgender youth. The purpose of this post is to plainly discuss an often misunderstood area that has commonly caused controversy; the concerns of negative impacts on women's rights. While it is likely that some groups or individuals deliberately spread misinformation about the reforms, it is even more likely that most cases of opposition arise from a lack of knowledge on the subject matter.  
This is perfectly understandable of course, after all, who has the time to sit down and read the 300 odd pages of the Scottish consultation, the EaW consultation and supporting materials? It’s unreasonable to expect someone to do so, because who has the free time to read and research every piece of legislation that passes through our government?  
I do encourage anyone reading this, if they have the time, to read the legislation for themselves in order to verify what is detailed in this post, and references are provided to aid verification.

---

Distinction must be made between the Scottish reforms, and the reforms for England and Wales (henceforth abbreviated to EaW), since this is a devolved issue being legislated on. The consultation for EaW put forth general documents about the consultation, as did the Scottish reforms, with the addition of draft legislation.  
We cannot critique what we do not have access to, however the consultation published on the 3rd of July 2018 seemed to broadly align in intent and scope as that submitted by the Scottish government.  
Consequently, when discussing the proposed reforms, while there could be some minor areas that the EaW legislation will differ, we must limit specific discussion to the Scottish consultation. We cannot fairly criticise what we only have in the abstract.  

The criticisms commonly levelled at the reforms asserted that they would be a step back on rights for protected groups, principally women and girls. They were heavy handed, poorly conceived and would harbour unintended consequences for the rights of other groups, such as: 

* Women’s sports would be a thing of the past. 
* A male prisoner with a long history of sexual violence against women could merely declare himself a woman and swiftly, with no questions asked, be transferred to a woman’s prison and have a captive audience for sexual harassment and assault. Similar situations would arise in spaces like domestic violence refuges or women’s bathrooms, with those overseeing said facilities unable to do anything to stop it.  
* Women would decide to forego necessary cervical exams, as they no longer would be able to request that it not be conducted by a transgender woman.

It should be noted that in the early stages of the Scottish consultation, and the EaW consultation, a lack of legislation meant that these concerns were arguably reasonable to have. One may disagree with such reasons and believe that the rationale underpinning the concerns is wrong, however if someone harboured such concerns it was a logically consistent belief.   
With the published draft legislation however, not one of them or other similar concerns are relevant to the proposed reforms. To understand why, we must briefly discuss the context and desired purpose of the reforms.

A Gender Recognition Certificate is what allows a transgender individual to change their legal gender, and was introduced as part of the 2004 Gender Recognition Act. It is obtained through a lengthy process whereby an applicant submits evidence to a panel which will decide whether or not to grant the applicant a GRC, and requires:

* A medical report documenting an applicant’s diagnosis of Gender Dysphoria.
* A medical report documenting evidence of medical treatment received.
* Proof of at least two years Real Life Experience as the trans person’s identified gender.
* A statutory declaration that the individual intends to live as their gender until death.
* If married or in a Civil Partnership, either a statutory declaration that the partner of the trans person gives their consent, or evidence of divorce.
* A £140 fee.

If successful, a trans person receives their GRC, their identified gender is now their legal gender, and they are able to update their birth certificate.
While this process is lengthy and invasive, fortunately for trans people, obtaining a GRC has little impact on most of their transition. Without one, a transgender person is still able to do many things such as:

* Change their legal name.
* Update their driving license.
* Update their passport.
* Arguably most importantly, obtain legal protection for the status of Gender Reassignment.  

This legal status of Gender Reassignment is currently granted under the 2010 Equality Act, and there are two key points to note here.

1. GR is what means trans people are protected as their gender under law, and are what mean that a trans person can use their chosen bathroom, or are protected from discrimination for being transgender. 
2. Under the 2010 EA, the rights of protected groups, including those with a legal status of GR, can be overruled when it is proportionate and in the pursuit of a legitimate aim. (Schedule 3, Paragraph 28, 2010 EA)

The first is of note, because for most circumstances, GR is already granted under the so-called “Self ID” system. Any individual who intends to or has undergone the process of reassignment has legal protection, with no requirement for a medical process or a GRC, and a trans person does not need a GRC just to have legal protection or be able to use their desired bathroom.   
In essence, the question to ask if considering whether the reforms would affect a given service or space is:

&gt;If someone wanted to access this, would they need to produce their birth certificate? 

If no, then access to this service would be unaffected by the reforms, and it is for this reason that it is incorrect to state that the reforms in question would jeopardise services such as women's shelters, since no shelter will consider it a reasonable requirement for entry to ask abused women that have had to leave their home to possess and produce their birth certificate.  
The second is the more important point. The 2010 EA allows an organisation or group to exclude otherwise protected individuals, when in pursuit of a legitimate goal. This is not limited to transgender individuals, with both the consultation documents of Scotland and EaW citing the example of a domestic abuse shelter being able to deny entry to an abusive lesbian/bisexual woman whose partner is seeking refuge with their service. 

The 2010 EA provides numerous exceptions that are considered reasonable and proportionate pertaining to trans people, such as:

* Women’s sports, should the organisation governing the event feel it is necessary to achieve a fair competition.
* Domestic refuges for women, should those running the shelter believe acceptance of trans women compromises the aims of the shelter.
* Medical services dispensed specifically by a cisgender woman, should such a request from a patient be justifiable.

Whether or not an organisation enforces these exceptions is their prerogative, the 2010 EA only offers organisations the legal right to do so.   
The consultation documents go to great lengths to address each of the various concerns about the exceptions outlined. In the EaW consultation document this is spread across several dozen paragraphs and is tricky to concisely refer to, however of note are:

* Paragraphs 10 of the Executive Summary and 110 of the general document which outline the government's intent to preserve 2010 EA exceptions. 
* Paragraphs 113-117 of the general document referring to single sex services.
* Annex C which details example exceptions acceptable under the 2010 EA. 

Thankfully, the Scottish consultation kept this largely within section 5, and it should be noted that for the Scottish reforms to be able to legally amend or alter these exceptions, legislative consent would need to be granted by Westminster since the 2010 EA is not a devolved issue.

Finally, prisons should also be discussed as this is an area that is commonly cited as an area for concern.  
It is again, currently legal under the 2010 EA for a transgender prisoner to be held in a prison that matches their sex and this is unlikely to change. Whether or not a prisoner goes to a particular prison is not dependent on if they possess a GRC or not, with some transgender prisoners housed in the prison of their identified gender who do not have legal recognition, and some transgender prisoners housed in the prison of their sex despite having legal recognition of their gender, see [Section 2](https://assets.publishing.service.gov.uk/government/uploads/system/uploads/attachment_data/file/848759/hmpps-offender-equalities-2018-19.pdf).  
A GRC does not mean a prisoner will be transferred to a given prison, and consequently, under a reformed system where an individual could legally declare their gender as proposed in the Scottish legislation, this will not change either. This was confirmed by the Scottish Justice Secretary Humza Yousaf. If anyone has a better article than [this](https://www.thetimes.co.uk/edition/scotland/trans-inmates-won-t-get-jail-choice-8l8kmnnhs) on the matter, please let me know. 

---

I hope that this has been informative. Links to the consultation documents can be found below. As there are more pressing matters, it is unlikely that these reforms will return to Holyrood any time soon, but when they do I hope that this post has outlined why they should be supported and that they do not represent a threat to women's rights.  


EaW: https://www.gov.uk/government/consultations/reform-of-the-gender-recognition-act-2004

Scotland:
https://www.gov.scot/publications/gender-recognition-reform-scotland-bill-consultation-scottish-government/"
gpuhp7,1590344294,2020,unitedkingdom,dissatisfaction,"It is in the national interest for Dominic Cummings to remain


“ It is hardly a revelation that Dominic Cummings has many enemies who believe he should be sacked for his alleged infringement of the lockdown rules. 

“He has become a lightning conductor for the anger of a good slice of progressive Britain. 

“ They want revenge, above all for Brexit.

“ But the Cummings question raises another interesting question about what, if any, special privileges should be enjoyed by the people running the country on our behalf. 

“ There is a kind of hyper-democratic rancour abroad that refuses to contemplate that our rulers, at least while they are ruling, deserve some special treatment.

“ I do not know Mr Cummings personally (and voted Remain in the referendum). 

“ Even his fans concede that he can be erratic, and it is reassuring to see, in several decisions that the Government made before the crisis, that his influence is not as great as his enemies imagine. 

“ But he is obviously highly capable, science and data literate, and understands many of the failings of the government machine that have been revealed by the crisis (see his 2014 IPPR lecture, “The Hollow Men”). I think it is in the national interest that he stays.   

“ And his case surely sits in a defensible grey zone. Both he and his wife were ill with the virus, placing their child in a vulnerable position. 

“ Short of handing the child to social services, it is hard to see what course of action they could have taken but to fall back on family in Durham. 

“ And they were, according to reports, fortunate to have the space in Durham to isolate away from Mr Cummings’s parents in a separate cottage, safe in the knowledge they could now rely on family help. 

“ They applied human common sense, and their case is in a completely different category to Professor Neil Ferguson’s romantic liaison, or Catherine Calderwood, the former Scottish chief medical officer, who decided to visit her second home. 

“ Both of THOSE breaches of lockdown were completely unforced.

“ In general, of course, the law should apply equally to all, and members of the ruling elite should avoid saying one thing and doing another. 

“ But there is also widespread agreement that our rulers, and by extension their closest advisers, are entitled to some special treatment. 

“They are, after all, special people, even in democracies – perhaps especially in democracies – and have a very unusual and demanding job, which we want them to perform to the best of their abilities. Prince Charles for example travelled during the lockdown to Balmoral 450 miles away as did his wife

“Boris Johnson clearly did not get normal treatment at St Thomas’ Hospital. 

“Politicians have bodyguards and, to cite a more trivial example, their cars often have police escorts and sail through red lights to get ministers and their advisers to meetings on time. 

“We do, and should, bend the rules for them. 

“The question is, which actions sit legitimately in that ruler privilege zone and which do not? 

“We decided, for example, a few years back, that awarding yourself overgenerous expenses did not (without telling them). 

“There is an anti-elitist piety, often expressed by the academic or media branch of the same broad elite, that refuses to accept the specialness of rulers. 

“I sometimes think that the combination of mass higher education and social media threatens to make society ungovernable. 

“The broad elite is in revolt against the narrow elite. 

“Everyone thinks they know better. 

“We have seen this in freedom of information rules that make it difficult for ministers and officials to have honest conversations, pushing key decisions into private rabbit-holes. 

“(Though it’s a shame the rules were not applied to the scientific advice being given to ministers, where open critique of the science from other scientists would have been useful.)

“We want transparent, open government, but it has negative unintended consequences that need to be constrained. 

“The transparency requirements of modern institutions encourage a performative, virtue-signalling political culture that makes it harder for people to identify as establishment insiders and come to reasonable compromises.

“So it’s important that Mr Cummings stays. 

“Even if his actions were technically outside the letter of the law – which is far from clear – there is, surely, an extreme circumstances loophole, and more broadly we need to cut our rulers (and their top advisers) some slack.” 

https://www.telegraph.co.uk/news/2020/05/23/national-interest-dominic-cummings-stay/

https://www.telegraph.co.uk/news/2020/05/23/national-interest-dominic-cummings-stay/


steven kinnock drove 150 miles to visit his father to say happy birthday and give him a cake....vaughan gething took his family to a park and sat at a picnic table and ate chips ..... .Tahir Ali attended a funeral with up to 100 people there.... all of them acting against the rules of the lockdown.... they have all been cautioned by the police and they are all elected officials, are they going to be asked to resign ?"
gpve15,1590347398,2020,unitedkingdom,dissatisfaction,"I've had a huge annoyance with our media thinking they run the corridors of power. For far too long, they can get to decide who gets fired or stays through coordinated media hounding. For the first time that I can remember, they actually weren't able to achieve what they wanted. Am no Boris fan but am for once glad we have a prime minister that can simply ignore the media or tell them to piss off. They must be boiling up right now, a media campaign with all sides in not being able to get someone to resign? How dare their government slaves"
gqco1h,1590419562,2020,unitedkingdom,dissatisfaction,"Link to Summary from BBC -  [https://www.bbc.co.uk/news/uk-politics-52800595](https://www.bbc.co.uk/news/uk-politics-52800595) 

\_\_\_

As of 16:12, he has still not appeared for the 16:00 briefing.  Couldn't make it up. Will edit this original post as it goes along.

&amp;#x200B;

16:13ish - Update from Durham Police. Find update further down this post.

&amp;#x200B;

16:16 - No show yet.  If this were a job interview he was late to, he likely would not get a call back after the interview.

&amp;#x200B;

16:17 - BBC Told it would take place in 3 minutes, so roughly 16:20, in theory.

&amp;#x200B;

16:20 - Door opens, someone comes out but unless Cummings has grown hair, was not him.

16:25 - Still waiting

16:30 - If he turned up for the above hypothetical job interview, he would be turned away unless he had a fantastic, believable excuse.

&amp;#x200B;

16:32 - At bloody last he comes.

&amp;#x200B;

""Hi there. Sorry I'm late.""

&amp;#x200B;

He knows many millions are angry.

""In retrospect I should have made the statement earlier""

Claims none of his usual childcare options were available.  This is when he ran out of Downing Street, post Johnson diagnosis (the meme video we all remember)

&amp;#x200B;

They considered if his wife had Covid, Cummings was aware people he worked with had Covid and felt there was a possibility he had the disease.  Worried about who would look after the child if they were both hospitalised

&amp;#x200B;

Cummings tested negative, and felt he could continue working.

&amp;#x200B;

He is talking about the media reports about how he opposes lockdown. Claims the truth is he supported the lockdown, and is now saying people were starting to hate him and he experienced bullying because of this.

He claims that he decided out of fear for his wife and child's safety due to the alleged abuse, he was going to drive to his father's farm, and go to an isolated house.  And have his nieces look after the kid.

He chose that place so he could continue to work, no neighbours on the property.

&amp;#x200B;

Did not discuss this idea with the PM, as the PM had enough on his mind. ""Arguably this was a mistake""

&amp;#x200B;

That same day drove to Durham, arrived at midnight, did not stop along the way, anywhere.

&amp;#x200B;

Child was admitted to hospital after throwing up.  Cummings still felt fine.  No taxis used.

Later went for a walk in the woods with his father, he saw other people but did not interact with them.

&amp;#x200B;

Saturday 11th April - He still had no covid symptoms, hoped he could return to work the next week part time.  Felt he needed to ""return to work to relieve the immense strain at number 10""

&amp;#x200B;

Sought medical advice on returning to work and was advised it was safe.

Barnam Castle referenced as going there

At a later date he felt ill so sat by a riverbed.  An elderly man walking nearby recognised him, Mrs Cummings wished the man an Happy easter.

&amp;#x200B;

Driving back home, his kid needed to pee, his wife and kid got out of the car to go into woods, Cummings went to join them, they played, Cummings then left the car, and they played some more (My edit: That made no sense)

&amp;#x200B;

Claims to have never entered his parents house during this period, nor did his wife or child.

Cummings claims the reports that he returned after 13th April, including 19th April allegation, are false, and that his phone can prove him innocent.

&amp;#x200B;

During this period, his mothers brother (so Uncle) died.

&amp;#x200B;

""I respect the sacrifices you have all had to make but I respectfully disagree""

Feels the rules allowed him to exercise caution for the child given his home was a target thanks to online abuse.

&amp;#x200B;

Claims he took expert medical advice to drive.

""I know millions have endured hardship and tragedy...and are suffering everyday...and the British People hate unfairness""

""I think people like me who make the rules should be held accountable for their actions

&amp;#x200B;

&amp;#x200B;

Time for Questions - He now has a list.

Laura K (BBC)  - Do you regret what you did, do you feel you made your own interpretation...one version of rules for you, one for everyone else

Cummings: Thank you Laura er um er um I don't regret what I did I um think reasonable people might disagree what I thought I ought to do in these circumstances but I think that I think that what I did er um er um in these circumstances was reasonable, in terms of the rules er um I think its made clear if you're dealing with small children um its exceptional circumstances, I think the situation I was in was exceptional circumstances, the way I dealt with it was least risk to everyone concerned if my wife and I had both been unable to look after my four year old.

&amp;#x200B;

Laura K: Sounds like you're using a loophole, do you understand why people are angry

Cummings: I I I er er er um I do, I understand people are angry if you're someone sitting at home watching media over last three days then um er I think most people would be angry and I completely understand that. I hope, I wish people can realise this was a complicated tricky situation and I was trying to weigh up lots of tricky things.

Laura - Do you offer any apology to those who did not have the resources to do what you did.

Cummings: Er er er um I think I um um thought a lot ab out what I did over this period, what I could have done better in dealing with this crisis. I think what I did during those 14 days I behaved reasonably

&amp;#x200B;

\-----

Robert (not sure of org) - So just to be absolutely clear, in this 14 day period, apart from 1 visit to Durham and back, and a trick to Barnham Castle, neither you nor Mary have been anywhere else at all. Millions of people haven't seen their parents for months now, can you tell us a bit more about the nature of your contact with your parents. Finally, your own scientists are worried, said this last night, that by introducing an element of personal discretion into the interpretation of rules, you are putting lives at risk. What would you say to them and to us?

&amp;#x200B;

Cummings: Thanks Robert, so I er er think the thing you asked was true over this 14 day period that I that we didn't go anywhere else - this was not correct, I went to hospital, and the drive on day 15. But apart from that, neither of us left , and done no more trips that break the rules as it were. I'm not exactly sure where the boundaries of London are.

Neither Mary nor I had been tested in the early stages, felt I had it but I wasn't tested. Default mode was to assume all three of us had it.  We kept a far away distance from others.  My parents are in their 70's, obviously I did not want to give them this disease. We did have some conversations, shouted conversations at a distance.

In terms of discretion, I am not seeking to introduce an element of discretion. The rules are there. They talk about exceptional circumstances with small children. I was trying to weigh all of these things up, I don't believe I broke the rules.

Robert: Science members feel you allowed you introduced an element that you can use discretion in interpretation

Cummings: They are right to be worried, because of the coverage. With great respect to them, they made those comments without knowing the circumstances. I should have made this statement earlier. I didn't.

&amp;#x200B;

Beth: Mr Cummings, thousands of people watching this have put up with all sorts of restrictions and hardships, regardless of medical restrictions, people not going to funerals, people not going to hospitals to support their kids with cancer. WHY ARE YOU DIFFERENT? People are seeing there is one rule for you, one of the most powerful people int his country, another for them. Don't you think you owe them an apology.

&amp;#x200B;

Cummings: I don't think I'm so different, nor is there one rule for me and another for them. I know what the guidance was, I think I behaved reasonably illegally as I said. (my note, did he mean ""And legally"".

Beth: You've badly misjudged the public mood, undermined the PM, undermined public confidence in the governement and could threaten public health , how can you counteance staying on and not resigning.

&amp;#x200B;

Cummings: I think there is understandable anger, but it is only because of reports in media that are not true, which is regrettable. The media were told they were wrong but reported it anyway and the media have caused anger by doing this.

&amp;#x200B;

Cummings: The problem with my job is there are endless problems all day, I can't go to the PM with every problem.

&amp;#x200B;

Next question: The PM knew about the allegations but didn't speak with you until the news broke, he was only interested when the news broke and the public knew.

Cummings: We spoke about it in the week after it happened. We were both in bed ill.

&amp;#x200B;

Question: Who else has driven that distance!?

Cummings: The rules don't say you have to stay at home in all circumstances

Question: People will be staggered to hear that given the message was simple, Stay Home. Can the Prime Minister not survive without you!?

Cummings: ""If you are living with children, follow the advice to the best of your ability. Do your best to follow this guidance.""If you have a four year old you can't look after, you don't have to just sit there.

&amp;#x200B;

Jason Groves: Hi :) You blame the media for the mess you have gotten yourself into. Do you accept that whatever legal nicety you have that you have not broken the letter of the law, you have driven a horse and spoke through the spirit of the law.

Cummings: I don't agree

Jason: You and your wife leave the house, with symptoms. You went for a drive, sat by the river, went for a walk in the wood whilst Foreign Sec was telling us to stay home and save lives. There may be some legal loophole but you've broken the spirit of it.

Cummings: I don't think I did. When we left, my wife did not have a cough or a fever. She was ill she had thrown up, we didn't know whether she had Covid or not

&amp;#x200B;

...

&amp;#x200B;

Cummings: I have not offered to resign, I have not considered it.

I was advised I was not a danger to the public.

&amp;#x200B;

Anna (I think): Mr Cummings, how many miles is it from the house in Durham to Barnharm castle.

Cummings: I don't know? Roughly a half hour drive.

Anna: There are people without gardens who have not made unneccesary journeys like that, following the rules that you forged and create. Were the public stupid to follow the rules to the letter rather than find a loophole like you did.

&amp;#x200B;

Cummings: I was looking to do the best I could in a complex situation.

&amp;#x200B;

Anna: how does the trip to Barnham have anything to do with the safety of your child or your return to work?

Cummings: As I explained I had been ill, I had been cleared to go back to work. So I told my wife to pack and we would go. She said your eyesight was weird, we shouldn't embark on a 270 Mile Journey and find halfway through you can't drive that far. So we should get in the car and see if you can actually drive.

Anna: That makes no sense, why drive to Barnham Castle if you were not feeling well?

Cummings: We didn't think of that, we felt that we would just whizz down the road and see how I felt.

Anna: Do you regret driving to Barnham Castle

Cummings: I think it was a reasonable thing. Perhaps you are right we should have just cracked on and done the whole trip. I had been extremely ill.

Anna: If you felt you had done nothing wrong, why did your Wife's spectator article mention anything about Durham?

Cummings: As I have said, my house in London has been the target of abuse. Why would I expose to Durham like that?

Anna: Why would your wife write an article?

&amp;#x200B;

Cummings: She's an article...I also wrote a few sentences about what it is like to be with Mary.

&amp;#x200B;

&amp;#x200B;

.......

&amp;#x200B;

Cummings: Whats the safest thing for my child, I had to weigh that up.

Reporter: Did you have no thought for those who were doing everything they could to stay safe

Cummings: Well erm obviously u m um I am not um sure I can reasonably add to what I said. It's (Durham's) not a nice place, its concrete blocks.

&amp;#x200B;

Cummings again brings up the stuff about how he has had threats about his house, and now says there were threats about his child.

&amp;#x200B;

Reporter: Is one of your mistakes herd immunity?

Cummings, with an angry face: No, absolutely not, that is completely untrue, and untrue from the media.

Reporter: What is your response to conservative voters who want you out.

Cummings, after a long pause: I've made mistakes, but I don't think I've made mistakes about these 14 days. Don't believe everything you read on the newspapers or read on the TV

&amp;#x200B;

&amp;#x200B;

Anna: Going back to Barnham Castle, can you point to where in the guidance, it says it is okay to make a practice drive to a hotspot?

Cummings: The rules say you can go back to work

Anna: Barnham Castle is not work , what relevance does this practice drive have

Cummings: It is releveant, Iwas allowed to go back to work

Anna: You didn't just go for a drive, you went to a beautiful nature spot and sat outside.

Cummings: To be honest, the state that everyone was in, I was not sightseeing, I was not going to the Castle (my note, did he not admit going to the castle earlier in this). We went for a test drive. We drove East? South? Er, and ended up pulling in by the side of a river at the outskirts of town.

&amp;#x200B;

17:38 - End of conference, my fingers can get a rest, thanks for following along. I've not transcribed everything unfortunately, at some stages the audio was not that good, but got most of the key stuff I hope.

Seperate info

Durham Police (per BBC article) -

""Durham Constabulary has issued a further statement confirming that an officer spoke to Dominic Cummings' father on 1 April.

The force says: ""Mr Cummings confirmed that his son, his son's wife and child were present at the property.

""He told the officer that his son and son's wife were displaying symptoms of coronavirus and were self-isolating in part of the property.""

The force adds: ""We can further confirm that our officer gave no specific advice on coronavirus to any members of the family and that Durham Constabulary deemed that no further action was required in that regard.""

But the officer did ""provide the family with advice on security issues"".

&amp;#x200B;

17:33 - Well timed Tweet from Scotrail, about not travelling if you think you might be ill -  [https://twitter.com/ScotRail/status/1264957827262619653](https://twitter.com/ScotRail/status/1264957827262619653)"
gr24gm,1590516247,2020,unitedkingdom,dissatisfaction,"I'll start off, these ideas could be good or bad, feel free to criticise or ignore them, I am just starting off.  


* Organised run on banks expressly because of DomCum not resigning. I don't think this would be realistic, but if enough people do it, it could convince the party to do something about him.  

* Rotational/group protesting at locations of Conservative Party MPs in support of him.  

* Writing to civil servants to convince them to corral against his appointment, unlike other political situations, this may actually be possible due to the relative lack of partisan bias and negative history between him and background civil services.

&amp;#x200B;

* Repeatedly blocking Parliament, his street or Downing Street with vehicles until he goes.  


As a final note: For a certain subset of people here, please don't try to talk people down on their anger without making alternative suggestions, because it's legitimate, sorry. You people know who you are. Off with you."
gtwnsp,1590920385,2020,unitedkingdom,dissatisfaction,"Johnson said ""the public had had enough, move on"". He said this a day after all this shit with Cummings. He said this despite public opinions in polls officially showing that no, the public has not had enough. He had the audacity to state this after one day whilst they have been banging the same fucking drum for TEN YEARS blaming the last Labour government.

He said the public had had enough and the next day the media moved on barely making a whimper on the subject.

The MPs that are calling for his resignation don't really care, they're doing so to convince you, their constituency that they are on your side. IF they cared, or believed in what they were saying they would have some self respect and put their job on the line. Writing to them will get you one of two answers, ""I understand you're angry but he didn't do anything wrong"" or ""I'm mad too and I've told the government your feelings"" and both lead to nothing.

It is the media, specifically the BBC due to its user base, that need to be pressured into not letting it go. After all, they didn't let go of all the antisemitism allegations until Tories got what they want and this highly important issue suddenly became irrelevant.

As for the bots that have been deployed, you know, the 30 following 0 followers on twitter, or the 11 day old accounts pushing Tories on reddit, if you guys want to ""move on"" hey, no one's stopping you, go ahead, move on. It would be fucking stupid of you wasting your time banging on about something you're not interested in now wouldn't it, that is of course, if you believed in what you said. 

Not moving on. From this or the Russia report."
gwd9u5,1591258734,2020,unitedkingdom,dissatisfaction,"I know jokes are still being thrown around, but seriously speaking I haven't seen any more appeals for Cummings's resignation or sacking. Think-pieces on 'one rule for them, one rule for the rest of us' have dwindled. Much has happened in ten days, I imagine people's attentions are taken by the situation in the United States and the contact tracing fiasco. But do you remember what it was like ten days ago? People were frothing at the mouth. The despicable cowardice or powerlessness of a prime minister who would not dream of even acknowledging the wrongdoing of his advisor.

Keir Starmer hasn't even mentioned it at yesterday's PMQs.

Is this it? Is the momentum gone?"
gyw55l,1591608437,2020,unitedkingdom,dissatisfaction,"I believe that once COVID-19 dies down and rules and lockdowns are eased there should be a review of the term time fines handed to parents who take their children out of school. I think exam season aside this is a draconian measure aimed at the government having unreasonable control of our lives.

This is mainly to do with travel, but also not being able to attend weddings, funerals, planned events due to it being situated in term time. Certain countries, such as most of South East Asia are very uncomfortable to visit in the English summer holidays and would be a fantastic cultural experience for any child. Cost is also a huge factor for many families. 1 or 2 weeks out of school to spend some quality time with family and discover new experiences combined with the ability to catch up with your child at weekends or whilst on holiday should mean we scrap this silly rule!

One thing that this pandemic has taught me, specifically in young children is their resilience to adapt and learn in all environments. Teachers do a fantastic job but as a parent I have realised that I can help my children catch up with their school work and make it fun and engaging for them, as well as them retaining the relevent information. It has also taught me that these children and all families need a holiday at the end of this and should be able to choose where, when, cost of holiday without penalty or risk of prosecution.

What are your thoughts on this?"
i1hd2e,1596235807,2020,unitedkingdom,dissatisfaction,"A year as prime minister: In the shadow of Corona and Brexit, Boris Johnson has centralised power, degraded ministers to mouthpieces and ousted parliament.

By Bettina Schulz, London, 27.7.'20

In his opinion, it was a successful year: Boris Johnson pulled through Brexit, got his party a parliamentary majority again, led the country through the Corona pandemic, survived the virus and then also fathered a baby. That is something. If it were not for another reality.

The future of the country after Brexit still is unclear. Talks with Brussels on a free trade agreement have stalled, as have those with the United States. The UK's corona record so far is bitter: officially 45,000 dead, perhaps as many as 70,000. In relation to the population, Covid-19 has claimed more victims than in most other countries in the world.

Boris Johnson makes strong slogans, but cannot decide. He runs after the public mood. When the public is ready to accept a lockdown or masks, when the suffering is so great that Johnson no longer has to fear resistance, then he acts. Otherwise, he waits. And in the background he makes sure that nobody can take his power away from him. 

**They go further than anyone has gone before**

Almost unnoticed by the British public, in the shadow of all the major crises and loud slogans, Johnson's chief adviser Dominic Cummings has, over the past twelve months, rigorously tailored the government apparatus to the prime minister and his small team at Number 10 Downing Street and the Cabinet Office. Although the latter is similar in form to the German Chancellery, it has much fewer staff. Other prime ministers have therefore already tried to strengthen their power in order to better implement their policies. But Johnson and Cummings are going further than anyone else before them.

They are not only concerned that the government should have more assertiveness vis-à-vis the bureaucracy in the ministries. They want to oust the ministers themselves and marginalise the Cabinet. Johnson and Cummings are changing the way British policy is made. Johnson's making himself President. ""It is a shift of power away from joint cabinet decisions to a government solely in the name of the Prime Minister,"" warns Jill Rutter of the Institute for Government. 

**Advisers under Johnson's thumb**

How the two of them proceed concretely can be explained well by the ""Spads"": In order to govern, ministers need confidants who provide them with support and ensure that political ideas are formulated and implemented in the ministries. Since the reign of Tony Blair over 20 years ago, ministers have been selecting special advisors (spads) for this purpose, i.e. advisors they can rely on. That has now changed. Spads can practically only be appointed with the approval of Cummings. That was one reason why Sajid Javid resigned as Chancellor of the Exchequer in February in protest. The new chancellor, Rishi Sunak, accepted the new procedure. But in essence, it means that the ministers' advisors are now under the thumb of Johnson and Cummings, reporting to them, and the ministers can trust them less.

There have been similar changes in the communication of government policy: Johnson admittedly pretends that the press conferences the government holds create transparency. But the opposite is the case. The ministries' communications departments are now subordinate to a communications centre in the Cabinet Office, from where they take over the language arrangements. The ministers themselves have lost power over how their own policies are formulated and explained to the public. They are now only Johnson's mouthpiece. 

**Centralisation behind the scenes**

The treatment of civil servants as state secretaries has also changed. These ""Permanent Secretaries"" are high-ranking civil servants who are actually accountable to Parliament and are supposed to provide independent, expert advice to the government. These posts are now increasingly filled politically. Mark Sedwill, for example, used to be a senior civil servant and - because of his experience in military matters - also a security advisor to the government. He has now been urged to resign. Allegedly because the civil service had failed during the pandemic. But Sedwill had also officially spoken out against a No Deal Brexit. Now Johnson replaced him with a political follower, Special Advisor David Frost. He is already leading the Brexit negotiations for Great Britain and has not even been accountable to Parliament as an advisor. The fact that Frost has no expertise in security matters is irrelevant.

The centralization behind the scenes is so technical that the public hardly notices it. For example, on the last day before Parliament's summer recess, it was announced that, with immediate effect, large parts of the state data supervision will be transferred from the Ministry of Culture to the Cabinet Office. Cummings is sitting there. He uses the evaluation of data for electioneering, just as he did for the Brexit referendum in 2016. 

The restructuring of the government apparatus, i.e. the executive branch, is not the end of the story. The legislature, that is, the parliament, is also being undermined. The suspension of parliament by Johnson last summer is still fresh in the public mind. But it is hardly noticeable that ministers and Johnson himself repeatedly fail to give account to parliamentary committees. The fact that Johnson even tries to interfere in the composition of parliamentary committees and the election of their chairmen only caused a scandal when it came to the parliamentary security committee. 

The latter wanted to publish the Russia Report, which criticised the government for never having examined how much influence Moscow had exerted in elections and the Brexit referendum. Johnson had blocked the report for nine months and was now trying to appoint the chairman of the Security Committee. But that is not a matter for the government but for the parliamentary members of the committee. Tory Julian Lewis, who is well versed in security matters, slipped Johnson into the parade, had himself elected chairman with the help of the Labour representatives and published the report a week later. The result: Johnson immediately threw Lewis out of the group, as he had already done with his opponents over Brexit last year.  

**Get the jugdes sorted**

Johnson's going after the judiciary, too. He has not forgotten that the Supreme Court ruled that his suspension of parliament last year was unconstitutional. Now he wants to reform the body that appoints the judges of the Supreme Court and he wants to determine the framework within which the courts may pass judgement. Allegedly, the government must prevent the courts from enforcing ""politics by other means"". In reality, it was the Court of Justice that ensured with its rulings that parliament was not ignored by the government, that the government could not simply push through everything it wanted. Johnson wants to weaken the judiciary and deprive the public - and members of parliament - of the opportunity to defend themselves against his autocratic style of government.

That is the conclusion after one year of Johnson's government: outwardly tough slogans. In the background, a systematic centralisation of power, in order to be able to steer more and more and be less and less accountable. This year has changed British democracy. It has undermined it.

Translated with www.DeepL.com/Translator (free version)

https://www.zeit.de/politik/ausland/2020-07/grossbritannien-boris-johnson-dominic-cummings-brexit-corona-krise-regierung/komplettansicht

---------------


It's a weekly newpaper which is published in Hamburg and sees the Times as a bar. The name is same. Zeit=Times"
i4x9ss,1596738627,2020,unitedkingdom,dissatisfaction,"With the political opposition to wireless roaming and therefore the political support of conventional broadband, are we taking a step backwards technologically for the sake of punishing China over Hong Kong?

Or is there a deeper issue I'm not aware of in regards to rejection of the 5g system?

Yours sincerely, a patient consumer with a ready-and-waiting 5g handset."
imp31s,1599256121,2020,unitedkingdom,dissatisfaction,"Does anybody remember those old toys from early 2000 where the whole gimmick was that they smelled, like really really bad? Like god awfully terrible actually! They had a Bin Van and were a sort of collectable kinda toy?

I think they were called The Trashmen or something?"
iwxd70,1600681755,2020,unitedkingdom,dissatisfaction,"- Former Labour MP Eric Joyce who quit the party after drunkenly headbutting a Tory MP in 2012, had a 51-second film involving several children aged between 12 months and seven years old.
It was classed as Category A – the most serious level for indecent images of children which involves either sex, sadism or animals.

..

- The court heard the category A film was accessed by Joyce between August 2013 and November 2018. It featured what appeared to be seven different children, aged between 12 months and seven years.

..


-  Joyce resigned from the army under threat of discharge in 1999 at the rank of major after being found to have broken Queen's Regulations.

https://en.m.wikipedia.org/wiki/Eric_Joyce

..

- Joyce, who has a string of convictions, admitted searching for child abuse images on the internet. Ipswich Crown Court heard that he claimed the vile footage arrived on his computer in a spam email. He was given a suspended sentence.

https://www.bbc.com/news/uk-england-suffolk-53694012

..

- His first arrest as an MP was in 2010 for failing to provide a breath test when he was stopped by the police. He was fined £400 and banned from driving for a year. Joyce resigned his front bench post after the conviction.

..

- Joyce was arrested in 2012 at Westminster after attacking six MPs in the parliament's bar. He was fined £3,000. No jail. Given tag as part of his community order.

..

- In August 2012, Joyce was back in court after using scissors on 4 July 2012 to remove the electronic tag. Fined £600.

..

- After the infamous February 2012 brawl, it emerged that Joyce had been in a relationship with a 17-year-old party volunteer, Meg Lauder, in the run-up to the 2010 election campaign. She visited his flat, had overnight stays without her parents’ knowledge, and claimed they had a sexual relationship. 

..

- In 2013 he was arrested for another Westminster scuffle but wasn’t charged.

..

- In 2015, he was convicted of attacking a 14 and 15-year-old in an unprovoked attack. His partner, Sunday Times columnist India Knight took to Twiiter to defend him and claimed the kids tried to intimidate the former Black Watch military man.

https://www.hamhigh.co.uk/news/crime-court/former-mp-eric-joyce-convicted-of-attacking-teenagers-in-chalk-farm-1-4057882

https://www.theguardian.com/politics/2015/may/01/eric-joyce-found-guilty-of-assaulting-two-boys-in-north-london-shop-mp

..

- Joyce has had a long relationship with the columnist, which started after the 2010 election. Joyce and Knight had been due to marry, but she disappeared from social media recently.

..

- Knight said on her return to Twitter in August: ‘Back now. Quickly want to say that whatever happened happened nearly two years ago. It was horrible for it to become public last week, but I have had two years’ worth of incredible help and support, and am fine.

‘I just felt ashamed, but then really – why should I? So. Onwards.”

..

- The Times has yet to face up to the fact that its major columnist was used as a 'mitigating factor' when sentencing Joyce (see below for details) for possessing the Category A child sexual abuse imagery. 

..

- Knight's former step-father is on the board of News UK.

...

- String of serious convictions, no jail time, little media interest. Hmm...

Edit: adding this to avoid repeating again in comments

&gt;Joyce was arrested in November 2018 over the child abuse video, and police then discovered evidence to suggest he had made other searches for indecent images of children online.

&gt;The judge said the background material found by police showed downloading the clip was **not an “isolated incident” but “part of a pattern”.**

&gt;He said police found around **2000 ""peer to peer files indicative of downloading or looking at images of child abuse”, dating back to June 2014.**

https://www.standard.co.uk/news/crime/eric-joyce-suspended-sentence-former-labour-mp-a4519216.html

Edit 2:

&gt;Mark Shelley, representing Joyce today, told the court: “The pre-sentence report gives his background, his time in the army, time as an MP, then something happened and it all imploded.
“A clever, hard-working man, taken to drink, and his life is destroyed by behaviour you have seen in his previous convictions.

&gt;“**Since that time, he has given up drinking, found a partner that he loves, she loves him and they have made a life together.**”


https://www.standard.co.uk/news/crime/eric-joyce-suspended-sentence-former-labour-mp-a4519216.html

&gt;Sentencing on Friday, Mr Justice Edis said: “You have pleaded guilty to an offence which involves the possession of a category A film of a little less than a minute’s duration.

&gt;“That film showed the penetrative sexual abuse of very young children. That these acts of abuse happened is because there are people like you who want to watch these films. If there was no market, those children wouldn’t be subjected to these very serious offences.”

&gt;The judge added: “**You have sought help from people well able to provide it and there’s evidence before the court that that has had an effect on helping you reduce, perhaps completely, your impulsive behaviour, and that’s happened over a significant period due to the delay in these proceedings.**”

https://www.theguardian.com/uk-news/2020/aug/07/ex-labour-mp-eric-joyce-gets-suspended-jail-sentence-over-child-abuse-image"
jtcei7,1605249939,2020,unitedkingdom,dissatisfaction,"Dominic Cummings to leave Downing Street by Christmas

Boris Johnson's senior adviser Dominic Cummings is expected to leave his position by the end of the year.

Mr Cummings told the BBC ""rumours of me threatening to resign are invented"", after speculation this week.

But he added that his ""position hasn't changed since my January blog"" when he said that he wanted to make himself ""largely redundant"" by the end of 2020.

https://www.bbc.co.uk/news/uk-politics-54925322

https://twitter.com/PeterStefanovi2/status/1327037950429974528"
ju1kvb,1605358779,2020,unitedkingdom,dissatisfaction,"
Hello all, i work for ASDA and have been following this takeover and piecing stories together. It'll all end in tears. I'll lay out everything and allow you to make up your mind.

#New owners and the writing on the wall.

___

The [Issa Brothers](https://en.wikipedia.org/wiki/Zuber_Issa) (Now honoured with CBE's by the Queen in 2020), owners of [The EuroGarage group](https://en.wikipedia.org/wiki/EG_Group), will be [taking over ASDA in a £6.8bn deal](https://www.theguardian.com/business/2020/oct/02/asda-sold-to-billionaire-issa-brothers).

___

The Issa brothers are incredibly shrewd and successful businessmen. In 2 decades, they turned a single leased petrol station into a $24 billion empire.

Despite their current petrol and garage business success, they see the business declining in the future due to the move to electric vehicles and working from home.

The footfall on forecourts will drop and the selling of fuel will decrease, as will the high priced convenience items within the forecourt shops.

They are using their current successful business with a future failing business model to buy out another company which will remain relevant in the future: ASDA.

My first thought when this story broke was that they'd use Debt financing to achieve the takeover. Levering debt against ASDA's assets to buy ASDA and using ASDA's profit and revenue to pay back the debt. (See: [Glazer ownership of Manchester United](https://en.wikipedia.org/wiki/Glazer_ownership_of_Manchester_United)) Along with selling everything that isn't nailed down.

After the dust cleared, several stories came out which points to that conclusion:


#Outsource and sell all the assets.


* [They are considering selling the George business for £3 billion](https://www.retailgazette.co.uk/blog/2020/10/new-asda-owners-could-be-considering-sale-of-george/)

* They are also looking into outsourcing the [selling of alcohol to a 3rd party](https://www.thisismoney.co.uk/money/markets/article-8826209/Bye-George-Asda-duo-sell-3bn-clothes-arm.html).

* They will more than likely also lease space within ASDA to 3rd party companies such as Subway and even other retailers which [they have done with EuroGroup](https://www.thelancasterandmorecambecitizen.co.uk/news/16835315.third-drive-thru-greggs-uk-open-euro-garages-site/) 

#**'Governance Concerns'**

* The brothers new parent company for ASDA will be [based in the tax haven of Jersey](https://www.thetimes.co.uk/article/asdas-parent-company-will-be-based-in-jersey-tax-haven-75rvtns5t).


* EG Group's auditor Deloitte, one of the  'Big Four' accounting firms in the UK, [has resigned their position](https://www.retailgazette.co.uk/blog/2020/10/deloitte-exits-as-asda-owner-eg-groups-auditor-after-6-8bn-deal/) shortly after the deal was announced, over ""governance concerns""

* EG Group's Chief Financial Officer, [Michael Hughes wanted to quit](https://www.egi.co.uk/news/issa-brothers-finance-boss-wanted-to-quit/) over the deal.

This year, EG Group's revenues fell by 23% but profits increased by 17%, with their auditor resigning and their Finance chief threatening to quit, along with setting up in a tax haven. Alarm bells ringing there. 🚨

____

And today, the Financial Times reports that they are cashing out by [leverage debt on their EG Group.](https://www.ft.com/content/fc184e76-df16-4827-b857-6b0b8e074a37), which is already in debt by £8bn, [with a downgraded debt rating](https://www.lancashiretelegraph.co.uk/news/18836334.billionaire-brothers-eg-group-credit-rating-downgraded-due-concerns-8bn-debt/).

&gt;The owners of the petrol stations business EG Group have raised expensive debt-like financing from sovereign wealth and pension funds, handing them hundreds of millions of pounds in fresh cash that could help fund their buyout of the UK supermarket chain Asda.



____

Draw your own conclusions."
jx1zps,1605789703,2020,unitedkingdom,satisfaction,"Lots and lots of people seem to be very keen on COVID restrictions because of the positive impact its had on their life in regards to being able to work from home. 

What I think some don't realise, is that it's actually been law for quite a few years that you have the legal right to submit an application for 'flexible working' and your employer must review it and respond in a 'reasonable manner'..

Now, this process was absolutely toothless legally in regards to working from home. An employer could easily convince an employment tribunal that your job couldn't be done from home. 

All that goes out the window due to COVID. 

If you've been doing your job from home, the argument from employers that you can't is not convincing. It will no longer fly. Your counter argument can simply be 'I did my job from home for x months!'.. You will almost certainly win such a case now, to the point that employers likely won't even risk spending the money/time on tribunal costs. 

Details here: https://www.gov.uk/flexible-working

You might actually be best to make your application submission now while you're actually working from home. They don't have a leg to stand on legally if they claim you can't do your job from home, if you're literally doing your job from home right now.

**Edit:** Of course, a less formal discussion with your employer is the best way to get the ball rolling in regards to working from home. But if they're not listening, or refusing, or not willing to meet you half way, then you have this legal means at your disposal."
k6iyya,1607080063,2020,unitedkingdom,dissatisfaction,"https://en.wikipedia.org/wiki/Executive_agency

Seeing lots of conspiracy theories on here regarding the MHRA's emergency authorisation of a vaccine. Some seem to think it's a political gambit, but the issue here is that the MHRA is legally and constitutionally removed from day to day politics. 

The idea they'd risk their reputation, careers, and lives of fellow citizens to placate Boris Johnson and Matt Handcock is beyond absurd. 

Also, where are the whistleblowers? The MHRA employs 1,200 people, and not a single one is speaking out that they're having pressure applied to them by politicans who have no legal or constitutional right to be doing so? That's not realistic. 

SAGE met, with Cummings sitting in the corner, and it was front page news the next day. That was like 20 people in a room. 

Imagine 1,200 not speaking out.. No one resigning. It's unfathomable. 

The MHRA is not a department of the government, where ministers can give direct orders. 

It's been deemed, over the years, that certain functions of government (usually in regards regulatory compliance) should be outside of the control of ministers and politicians. 

The MHRA is one such department. 

The conspiracy theory has no legs."
kf22qe,1608226817,2020,unitedkingdom,dissatisfaction,"I have just finished sixth form this august. I have decent GCSE grades: 9A*s and an A, average grades at AS but A2 grades of A* star (i’m trying to edit this but for some reason the edit doesn’t show the star )(art),A(maths),B (chemistry) and I have applied to medicine already.

To summarise, a bit into year 12 things began to deteriorate for me. I was diagnosed with a severe chronic condition and found out I had dyslexia a year ealier, and in y12 combination of factors meant I developed quite severe depression and anxiety. 

I ended up with quite a low attendance and whilst I did well in my AS mocks, I wasn’t able to go in as much during y13 so those mocks did not go well. I couldn’t apply last year as I was waiting for treatment that I had just started to take effect and see how it went. Things were looking up as the treatment was as close to magic as it got for me.

However because of lockdown at the time, I couldn’t recieve my treatment and my chronic condition came back in full form. I started feeling very, very anxious. I wasn’t thinking clearly and I applied to medicine. Today is result’s day, I was ill during the autumn exams and while some consideration was applied I came out with a B. I feel like I’ve let my parents down, I wanted to prove despite my illness coming back I could do it but I guess things were too much this time round.


I have just started recieving therapy, I am realising that these decisions were made coming from fear and anxiety. I am considering either retaking the B subject or
taking new A levels altogether. 
This is because while I was in a really bad place, I have picked subjects (except for maths )that I was not passionate about. I want to know that I tried my hardest and fulfilled my potential in completing my A Levels and applied to a course that I was not passionate about. Do russell group unis consider resit applicants ? Or has anyome been in a similar situation? Is it still possible for me to get into a good/decent course that I actually like or is it too late now? I will accept it if it is but I would just like to know what my options are.

I would really appreciate any advice."
kg9g2e,1608390977,2020,unitedkingdom,dissatisfaction,"""But the government are doing the best that they can""

Honestly, how anyone at this point can confidently and genuinely say ""yeah, they've done a decent job"" is laughable.... so here's a timeline of events and cock ups that I can think of....... (cock ups marked in bold)

First off:

**JANUARY**

- 11th: Chinese media report the first death from Coronavirus [Source](https://www.wsj.com/articles/china-says-person-infected-with-new-coronavirus-has-died-11578709453), and the World Health Organisation tweet that is has received the genetic sequence for the novel Coronavirus from China [Source](https://twitter.com/who/status/1216391804335087620?lang=en)

- **23rd: Health Secretary Matt Hancock claims that the UK is ""well prepared"" to deal with an outbreak. The risk to the UK is revised from very low to low.  [Source (Video)]( https://www.standard.co.uk/news/uk/health-secretary-warning-coronavirus-uk-a4342611.html)**

- **24th: (1) Matt Hancock chairs COBRA Meeting as PM doesn't attend. Hancock told reporters the risk to the UK public was low. [Source](https://www.thetimes.co.uk/article/coronavirus-38-days-when-britain-sleepwalked-into-disaster-hq3b9tlgh)**

- **(2) He also claims that the UK is one of the first countries to have developed ""a world-leading test for the new Coronavirus"" and that ""the public can be assured that the whole of the UK is always well prepared for these types of outbreaks"". [Source (Video)](https://www.youtube.com/watch?v=9mLxuflJXdM)**


- **30th: (1) PM then misses a further 8 conferences between EU leaders and health officials on the current virus situation [Source](https://www.thenational.scot/news/18367931.coronavirus-uk-missed-eight-meetings-eu-leaders-virus/)** 

- 31st: CMO confirms the first 2 cases of Coronavirus in the UK [Source](https://www.gov.uk/government/news/cmo-confirms-cases-of-coronavirus-in-england)


**FEBRUARY**

- 2nd: Public advised to wash hands and use tissues to catch coughs and sneezes [Source]( https://www.theguardian.com/world/2020/feb/02/uk-coronavirus-public-advice-adverts-tissues-hands)

- **11th: PM says that ""Everyone should be confident. We're a great country, we've got a fantastic NHS. We've got fantastic doctors and advice and they should simply take the advice of the NHS and... I think people should have every reason to be confident and calm"". [Source (Video)](https://www.standard.co.uk/news/politics/boris-johnson-coronavirus-a4359731.html)**

- 18th: PM speaks to President Xi Jinping about spread of Coronavirus [Source](https://www.dailymail.co.uk/news/article-8016365/Boris-Johnson-FINALLY-talks-Chinese-President-Xi-Jinping-coronavirus.html)

- 23rd: Passengers from a cruise ship hit with Coronavirus enter the UK [Source]( https://www.theguardian.com/world/2020/feb/23/coronavirus-cruise-ship-diamond-princess-passengers-land-in-uk)


**MARCH**

- **1st: PM holds his first COBRA meeting more than a month after confirmed cases hit the UK. [Source](https://www.theguardian.com/politics/2020/feb/28/boris-johnson-not-to-hold-coronavirus-crisis-meeting-cobra-until-monday)**

- 3rd: (1) WHO issues a call for industry and governments to increase PPE manufacturing by 40% to meet rising global demand in response to a PPE shortage. [Source](https://www.who.int/news/item/03-03-2020-shortage-of-personal-protective-equipment-endangering-health-workers-worldwide)

- **(2) Meanwhile... that very same day.... PM proclaims that he visited a hospital a couple of nights before, and shook hands with a couple of Coronavirus patients. [Source (Video)](https://news.sky.com/story/coronavirus-boris-johnson-was-shaking-hands-as-some-scientists-were-calling-for-it-to-stop-11983606)**

- **(3) While at the same time, scientists were calling for an end to hugging and handshakes, released papers from the Scientific Advisory Group for Emergencies (SAGE) shows. [Source](https://www.gov.uk/government/publications/sage-minutes-coronavirus-covid-19-response-3-march-2020)**

- **5th: (1) PM goes on This Morning with Philip Schofield and Holly Willoughby discussing the theory of herd immunity, and insists that the NHS will have everything it needs ready to take on the virus [Source (Video)](http://www.youtube.com/watch?v=vOHiaPwtGl4&amp;t=6m0s)**

- (2): First UK death confirmed. Cases reach 116

- 8th: Italy enters national lockdown

- **10th: Cheltenham Festival starts**

- 11th: WHO declares Coronavirus global pandemic [Source](https://twitter.com/WHO/status/1237777021742338049?s=20) [Source – BBC]( https://www.bbc.co.uk/news/world-51839944)

- **12th: UK to US flights continue as normal**

- **13th: (1) Cheltenham Festival ends**

- (2): Care homes ban family visits to stop spread of Coronavirus [Source]( https://www.theguardian.com/world/2020/mar/13/care-homes-uk-ban-family-visits-stem-spread-coronavirus)

- **14th: SAGE advised government to enter lockdown on this day today [Source]( https://news.sky.com/story/coronavirus-sage-urged-govt-to-lockdown-a-week-earlier-uks-chief-scientific-adviser-says-12029956) Estimates state 20,000 could have been saved in doing so [Source]( https://www.theguardian.com/world/2020/jun/10/uk-coronavirus-lockdown-20000-lives-boris-johnson-neil-ferguson)**

- 16th: (1) WHO briefs a press conference declaring all countries should ""test, test, test"". [Source (Video)](https://www.youtube.com/watch?v=3GqhApWmFtA)

- **(2) PM advises if possible, people should not go out to restaurants or pubs, while keeping pubs and restaurants open and allowing public events to continue. [Source (Video)](https://www.youtube.com/watch?v=hz-lWVwoD8Y)**

- (3) Care regulator suspends inspections of hospitals and care homes [Source]( https://www.independent.co.uk/news/health/coronavirus-cqc-inspections-hospitals-care-homes-nhs-a9404476.html)

- (4) French PM contacts PM and says he is closing the Euro tunnel and France is going into lockdown. [Source - BBC](https://www.bbc.co.uk/news/world-europe-51918596) [Source - Video (DEFINITELY WORTH A WATCH)](https://www.channel4.com/programmes/coronavirus-did-the-government-get-it-wrong)

- 17th: France enters national lockdown

- 19th: PM announces UK can turn the tide in just 12 weeks [Source (Video)]( https://www.theguardian.com/world/2020/mar/19/boris-johnson-uk-can-turn-tide-of-coronavirus-in-12-weeks)

- 20th: PM closes gyms, pubs and restaurants [Source](https://www.independent.co.uk/news/uk/politics/coronavirus-uk-lockdown-pub-gym-restaurant-closed-boris-johnson-uk-london-a9414726.html) [Source - BBC](https://www.bbc.co.uk/news/av/uk-51980664)


- 23th: (1) PM addresses the nation and implements full lockdown with school closures, shielding for the vulnerable and all non-essential businesses to close. [Source (Video)](https://www.telegraph.co.uk/news/2020/03/23/boris-johnson-announces-uk-lockdown-speech-full/)

- (2): Army is deployed to help distribute PPE supplies to NHS staff [Source]( https://www.birminghammail.co.uk/news/midlands-news/british-army-deployed-help-distribute-17963487)

- 24th: 11,788 retired NHS staff return to tackle pandemic [Source]( https://www.theguardian.com/world/2020/mar/24/doctors-threaten-to-quit-over-protective-equipment-shortage)

- **27th: PM and health secretary confirm positive cases of Coronavirus (just over 3 weeks after claiming he shook hands with patients. [Source]( https://www.theguardian.com/world/2020/mar/27/uk-prime-minister-boris-johnson-tests-positive-for-coronavirus)

- **28th: Media accuse government of mixed messaging based on the fact that people are told to stay at home but also to go to work if they can't work from home [Source (Video)](http://www.youtube.com/watch?v=6AK4MgS3308&amp;t=11m50s)**

- **29th: UK clothes makers accuse government of wasting time ordering PPE abroad, and say they could’ve started making PPE 10 days ago [Source]( https://www.bbc.co.uk/news/business-52082248)**

- 30th: (1) Dominic Cummings self isolates [Source]( https://news.sky.com/story/pm-adviser-dominic-cummings-self-isolates-after-showing-coronavirus-symptoms-11965644)

- **(2): PPE diverted from care homes to hospitals [Source]( https://www.theguardian.com/world/2020/mar/30/protective-equipment-being-diverted-from-care-homes-to-hospitals-say-bosses)**

- **(3): Medics hiding PPE out of desperation [Source]( https://news.sky.com/story/coronavirus-hospital-staff-hiding-protective-equipment-due-to-nhs-shortages-say-medics-11965508)**

- **(4) Flights are still continuing into UK [Source](https://www.bbc.co.uk/news/business-52098430)**

- **31st: (1) NHS staff gagged from speaking out about widespread PPE shortages [Source]( https://www.theguardian.com/society/2020/mar/31/nhs-staff-gagged-over-coronavirus-protective-equipment-shortages)**

- (2) UK Government announces a testing capacity target of 25,000 a day – but it won’t be met until the end of April

- (3) UK Government announces it’s set to release a contact tracking app [Source – Sky News]( https://news.sky.com/story/coronavirus-govt-set-to-release-contact-tracking-app-which-detects-nearby-virus-carriers-11966243)


**APRIL**

- 2nd: Health Secretary sets aim of 100,000 tests to be carried out (this is important) a day by the end of April. Currently 10,000 tests a day are being carried out. 33,718 cases are confirmed, with 2,921 deaths [Source – BBC Video]( https://www.bbc.co.uk/news/uk-52140376)

- 5th: (1) Health Secretary on the PM's health: “He’s OK. I’ve been talking to him every day, several times a day … he’s very much got his hand on the tiller."" Downing street later admits the PM has been admitted to hospital, but only for precautionary tests. [Source](https://www.theguardian.com/world/2020/apr/05/timeline-boris-johnson-and-coronavirus)**

- (2): Dominic Cummings spotted outside his parents’ property by a neighbour – 260 miles away from where he was meant to be self-isolating.

- (3) Scotland’s CMO resigns over trip during lockdown [Source]( https://www.bbc.co.uk/news/uk-scotland-52177171)

- 6th: (1) PM is hospitalised with Coronavirus.

- (2): Dominic Cumming’s uncle dies after catching Coronavirus [Source]( https://www.chroniclelive.co.uk/news/north-east-news/dominic-cummings-uncle-durham-born-18049046)

- **7th: Care homes become a hotbed for the virus, and no-one is tested (despite Matt Hancock claiming back on 24th Jan the UK had a world leading test so we can smash this out of the park). Care homes are then asked to take in hospital patients who have tested positive for Coronavirus [Source](https://news.sky.com/story/coronavirus-sacrificing-the-elderly-care-homes-asked-to-take-covid-19-patients-11969661)**

- **10th: Robert Jenrick, Housing and Communities secretary travels 150 miles during lockdown, then 40 miles to his parents house [Source](https://www.theguardian.com/politics/2020/apr/10/robert-jenrick-urged-explain-visit-parents-during-lockdown)**

- (2): Apple and Google announce collaboration to create Contact Tracing app which was announced on 31 March [Source]( https://www.ft.com/content/8a11bf86-dd71-4fd2-b196-e3ddffe48936) 

 - **11th: Home Secretary Priti Patel says she’s “sorry if people feel there have been failings” [Source (Video)](http://www.youtube.com/watch?v=tC68TIYTVww&amp;t=1m24s)**

- 13th: 92 care homes report COVID-19 Outbreaks [Source]( https://news.sky.com/story/coronavirus-growing-crisis-as-92-care-homes-report-covid-19-outbreaks-11972732)

- **14th: UK Government misses 3 opportunities to secure PPE by joining the EU PPE Scheme. Downing street says this is because they didn’t see the e-mail [Source]( https://www.itv.com/news/2020-04-14/uk-missed-three-chances-to-join-eu-scheme-to-bulk-buy-protective-equipment)**

- **15th: (1) Matt Hancock said he was ""determined"" to ensure everyone who needed a test had access to one. Prof Martin Green, chief executive of Care England, welcomed the pledge but predicted ""logistical challenges"".[Source](https://www.bbc.co.uk/news/uk-52289607)**

- **(2): Press confirm Chancellor Rishi Sunak is pushing for an ease of lockdown restrictions [Source]( https://www.dailymail.co.uk/news/article-8219277/Rishi-Sunak-pushing-ease-coronavirus-lockdown-month.html)**

- **16th: Government ignores textile firms requests to make PPE for NHS [Source]( https://www.theguardian.com/fashion/2020/apr/16/government-ignores-uk-textiles-firms-desperate-to-make-ppe)**

- 18th: Robert Jenrick confirms a massive shipment of PPE will be delivered from Turkey tomorrow (19 Apr) [Source (Video)]( https://www.youtube.com/watch?v=p_An1XpQuKc&amp;t=24m55s)

- **19th: (1) PPE from Turkey doesn’t arrive as an order hasn’t been placed [Source]( https://news.sky.com/story/coronavirus-uk-only-formally-asked-turkey-for-ppe-shipment-after-it-said-it-was-already-on-its-way-11976238)**

- **(2) UK admits PPE shortage [Source]( https://www.aljazeera.com/news/2020/4/19/uk-admits-ppe-shortage-amid-coronavirus-criticism)**

- **(3) Michael Gove confirms PPE was exported from the UK to Wuhan back in February [Source (Video)](https://www.thesun.co.uk/news/11430378/uk-sent-ppe-to-china-in-february/)**


- 20th: Job Retention Scheme begins [Source]( https://www.gov.uk/government/news/coronavirus-job-retention-scheme-up-and-running)


- **21st: (1) Care Home deaths more than quadruple in a week [Source](https://www.theguardian.com/world/2020/apr/21/coronavirus-deaths-in-care-homes-in-england-and-wales-more-than-quadruple-in-a-week)**

- **(2): Birmingham wholesaler ships PPE abroad as UK Government ignores their offer for help, despite Rishi Sunak stating they were receiving shipments from all UK manufacturers and were pursuing every option for PPE [Source (Video)](https://www.birminghammail.co.uk/news/midlands-news/birmingham-wholesaler-shipping-vital-ppe-18122689)**

- 22nd: Plane with PPE from Turkey lands

- 23rd: Dominic Cummings’ wife writes about the family’s self-isolation in the Spectator magazine and mentions emerging from quarantine “into the almost comical uncertainty of London lockdown” (she wasn’t in London, she was spotted in Durham on 5th April with DC).

- **24th: Govt testing site goes live, first batch of Coronavirus tests run out in two minutes. 46,000 key workers try to book 5,000 tests on government website [Source]( https://www.dailymail.co.uk/news/article-8252717/Coronavirus-UK-Key-workers-start-booking-Covid-19-tests-new-system.html)**

- 28th: (1) Matt Hancock announces that all care home residents and staff will now have access to tests, 3 weeks after massive issues in Carehomes [Source (Video)](https://www.bbc.co.uk/news/uk-52462928)

- (2): UK Contact tracing app ready in two to three weeks [Source]( https://www.bbc.co.uk/news/technology-52458759)

- **29th: (1) UK has second highest number of deaths in Europe now care home deaths are included in figures [Source]( https://news.sky.com/story/coronavirus-sharp-rise-in-covid-19-deaths-in-uk-as-care-homes-included-in-total-for-first-time-11980475)**

- **(2) Only 33,000 people are tested, with 52,000 tests carried out in total today. 19,000 were retests. Target was 100,000 [Source](https://www.bournemouthecho.co.uk/news/18418086.government-misses-daily-100k-coronavirus-testing-target---many-tested/)**
- **30th: Government misses daily 100,000 test target **

**MAY**

- **1st: Government changes 100,000 tests completed a day target to 100,000 test capacity and claims it hit it’s original target. Government misses target [Source]( https://www.theguardian.com/world/2020/may/01/ministers-accused-of-changing-covid-19-test-tally-to-hit-100000-goal)**


- **3rd: Almost half of England’s doctors source their own PPE [Source]( https://www.theguardian.com/uk-news/2020/may/03/nearly-half-of-british-doctors-forced-to-find-their-own-ppe-new-data-shows)**

- **4th: Testing drops below 100,000 four days in a row**

- **5th: Government scientist Neil Ferguson resigns after breaking lockdown rules [Source]( https://www.telegraph.co.uk/news/2020/05/05/exclusive-government-scientist-neil-ferguson-resigns-breaking/)**

- **6th: PPE purchased from Turkey is described as useless (15 days after arrival) [Source]( https://www.telegraph.co.uk/news/2020/05/06/exclusive-gowns-delayed-ppe-shipment-turkey-impounded-failing/)**

- **8th: PPE purchased from Turkey fails UK safety standards (17 days after arrival). Only part of the 400,000 gowns originally ordered are in the shipment, with 170,000 still in Turkey [Source (Video)]( https://news.sky.com/story/coronavirus-ppe-shipment-flown-in-from-turkey-fails-uk-safety-standards-11984368)**

- **(2) Testing misses 100,000 for the 8th day in a row [Source]( https://www.standard.co.uk/news/uk/coronavirus-tests-100-000-target-missed-eighth-day-a4436566.html)**

- **11th: Healthcare firm advised by Owen Paterson MP wins £133 million testing contract unopposed [Source](https://www.theguardian.com/world/2020/may/11/healthcare-firm-advised-by-owen-paterson-won-133m-coronavirus-testing-contract-unopposed)**

- 12th: Rishi Sunak extends furlough to October despite PM claiming back on 20 March that this would be over in 12 weeks [Source]( https://www.itv.com/news/2020-05-12/furlough-scheme-set-to-be-extended)

- **14th: A third of carehomes report Coronavirus outbreaks, 2 and a half weeks after Matt Hancock says all care home residents and workers will have access to tests  [Source]( https://www.bbc.co.uk/news/uk-england-52623104)**

- **15th: Doctors told not to discuss PPE shortages [Source]( https://www.bbc.co.uk/news/uk-52671814)**

- **19th: Matt Hancock outlines Coronavirus testing which he announced more than 3 weeks earlier [Source]( https://www.bbc.co.uk/news/av/uk-politics-52725547)**

- 20th: (1) PM announces we'll have a ""world beating"" test, track and trace system deployed by June 1st, along with 25,000 trackers. [Source (Video)](https://www.bbc.co.uk/news/av/uk-politics-52745202)

- **(2): Justice Secretary Robert Buckland admits Government chose not to test care homes over the NHS. [Source]( https://www.dailymail.co.uk/news/article-8339625/Robert-Buckland-admits-government-CHOSE-NHS-care-homes.html)**

- **22nd: PM's most senior advisor, Dominic Cummings breaks lockdown rules [Source](https://www.itv.com/news/2020-05-22/dominic-cummings-broke-lockdown-rules-with-264-mile-trip-to-durham)**

- **(2) Private firm running UK PPE stockpile was sold in the middle of the pandemic [Source](https://www.theguardian.com/world/2020/apr/22/revealed-private-firm-running-uk-ppe-stockpile-was-sold-in-middle-of-pandemic)**

- **23rd: Transport Secretary Grant Shapps defends Dominic Cummings[Source (Video)](https://www.theguardian.com/politics/video/2020/may/23/grant-shapps-attempts-to-defend-dominic-cummingss-260-mile-lockdown-trip-video)**

- **24th: Conservative MP Steve Baker calls for Dominic Cummings to resign [Source (Video)](https://www.standard.co.uk/news/uk/steve-baker-boris-johnson-must-sack-dominic-cummings-lockdown-a4449536.html)**

- **25th: (1) Dominic Cummings goes on National TV and declares he did nothing wrong by travelling over 200 miles (coincidentally, it was his wife's birthday the day he did this - who also had symptoms), because he needed to get childcare from his parents who were 260 miles away, despite having relatives living in London a couple of miles away, and that he then drove to test his eye sight...[Source (Video)](https://www.lbc.co.uk/news/uk/dominic-cummings-statement-on-lockdown-breach/)**

- **(2) ...And PM comes out the very same day at the press conference and says his eyesight has worsened since coronavirus, and gets out a pair of glasses (not even kidding). [Source (Video)](https://twitter.com/skynews/status/1264991373327032320?lang=en)**

- 26 May: UK Signs contracts to make billions of PPE locally [Source]( https://uk.finance.yahoo.com/news/coronavirus-government-has-signed-contracts-to-manufacture-billions-of-ppe-in-uk-163234951.html)





EDIT: This has now taken me 2 days to work on, apologies if I haven't address all comments yet. I will get June added into this post (hopefully today) however, due to character limits, I will need to do a second post following on from this - this second post will cover from the end of June up to where we are now.

The main thing for me that's come from doing this is just a complete feeling of absolute disgust to be frank. Not just from politicians, but from journalists and the media. I mean look at the amount of stuff listed already - it shouldn't take a random redditor who's never done this before 2 days of googling and filtering to syphon this stuff and put it into a timeline. And yet, no-one is held accountable.

I'm frankly fucking disgusted at journalists for not holding power to account, so if you're a big wig journo reading this then shame on you. You not only do your industry a disservice, you do your country a disservice.

There is ample evidence of corruption, lies, misinformation and yet... here we are.... and i've not even begun mentioning the reaaaaaaally bad shit yet."
kmoorb,1609281296,2020,unitedkingdom,dissatisfaction,"Hi everyone,

I'm not sure where exactly to post this but seeing as this subreddit is about all things UK I figured this would be appropriate.

As many of us have seen, coronovirus cases are rising are rising dramatically in the UK. I can't imagine the strain this is putting on each and every one of you working in the NHS and care homes etc, and the emotional and mental toll this must take. Though I imagine so many of you are beyond tired and burnt out and this won't change that, please know you're a beacon of hope for so many people and you represent everything I think of when I think of courage: knowing the risk and still doing what you do despite that. 

I've been racking my brains to think of Covid-safe ways we can support you all. Though the average joe cannot help in a medical sense, I really would jump at the opportunity to help out in an emotional way or take any kind of strain off you. I'm a broke student so I don't have much money lying around, but I do have free time. 

So the question I have to you is this: what can we do to help? Some things the average person could do that I could think of include: making food, setting up some kind of call line so volunteers could take calls to help provide even a degree of emotional support/ a place to vent, organising video calls, making the little masks holders so masks don't hurt your ears (I'm sorry, I don't know their name) or arranging batch cooked meals so you don't have to think about cooking when you get home. I don't know what the answers are because I don't know the specific problems that need troubleshooting, I just want to help you guys out. You aren't paid half as much as you deserve, and have worked so hard for so long. 

To everyone in the UK: please, please stay safe everyone as best you can. Look after yourself for the sake of yourself and your loved ones, and we will pull through. To those of you who are thinking about celebrating new years: for the love of God don't meet up, please. Video calls are not as fun, but a lot more fun than losing a loved one. People are working so hard to keep your family and friends safe, don't throw that down the drain.

I'd welcome any suggestions, or plans on how to implement ideas. Thank you in advance."
